entity_id,node_name,types,year,apparie,methode,cited_in,entree_pdf
9b9c6eb4c0914b95a4cd087d1f5517b7,"""The Madhatter""",Reference,,NON,,0,
186fdf0bfb784c47bfe0fc4809bfade6,Aaron van Wirdum,Reference,,NON,,0,
d39ba9cddee04648bc27e75b4e0bc02d,Abdelatif Hafid 2022 — Sharding Blockchain Protocols,AcademicWork|Reference,2022,OUI,first+year,2,"ABDELATIF HAFID, 2022, « Probabilistic Models to Analyze the Security of Sharding -Based Blockchain Protocols », Unpublished, Montréal, 120 p."
47d4119d830e4bf1b83c26e21e5cdcd1,Abeer ElBahrawy,Reference,,NON,,0,
dd9f7883d03e4bc2a49a1f9e18ed8bbd,Abraham 2020 — Prestataires actifs numériques cadre légal,GreyLiterature|Reference,2020,OUI,first+year,2,"ABRAHAM Michelle, 2020, « Les prestataires de services sur actifs numériques : cadre légal », RFComptable, janvier 2020, vol. 20, no 478, p. 3."
95a987bdfba64125a5ece7a20bd513ad,Adrian Chen,Reference,,NON,,0,
8d060dcfd4e54ad48c445af6cadec8e6,AFP 2018 — Bitcoin fait fureur au Japon,GreyLiterature|Reference,2018,OUI,first+year,2,"AFP, 2018, « Le marché du bitcoin fait fureur au Japon », Le Point, 5 janv. 2018."
4568cc431bce437ba36f137dbafbc67e,Aglietta & Cartelier 1998 — Ordre monétaire,AcademicWork|Reference,1998,OUI,first+year,6,"AGLIETTA Michel et CARTELIER Jean, 1998, « Ordre monétaire des économies de marché » dans La monnaie souveraine, s.l., p. 129‑157."
02e004e015cc4982a33168f8d6432cab,Aglietta & Orleans 2002,Reference,2002,OUI,first+year,4,"AGLIETTA Michel et ORLÉAN André, 2002, La monnaie entre violence et confiance, Odile Jacob, Paris, 384 p."
7c1a7e8719354b7e9aec465305888b4e,Aglietta & Orléan 1998 — La monnaie souveraine,AcademicWork|Reference,1998,OUI,first+year,4,"AGLIETTA Michel et ORLÉAN André (dir), 1998, La monnaie souveraine, Odile Jacob, Paris, 398 p."
dfeba626b96846cf988d4020424196d5,Aglietta & Orléan 2002 — Violence et confiance,AcademicWork|Reference,2002,OUI,first+year,4,"AGLIETTA Michel et ORLÉAN André, 2002, La monnaie entre violence et confiance, Odile Jacob, Paris, 384 p."
b8200b7c29ef4db1a0540db4dc4dd7b9,Aglietta & Scialom 2002 — Risques monnaie électronique,AcademicWork|Reference,2002,OUI,first+year,4,"AGLIETTA Michel et SCIALOM Laurence, 2002, « Les risques de la monnaie électronique », L’Économie politique, 2002, vol. 2, no 14, p. 82‑95."
f8cf5fce5ed54a0291b3816d301bb148,Aglietta 1988 — L'ambivalence de l'argent,AcademicWork|Reference,1988,OUI,first+year,3,"AGLIETTA Michel, 1988, « L’ambivalence de l’argent », Revue française d’économie , 1988, vol. 3, no 3, p. 87‑133."
78c9029a9c61594936bd680163cb0f75,Aglietta et Cartelier 1998,Reference,1998,OUI,first+year,5,"AGLIETTA Michel et CARTELIER Jean, 1998, « Ordre monétaire des économies de marché » dans La monnaie souveraine, s.l., p. 129‑157."
3b34cd1c6c37560d071ef4b881420fd8,Aglietta et Orléan 2002,Reference,2002,OUI,first+year,4,"AGLIETTA Michel et ORLÉAN André, 2002, La monnaie entre violence et confiance, Odile Jacob, Paris, 384 p."
7e9c5d90afd24211b0d8ba706bdad15f,Aglietta Ponsot Ould-Ahmed 2014 — Entretien,AcademicWork|Reference,2014,OUI,first+year,1,"AGLIETTA Michel, PONSOT Jean-François et OULD-AHMED Pepita, 2014, « La monnaie, la valeur et la règle - Entretien avec Michel Aglietta », Revue de la régulation, 2014, vol. 16, p. "
d1a9cf840d19b1564cd0157c785cee44,"Aglietta, Ponsot et Ould-Ahmed 2014",Reference,2014,OUI,first+year,1,"AGLIETTA Michel, PONSOT Jean-François et OULD-AHMED Pepita, 2014, « La monnaie, la valeur et la règle - Entretien avec Michel Aglietta », Revue de la régulation, 2014, vol. 16, p. "
be60c5d6b44049e683f476d2b3b497de,Aguiton Cabane Cornilleau 2019 — Politiques de la mise en crise,AcademicWork|Reference,2019,OUI,first+year,4,"AGUITON Sara Angeli, CABANE Lydie et CORNILLEAU Lise, 2019, « Politiques de la « mise en crise » », Critique internationale, 1 décembre 2019, vol. 85, no 4, p. 9‑21."
252a4a27a2eb44da8b19615804d5c857,Ailleurs 2015,Reference,2015,OUI,first+year,2,"AILLEURS, 2015, « Dictateur bénévole », https://bitcoin.fr/dictateur-benevole/ , 31 août 2015, consulté le 6 décembre 2021."
2528eba96a574f2491c28b0ab11b0974,Akrich 1989,Reference,1989,OUI,first+year,8,"AKRICH Madeleine, 1989, « La construction d’un système socio -technique – Esquisse pour une anthropologie des techniques », Anthropologie et Sociétés, 1989, vol. 13, no 2, p. 31‑54"
750fdaa27a5d4030a626673d3110ddf2,Akrich 1989 — Construction d'un système socio-technique,AcademicWork|Reference,1989,OUI,first+year,7,"AKRICH Madeleine, 1989, « La construction d’un système socio -technique – Esquisse pour une anthropologie des techniques », Anthropologie et Sociétés, 1989, vol. 13, no 2, p. 31‑54"
204c323d3ad144c195cd0c0e3c85d0c5,Akrich 2010 — Comment décrire les objets techniques,AcademicWork|Reference,2010,OUI,first+year,6,"AKRICH Madeleine, 2010, « Comment Décrire Les Objets Techniques? », Techniques & Cultures , 2010, vol. 54‑55, no 9, p. 205‑219."
4722e76151654d63a64bf4ef0c209a4e,Alain Maucourant,Reference,,NON,,1,
c33c1251f58f47b3b0762b5054c43834,Alary 2009 — Genèse de la monnaie,AcademicWork|Reference,2009,OUI,first+year,3,"ALARY Pierre, 2009, « La genèse de la monnaie : les théories économiques face aux enseignements de l’anthropologie et de l’histoire », Cahiers d’économie Politique / Papers in Poli"
8d16182a10884bd59e0b3f39c9e4a42a,Alary Blanc Desmedt Théret 2016 — Institutionnalismes monétaires,AcademicWork|Reference,2016,OUI,first+year,1,"ALARY Pierre, BLANC Jérôme, DESMEDT Ludovic et THÉRET Bruno, 2016, « Colloque international : « Institutionnalismes monétaires francophones : (...) - Triangle - UMR 5206 »."
a9881e8b5f8b4724ba5e48a205081413,Ali et al 2013 BoE Digital Currencies,Reference,2013,OUI,first+year,4,"ALI Robleh, BARRDEAR John, CLEWS Roger et SOUTHGATE James, 2013, « The economics of digital currencies », Bank of England Quarterly Bulletin, 2013, vol. Q3, no 1, p. 38‑47."
9d425e7aa3f240f293ef2e4a599b9508,Alisie 2014 — Bitcoin Magazine & Ethereum Foundation Geneva,Reference,2014,OUI,first+year,6,"ALISIE Mihai, 2014, « The ethereum project: learning to dream with open minds », https://blog.ethereum.org/2014/07/14/the-ethereum-project/ , 14 juillet 2014, consulté le 11 octobr"
5060d49425084250939155fab66108ae,Allaire 2013 — Les communs comme infrastructure,AcademicWork|Reference,2013,OUI,first+year,5,"ALLAIRE Gilles, 2013, « Les communs comme infrastructure institutionnelle de l’économie marchande », Revue de la régulation. Capitalisme, institutions, pouvoirs, 12 décembre 2013, "
eefe27284b08444cb1ddc05773972197,Allard 2017 — Bitcoin et exclus du système bancaire,GreyLiterature|Reference,2017,OUI,first+year,2,"ALLARD Laurence, 2017, « Le bitcoin s’adresse aussi aux exclus du système bancaire », https://www.humanite.fr/laurence-allard-le-bitcoin-sadresse-aussi-aux-exclus-du-systeme-bancai"
c9331bbe47b548ae9237c5f31c277b60,Allard 2018 — Cryptomonnaies usages et pratiques,AcademicWork|Reference,2018,OUI,first+year,2,"ALLARD Laurence, 2018, « Cryptomonnaies: usages et pratiques », Science, Travail & Environnement, Revue Progressistes, 11 mai 2018, no 19."
e96a9a6a76704eefb5e16f2db39fe09d,Amabile Peneranda Haller 2018 — Bitcoin et les nouveaux communs numériques,Reference,2018,OUI,first+year,5,"AMABILE Serge, PENERANDA Adrien et HALLER Coralie, 2018, « Management des biens communs de la connaissance : principes de conception et gouvernance de l’action collective », Systèm"
1b9ca92299994ccfb9a52cb3975a3567,Amato 2008 — Ethnométhodologie jeux vidéo,AcademicWork|Reference,2008,OUI,first+year,1,"AMATO Étienne Armand, 2008, « Quelle ethnométhodologie appliquer aux jeux vidéo multijoueurs persistants ? », Sens Public, mars 2008, p. 24."
d1dd82174b304af3a93ea3a86186a661,Ammous 2018 Bitcoin Standard,Reference,2018,OUI,first+year,4,"AMMOUS Saifedean, 2018, The Bitcoin Standard - The Decentralized Alternative to Central Banking », John Wiley & Sons, Inc., Hoboken, New Jersey, 305 p."
e82afd03ea514828a61d96054971f6e0,Andolfatto 2013 — Why gold and bitcoin make lousy money,GreyLiterature|Reference,2013,OUI,first+year,3,"ANDOLFATTO David, 2013, « MacroMania: Why gold and bitcoin make lousy money », https://andolfatto.blogspot.com/2013/04/why-gold-and-bitcoin-make-lousy-money.html , 24 avril 2013, c"
b666ecd130b24eb3be67d61460d5a47e,Andolfatto 2016 — Is Bitcoin a Safe Asset,GreyLiterature|Reference,2016,OUI,first+year,2,"ANDOLFATTO David, 2016, « MacroMania: Is Bitcoin a Safe Asset? », https://andolfatto.blogspot.com/2016/03/is-bitcoin-safe-asset.html , 27 mars 2016, consulté le 19 février 2021."
aff449b29cc249a281a508728901c18f,Andresen 2011,IndigenousLiterature|Reference,2011,OUI,first+year,2,"ANDRESEN Gavin, 2011, « Bitcoin / [bitcoin-list] Bitcoin version 0.3.20.01 released »."
74f9134398d346a4b39be11431bc0baa,Andresen 2011 — Bitcoin v0.3.20.01 released,IndigenousLiterature|Reference,2011,OUI,first+year,6,"ANDRESEN Gavin, 2011, « Bitcoin / [bitcoin-list] Bitcoin version 0.3.20.01 released »."
65b4ab9b69ac4a968d99e39e11ec3774,Andresen 2012 BIP Process,Reference,2012,OUI,first+year,2,"ANDRESEN Gavin, 2012, « Blockchain Rule Update Process », https://gist.github.com/gavinandresen/2355445 , 11 avril 2012, consulté le 11 décembre 2019."
f8fb83d515424bad916e03ff5956d56d,Andresen 2012 — Blockchain Rule Update Process,IndigenousLiterature|Reference,2012,OUI,first+year,1,"ANDRESEN Gavin, 2012, « Blockchain Rule Update Process », https://gist.github.com/gavinandresen/2355445 , 11 avril 2012, consulté le 11 décembre 2019."
f8d9b4f12815491ba6ad9d2caa0387db,Andresen 2016,GreyLiterature|Reference,2016,OUI,first+year,2,"ANDRESEN Gavin, 2016, « One-dollar lulz • Gavin Andresen », http://gavinandresen.ninja/One - Dollar-Lulz , 3 mars 2016, consulté le 8 novembre 2021."
63ed4d1a77544c98a047be919573aafb,Andresen 2016 — One-dollar lulz,IndigenousLiterature|Reference,2016,OUI,first+year,3,"ANDRESEN Gavin, 2016, « One-dollar lulz • Gavin Andresen », http://gavinandresen.ninja/One - Dollar-Lulz , 3 mars 2016, consulté le 8 novembre 2021."
c71a050fe421473cb9640f121919846b,Annie Massa,Reference,,NON,,0,
cbbc7f90349f49c9b6e13bdb26132439,Anonyme 2018 — CVE-2018-17144 reward schedule StackExchange,IndigenousLiterature|Reference,2018,OUI,first+year,2,"ANONYME, 2018, « reward schedule - How does the most recently found critical vulnerability (CVE- 2018-17144) work? »"
9279cf388ccd4e62906f377fc6df6f3f,Ansellinder Btcmrkts 2018 — CVE-2018-17144 analysis,Reference,2018,OUI,first+year,1,"ANSELLINDER et BTCMRKTS, 2018, « Bitcoin History », https://github.com/Bitcoin -and- Markets/resources/wiki/Bitcoin-History , 6 septembre 2018, consulté le 26 janvier 2023."
efc23cf4c63b4a18921efc1b3b9703e7,Antoine Le Calvez,Reference,,NON,,0,
d253190f545f4cdd9548b161201e72eb,Antonopoulos 2013 — Bitcoin Neutrality Conference,IndigenousLiterature|Reference,2013,OUI,first+year,3,"ANTONOPOULOS Andreas, 2013, « Bitcoin Neutrality - Bitcoin 2013 Conference ». https://www.youtube.com/watch?v=EiW4lKrMXQ4, consulté le 16 octobre 2016"
47188834cd6e494a9e98a7b9d24da367,Antonopoulos 2018 — Bitcoin sound money,Reference,2018,OUI,first+year,5,"ANTONOPOULOS Andreas, « Bitcoin Q&A: What is the Appeal of Sound Money? », 2018, https://www.youtube.com/watch?v=tfba4FFErrQ , consulté le 8 juillet 2023."
df887492f61d4ae2bb03d935cfcce178,Antonopoulos 2018 — CVE-2018-17144 Q&A,IndigenousLiterature|Reference,2018,OUI,first+year,1,"ANTONOPOULOS Andreas, « Bitcoin Q&A: CVE -2018-17144 Vulnerability », 2018, https://www.youtube.com/watch?v=5GD0kGT0SU0, consulté le 17 mars 2021."
0db6743ed2b54329b3d5a1bc06de21e0,Apodaca 2015,GreyLiterature|Reference,2015,OUI,first+year,4,"APODACA Rich, 2015, « script - Which release fixed CVE-2010-5141 (attacker can spend any coin) »."
7641dd05d41347b58b2f3732c1448e46,Apodaca 2017 — Bitcoin block size limit history,Reference,2017,OUI,first+year,3,"APODACA Rich, 2017, « An Introduction to Bcoin », Bitzuma, https://bitzuma.com/posts/an - introduction-to-bcoin/, 7 novembre 2017, consulté le 13 octobre 2021."
a7331e33909243efa451591de0dc2890,Arjun Kharpal,Reference,,NON,,0,
1b5d7a273c734210b0b121e57a2de26f,Arvicco 2016a — ETC exchange trading,IndigenousLiterature|Reference,2016,OUI,first+year,1,"ARVICCO, 2016a, « ETC exchange trading and other news », Ethereum Classic , https://ethereumclassic.github.io/blog/2016-07-24-polo-trading/, 24 juillet 2016, consulté le 27 mars 20"
93fa2e758d06412cb39831626cb062db,Arvicco 2016b — ETC new ticker symbol,IndigenousLiterature|Reference,2016,OUI,first+year,1,"ARVICCO, 2016b, « ETC - new Ethereum Classic ticker symbol », Ethereum Classic , https://ethereumclassic.github.io/blog/2016-07-22-etc-ticker/ , 22 juillet 2016, consulté le 27 mar"
62bafe2074254283882c378aeac17e24,Arvicco 2016c — What can I do to help ETC,IndigenousLiterature|Reference,2016,OUI,first+year,1,"ARVICCO, 2016c, « What can I do to help Ethereum Classic project? », Ethereum Classic , https://ethereumclassic.github.io/blog/2016-07-25-call-for-action/, 25 avril 2016, consulté "
f42300a97eb0484082ebad01ab1727d7,Assouan 2018 — Banque de France bitcoin cryptoactifs,GreyLiterature|Reference,2018,OUI,first+year,2,"ASSOUAN Emmanuelle, 2018, « Le point de la Banque de France sur le bitcoin et autres crypto- actifs », https://publications.banque-france.fr/lemergence-du-bitcoin-et-autres-crypto-"
2dc9c4588b0742c88169833739626868,Attaquant 2016 — An Open Letter (DAO hacker statement),IndigenousLiterature|Reference,2016,OUI,first+year,1,"ATTAQUANT AUTO -PROCLAMÉ Anonyme, 2016, « An Open Letter », https://pastebin.com/CcGUBgDG , 18 juin 2016, consulté le 3 juin 2020."
a6b08d316b964eda994c13b7d9c621f1,Atzei Bartoletti Cimoli 2017 DAO,Reference,2017,OUI,first+year,1,"ATZEI Nicola, BARTOLETTI Massimo et CIMOLI Tiziana, 2017, « A Survey of Attacks on Ethereum Smart contracts (SoK) » dans Matteo Maffei et Mark Ryan (dir.), Principles of Security a"
ec901513fae144a0a350e798b0351c6d,Audrey Takkal Bataille,Reference,,NON,,1,
f4bce8c3ea334ce58e52947ddbb904a0,Auryn Macmillan 2016 — DAO crisis and Ethereum Classic,Reference,2016,OUI,first+year,6,"AURYN Macmillan, 2016, « Who or What is DAOhub.org? – DAOhub », https://archive.is/U9Z54 , 16 juin 2016, consulté le 10 mai 2024."
5c29ca6480a54f67a950bf0495caf898,Avenier & Thomas 2011 — Mixer quali et quanti,AcademicWork|Reference,2011,OUI,first+year,4,"AVENIER Marie-josé et THOMAS C., 2011, « Mixer quali et quanti pour quoi faire ? Méthodologie sans épistémologie n’est que ruine de la réflexion ! », Cahier de recherche, 2011, n° "
2d5638fefb314cd6be9d120f091878b9,Awemany 2018 — 600 Microseconds CVE-2018-17144,IndigenousLiterature|Reference,2018,OUI,first+year,4,"AWEMANY, 2018, « 600 Microseconds - A perspective from the Bitcoin Cash and Bitcoin Unlimited developer who discovered CVE -2018–17144 », https://medium.com/@awemany/600 -microseco"
88e0074d8a6c4eff9eba81b249ea602a,Baker 2020 — Zug crypto valley regulation,Reference,2020,OUI,first+year,2,"BAKER Paddy, 2020, « Swiss Canton Zug to Accept Taxes in Bitcoin, Ether From Next Year », https://www.coindesk.com/swiss-canton-zug-accept-taxes-crypto-bitcoin-ether-2021, 3 septem"
ca754ddf56d94f73bab72a7b9aac83b4,Balakrishnan 2020 — Ethereum history,Reference,2020,OUI,first+year,0,"BALAKRISHNAN Ashwath, 2020, « After Second Double Spend Attack, Ethereum Classic’s Future Is in Question », https://cryptobriefing.com/after -second-double-spend-attack-ethereum-cl"
c6af9198de70435a84f5b125e8628c96,Baltazard 1956 — Études sur la peste,Reference,1956,OUI,first+year,2,"BALTAZARD M Maurice, 1956, « Le Franc et son histoire », s.é., s.l, p. 14."
206f2addc41144a8abb84aff060fc00f,Bano et al. 2017,Reference,2017,OUI,first+year,5,"BANO Shehar, ALBERTO Sonnino, AL-BASSAM Mustafa, AZOUVI Sarah, MCCORRY; Patrick, MEIKLEJOHN Sarah et DANEZIS George, 2017, « SoK: Consensus in the Age of Blockchains », https://arx"
30dca2569de464285604c4babb93c7d9,Bano et al. 2017 (Intro),Reference,2017,OUI,first+year,4,"BANO Shehar, ALBERTO Sonnino, AL-BASSAM Mustafa, AZOUVI Sarah, MCCORRY; Patrick, MEIKLEJOHN Sarah et DANEZIS George, 2017, « SoK: Consensus in the Age of Blockchains », https://arx"
a5bcf26d91c04f4593ef7a0776dacb52,Banque de France 2013,Reference,2013,OUI,first+year,3,"BANQUE DE FRANCE, 2013, « Les dangers liés au développement des monnaies virtuelles : l’exemple du bitcoin », Focus, vol. 05/12/2013, no 10."
e7daf0b469ff4a0a9dc9be81ac269477,Barlow 2016 — Declaration of Independence of Cyberspace,IndigenousLiterature|Reference,2016,OUI,first+year,3,"BARLOW John Perry, 2016, « A Declaration of the Independence of Cyberspace », https://www.eff.org/fr/cyberspace-independence, 20 janvier 2016, consulté le 6 mai 2020."
3a5f6962ebb4440283c245a23655a5a6,Baron 2003 — La gouvernance concept polysémique,AcademicWork|Reference,2003,OUI,first+year,4,"BARON Catherine, 2003, « La gouvernance : débats autour d’ un concept polysémique », Droit et société, 2003, vol. 2, n° 54."
9c49d164ca0c46888f6b7f2ab8d5b49c,Barro & Gordon 1983 — Rules discretion and reputation,AcademicWork|Reference,1983,OUI,first+year,2,"BARRO Robert J., & GORDON, David B., 1983. « Rules, discretion and reputation in a model of monetary policy », Journal of Monetary Economics, Elsevier, vol. 12(1), pages 101-121."
ae01bbd26c97490f9d613d92bd4a7081,Barro 1986 — Rules Versus Discretion,AcademicWork|Reference,1986,OUI,first+year,2,"BARRO Robert J., 1986, « Recent Developments in the Theory of Rules Versus Discretion », The Economic Journal, 1986, vol. 96, p. 23‑37."
ae73f326b85f491da28770ac6b6b9bc9,Bartoletti & Pompianu 2017,Reference,2017,OUI,first+year,2,"BARTOLETTI Massimo et POMPIANU Livio, 2017, « An analysis of Bitcoin OP RETURN metadata », arXiv preprint arXiv:1702.01024., 2017."
b4b693b0021941cfbfc70e4f4afe3c5b,Bartoletti et Pompianu 2017,AcademicWork|Reference,2017,OUI,first+year,2,"BARTOLETTI Massimo et POMPIANU Livio, 2017, « An analysis of Bitcoin OP RETURN metadata », arXiv preprint arXiv:1702.01024., 2017."
896f386e155e4b77b108d4ecdeb375af,BCE 2012 — Virtual Currency Schemes,Reference,2012,OUI,first+year,1,"EUROPEAN CENTRAL BANK, 2012, Virtual Currency Scheme, s.l."
443e78b5d45a42ea93a283e6571912b0,BCE 2012b — Virtual Currency Schemes (original report),Reference,2012,OUI,first+year,3,"EUROPEAN CENTRAL BANK, 2012, Virtual Currency Scheme, s.l."
6197ae54ffc647c8a745daff547aebd1,Bercy Infos 2020 — Crypto-actifs comment s'y retrouver,GreyLiterature|Reference,2020,OUI,first+year,2,"BERCY INFOS, 2020, « Crypto-monnaies, crypto-actifs... Comment s’y retrouver ? », https://www.economie.gouv.fr/particuliers/cryptomonnaies-cryptoactifs, 4 décembre 2020, consulté l"
ffef0b73382d4670bdf83e9aae4c24e6,Berry 2012 — Ethnographie sur Internet,AcademicWork|Reference,2012,OUI,first+year,2,"BERRY Vincent, 2012, « Ethnographie sur Internet : rendre compte du « virtuel  » , Les Sciences de l’éducation - Pour l’Ère nouvelle, 2012, vol. 45, no 4, p. 35."
154e47beee654756a38fcc0d7c8aba2b,Bezbakh 2019 — Inflation et désinflation,AcademicWork|Reference,2019,OUI,first+year,2,"BEZBAKH Pierre, 2019, Inflation et désinflation, Paris, La Découverte (coll. « Repères »), vol.7e éd., 128 p."
58bad1bd625d4ff4928204acc3705e6e,Bier 2021a,AcademicWork|Reference,2021,OUI,first+year,1,"BIER Jonathan, 2021a, « The Blocksize War – Chapter 16 – Litecoin » dans The Blocksize War: The battle over who controls Bitcoin’s protocol rules, s.l., s.é., 227 p."
4304b6cc4a5540a5957f98aea18c2792,Bier 2021b — Blocksize War Ch.3 Scaling I Montreal,AcademicWork|Reference,2021,OUI,first+year,3,"BIER Jonathan, 2021b, « The Blocksize War – Chapter 3 – Scaling I – Montreal » dans The Blocksize War: The battle over who controls Bitcoin’s protocol rules, s.l., s.é., 227 p."
e8798f2d51f74a519e8b5c7a55d7c8f6,Bier 2021c — Blocksize War Ch.8 Hong Kong Roundtable,AcademicWork|Reference,2021,OUI,first+year,2,"BIER Jonathan, 2021c, « The Blocksize War – Chapter 8 – Hong Kong Roundtable » dans The Blocksize War: The battle over who controls Bitcoin’s protocol rules, s.l., s.é., 227 p.."
7bfdc2d35c024d118b936ae6b45dc973,Bier 2021d,AcademicWork|Reference,2021,OUI,first+year,2,"BIER Jonathan, 2021d, « The Blocksize War – Chapter 2 – March To War » dans The Blocksize War: The battle over who controls Bitcoin’s protocol rules, s.l., s.é., 227 p."
7ee2037b78e14507b44f8caa68251619,Bier 2021e — Blocksize War Ch.4 Scaling II Hong Kong,AcademicWork|Reference,2021,OUI,first+year,2,"BIER Jonathan, 2021e, « The Blocksize War – Chapter 4 – Scaling II – Hong Kong » dans The Blocksize War: The battle over who controls Bitcoin’s protocol rules, s.l., s.é., 227 p."
e9b77ef3c0cc4f659881702b3bd36bac,Bier 2021f — Blocksize War Ch.18 New York Agreement,AcademicWork|Reference,2021,OUI,first+year,2,"BIER Jonathan, 2021f, « The Blocksize War – Chapter 18 – New York Agreement » dans The Blocksize War: The battle over who controls Bitcoin’s protocol rules, s.l., s.é., 227 p."
5aab53cf651f4bf2a4910c8841673b02,Binance 2017 — Whitepaper Binance Token,Reference,2017,NON,,1,
34c4361eb0a64d6197d36d61639226e3,BIS 2018 CM Rapport,Reference,2018,OUI,attr+year,1,"BANK OF INTERNATIONAL SETTLEMENTS, 2018, V. « Cryptocurrencies: looking beyond the hype », https://www.bis.org/publ/arpdf/ar2018e5.pdf, consulté le 24 juin 2019."
04dc22580b534a8db11a66902477c04d,Bit2Me Academy — Martti Malmi (Sirius) Bitcoin developer,Reference,,NON,,2,
0674683036bd4c088920dba8207c1111,Bit2Me Academy — Wladimir van der Laan Bitcoin Core maintainer,Reference,,NON,,5,
2c773020f5214d0aab99737d494ef2c8,Bitcoin Core 2014 — version 0.9.0 released,IndigenousLiterature|Reference,2014,OUI,first+year,2,"BITCOIN CORE, 2014, « Bitcoin Core version 0.9.0 released », https://bitcoin.org/en/release/v0.9.0#downgrading-warnings , 19 mars 2014, consulté le 2 juin 2023."
3d0cbcef5e434da1adc012942e302113,Bitcoin Core 2018 Rapport divulgation,Reference,2018,OUI,first+year,2,"BITCOIN CORE, 2018a, « CVE-2018-17144 Full Disclosure », https://bitcoincore.org/en/2018/09/20/notice/, 20 septembre 2018, consulté le 20 septembre 2019."
dd3e2896aaa6408a84dded4e2922471e,Bitcoin Core 2018a — CVE-2018-17144 Full Disclosure,IndigenousLiterature|Reference,2018,OUI,first+year,5,"BITCOIN CORE, 2018a, « CVE-2018-17144 Full Disclosure », https://bitcoincore.org/en/2018/09/20/notice/, 20 septembre 2018, consulté le 20 septembre 2019."
a22db16b88124625a0514a2f6ea0545b,Bitcoin Core 2018b — CONTRIBUTING to Bitcoin Core,IndigenousLiterature|Reference,2018,OUI,first+year,5,"BITCOIN CORE, 2018b, « CONTRIBUTING to Bitcoin Core », https://github.com/chaintope/tapyrus- core/blob/master/CONTRIBUTING.md, 2018, consulté le 24 septembre 2024."
2657595f89414142abf89fef823260b5,Bitcoin Foundation 2013 — About,IndigenousLiterature|Reference,2013,OUI,first+year,6,"BITCOIN FONDATION, 2013, « Bitcoin Foundation: About », https://web.archive.org/web/20130702232207/https://bitcoinfoundation.org/about/ , 2 juillet 2013, consulté le 6 août 2020."
bc7f490962eb4ef0a437207bd6b56905,Bitcoin Foundation 2014 — The Foundation's Vision,IndigenousLiterature|Reference,2014,OUI,first+year,6,"BITCOIN FONDATION, 2014, « The Foundation’s Vision », The Bitcoin Foundation , https://web.archive.org/web/20141017203338/https://bitcoinfoundation.org/the-foundations-vision/, 17 "
bdf82981f0e04ef89342441756cec46d,Bitcoin Optech 2018 — CVE-2018-17144 disclosure,Reference,2018,OUI,first+year,5,"BITCOIN OPTECH, 2018, « Bitcoin Optech Newsletter #13 »."
523e604d47794db3b9fe69c29e634fc4,Bitcoin Optech 2021 — Soft fork activation methods in Bitcoin,Reference,2021,OUI,manual,5,"OPTECH Bitcoin, 2021, « Soft Fork activation », https://bitcoinops.org/en/topics/soft-Fork-activation/, 2021, consulté le 14 décembre 2021."
6676b18c0b8d460fb64fd293574fdefc,Bitcoin Wiki — Common Vulnerabilities and Exposures history,Reference,,OUI,manual,5,"BITCOIN WIKI, « Common Vulnerabilities and Exposures », https://en.bitcoin.it/wiki/Common_Vulnerabilities_and_Exposures, consulté le 22 février 2024."
2a3ce24a4e5a446e9b3801915344f49f,Bitcoin.fr — Histoire de Bitcoin,Reference,,OUI,manual,2,"BITCOIN.FR, « Les grandes dates de Bitcoin », https://bitcoin.fr/histoire/, consulté le 22 avril 2020."
02ecb7bc25414f3391f3c67145607241,Bitmex Research 2017 DAO Hard Fork,Reference,2017,OUI,first+year,2,"BITMEX RESEARCH, 2017b, « Revisiting “The DAO” », BitMEX Blog , https://blog.bitmex.com/revisiting-the-dao/ , 22 novembre 2017, consulté le 27 mars 2019."
67fb1ee45c044b9b8ceb44519f69f122,Bitmex Research 2017a — History Bitcoin Consensus Forks,GreyLiterature|Reference,2017,OUI,first+year,5,"BITMEX RESEARCH, 2017a, « A complete history of Bitcoin’s consensus Forks », BitMEX Blog , https://blog.bitmex.com/bitcoins-consensus-Forks/ , 28 décembre 2017, consulté le 10 déce"
a42a1798e79d47b7a9e3a02921b24cf7,Bitmex Research 2017b — Revisiting The DAO,GreyLiterature|Reference,2017,OUI,first+year,5,"BITMEX RESEARCH, 2017b, « Revisiting “The DAO” », BitMEX Blog , https://blog.bitmex.com/revisiting-the-dao/ , 22 novembre 2017, consulté le 27 mars 2019."
f6f684376ae1449189b28f097a07fc6f,Bitmex Research 2018 Implementations,Reference,2018,OUI,first+year,2,"BITMEX RESEARCH, 2018, « Competing with Bitcoin Core », BitMEX Blog , https://blog.bitmex.com/bitcoin-cores-competition/ , 15 octobre 2018, consulté le 17 octobre 2019."
3ed56967e0d24141a3fe023d6dfe5a01,BitMEX Research 2018b — Ripple story,GreyLiterature|Reference,2018,OUI,first+year,2,"BITMEX RESEARCH, 2018b, « The Ripple story », BitMEX Blog, https://blog.bitmex.com/the-ripple- story/ , 6 février 2018, consulté le 24 septembre 2020."
308a84881f5646149829a280121952b5,BitMEX Research 2020b,GreyLiterature|Reference,2020,OUI,first+year,1,"BITMEX RESEARCH, 2020b, « Growth In The Level Of Precision Of Bitcoin Spending », BitMEX Blog, https://blog.bitmex.com/bitcoin -transaction-output-value-precision/ , 27 janvier 202"
20c955b4d08b43238954a2ddc14020d6,BitMEXResearch 2022,GreyLiterature|Reference,2022,OUI,first+year,3,"BITMEXRESEARCH, 2022, « The OP_Return Wars of 2014 - Dapps Vs Bitcoin Transactions », https://blog.bitmex.com/dapps-or-only-bitcoin-transactions-the-2014-debate/ , 12 juillet 2022,"
9131cfdb8b884b59a0ad14fc1d7ed92b,BitMEXResearch 2022 — The OP_Return Wars,Reference,2022,OUI,first+year,3,"BITMEXRESEARCH, 2022, « The OP_Return Wars of 2014 - Dapps Vs Bitcoin Transactions », https://blog.bitmex.com/dapps-or-only-bitcoin-transactions-the-2014-debate/ , 12 juillet 2022,"
c6cda6d8c3b14482b6051e1703c5e756,Blanc & Fare 2013 — Role of Governments Community Currencies,AcademicWork|Reference,2013,OUI,first+year,1,"BLANC Jérôme et FARE Marie, 2013, « Understanding the Role of Governments and Administrations in the Implementation of Community and Complementary Currencies », Annals of Public an"
923a78235ac1409288edfbcd7a3409a1,Blanc & Fare 2017 — La monnaie éclairages institutionnalistes,AcademicWork|Reference,2017,OUI,first+year,2,"BLANC Jérôme et FARE Marie, 2017, « La monnaie, éclairages et débats institutionnalistes », Économie et Institutions, 31 décembre 2017, no 26."
7094b28621af4595939c08525b718f39,Blanc 1998 Monnaies paralleles,Reference,1998,OUI,first+year,7,"BLANC Jérôme, 1998a, « Les monnaies parallèles. Approches historiques et théoriques », Université Lumière - Lyon II, 1998. French., s.l."
c1ac22eb78bd1c844d95c0c13b2f57b7,Blanc 1998a,Reference,1998,OUI,first+year,1,"BLANC Jérôme, 1998a, « Les monnaies parallèles. Approches historiques et théoriques », Université Lumière - Lyon II, 1998. French., s.l."
a906b88366234d5d97901ee6cb3673d2,Blanc 1998a — Les monnaies parallèles approches historiques,AcademicWork|Reference,1998,OUI,first+year,3,"BLANC Jérôme, 1998a, « Les monnaies parallèles. Approches historiques et théoriques », Université Lumière - Lyon II, 1998. French., s.l."
96bdb9f6cad746f28ff711462c46d8b0,Blanc 1998b — Les monnaies parallèles évaluation,AcademicWork|Reference,1998,OUI,first+year,3,"BLANC Jérôme, 1998b, « Les monnaies parallèles : évaluation du phénomène et enjeux théoriques », Revue d’économie financière, 1998, AEF, p. 81-102."
621555b126f4496c94f5ea08a904603e,Blanc 2008 — Usages de l'argent pratiques monétaires,AcademicWork|Reference,2008,OUI,first+year,2,"BLANC Jérôme, 2008, « Usages de l’argent et pratiques monétaires », halshs-00278345, 2008, p. 30."
38ffe3510ae04ff09cef5676920e4dc5,Blanc 2009 IMF,Reference,2009,OUI,first+year,6,"BLANC Jérôme, 2009a, « Contraintes et choix organisationnels dans les dispositifs de monnaies sociales », Annales de l’économie publique, sociale et cooperative, 2009, 80:4, p. 547"
4df197e434614e35879f37a0c40d6679,Blanc 2009a — Monnaies sociales contraintes organisationnelles,AcademicWork|Reference,2009,OUI,first+year,3,"BLANC Jérôme, 2009a, « Contraintes et choix organisationnels dans les dispositifs de monnaies sociales », Annales de l’économie publique, sociale et cooperative, 2009, 80:4, p. 547"
47d023c1e1b343b2b311162d19f9c365,Blanc 2009b — Usages de l'argent (Traité sociologie),AcademicWork|Reference,2009,OUI,first+year,2,"BLANC Jérôme, 2009b, « Usages de l’argent et pratiques monétaire » dans Presses Universitaires de France (ed.), Traité de sociologie économique (sous la direction de P. Steiner et "
56dc412f484748a8a5dab8f7a0bfa9c8,Bohme et al 2015 Bitcoin Economics,Reference,2015,OUI,first+year,6,"BÖHME Rainer, CHRISTIN Nicolas, EDELMAN Benjamin et MOORE Tyler, 2015, « Bitcoin: Economics, Technology, and Governance », Journal of Economic Perspectives, 2015, vol. 29, no 2, p."
b1e56c595625472bbd61740c7549cb4d,Bollier 2007 — The Growth of the Commons Paradigm,AcademicWork|Reference,2007,OUI,first+year,2,"BOLLIER David, 2007, « The Growth of the Commons Paradigm » dans Understanding knowledge as a commons: From theory to practice, s.l."
762e6813527d4880b74075d23740679a,Bonneau et al. 2015,AcademicWork|Reference,2015,OUI,first+year,4,"BONNEAU Joseph, MILLER Andrew, CLARK Jeremy, NARAYANAN Arvind, KROLL Joshua A, FELTEN Edward W et FOUNDATION Electronic Frontier, 2015, « SoK : Research Perspectives and Challenges"
85ea3fbf6756411088682089319f9a25,Bonneau et al. 2015 — SoK Bitcoin Cryptocurrencies,AcademicWork|Reference,2015,OUI,first+year,4,"BONNEAU Joseph, MILLER Andrew, CLARK Jeremy, NARAYANAN Arvind, KROLL Joshua A, FELTEN Edward W et FOUNDATION Electronic Frontier, 2015, « SoK : Research Perspectives and Challenges"
9ec05e6390f2465c96df8c0dcff5d1d0,Bounie & Lavoisier 2003 — La monnaie électronique,AcademicWork|Reference,2003,OUI,first+year,1,"BOUNIE David et LAVOISIER Soriano, 2003, La monnaie électronique, Ed. Lavoisier, n°1/2003, vol. 4."
e842404ac62041138262f6fb317485f8,Bounie 2001 — Incidences bancaires paiement électronique,AcademicWork|Reference,2001,OUI,first+year,2,"BOUNIE David, 2001, « Quelques incidences bancaires et monétaires des systèmes de paiement électronique », Revue économique, 2001, vol. 52, no 7, p. 313."
1fd79ed6648e43538068fa4540bc12b7,Bowker 1996 Infrastructure Inversion,Reference,1996,OUI,first+year,7,"BOWKER Geoffrey C, 1996, « The history of information infrastructures: The case of the international classification of diseases », Information Processing & Management, janvier 1996"
f420ad44b02844fa853e4035b9ad224e,Bowker 1996 — History of Information Infrastructures,AcademicWork|Reference,1996,OUI,first+year,6,"BOWKER Geoffrey C, 1996, « The history of information infrastructures: The case of the international classification of diseases », Information Processing & Management, janvier 1996"
6a5e27f616b143dbb797376acca129cf,Bradbury 2013,GreyLiterature|Reference,2013,NON,,1,
13392028e0914028989b1b58efe04c03,Bradbury 2014,GreyLiterature|Reference,2014,OUI,first+year,2,"BRADBURY Danny, 2014, « Bitcoin Transaction Fees To Be Slashed Tenfold », https://www.coindesk.com/markets/2014/02/28/bitcoin-transaction-fees-to-be-slashed-tenfold/, 28 février 20"
d672ddb50e8346f8be770f2fe60dbf46,Breed 2020,GreyLiterature|Reference,2020,OUI,first+year,2,"BREED Cathy, 2020, « Why Work in Blockchain? — Journey from C++ to Rust Developer », https://medium.com/centrality/why-work-in-blockchain-journey-from-c-to-rust-developer-eddbc9ccd"
d55f89936d9a4709af8104450ff9a174,Brito & Castillo 2013 — Bitcoin: A Primer for Policymakers,Reference,2013,OUI,first+year,2,"BRITO B Y Jerry et CASTILLO Andrea, 2013, « Bitcoin A Primer for Policymakers », Mercatus Center at George Mason University, 2013."
7dd91d459a3396b0205fdb0f1cf0064d,Brito et Castillo 2013,Reference,2013,OUI,first+year,1,"BRITO B Y Jerry et CASTILLO Andrea, 2013, « Bitcoin A Primer for Policymakers », Mercatus Center at George Mason University, 2013."
f1e2f6d827e44a99a4079f3dd0339ff3,Broadbent 2016 — Central banks and digital currencies (Bank of England),Reference,2016,OUI,first+year,2,"BROADBENT Ben, 2016, « Central banks and digital currencies », Bank of England, 2016, March, p. 1‑14."
0e96ccb67e8e4b5ba0f2c9af8d3276bd,Brokaw 2014,GreyLiterature|Reference,2014,OUI,first+year,1,"BROKAW Alex, 2014, « The People Who Burn Bitcoins », Editor’s Pick, Minyanville’s Wall Street, https://web.archive.org/web/20140429075927/http://www.minyanville.com/business-news/e"
7cab4b2ab227f56dfae0524e137a0247,Bruno Latour,Reference,,NON,,1,
bbb4322e84fa47449ca135c535a24f8d,Buterin & Schoedon 2017 — EIP-649: Metropolis difficulty bomb delay and block reward reduction,Reference,2017,OUI,first+year,3,"BUTERIN Vitalik et SCHOEDON Afri, 2017, « EIP-649: Metropolis Difficulty Bomb Delay and Block Reward Reduction », https://eips.ethereum.org/EIPS/eip-649, 21 juin 2017, consulté le "
12c586ca60d94526a01963a1252861cf,Buterin 2013 Ethereum Whitepaper,Reference,2013,OUI,first+year,4,"BUTERIN Vitalik, 2013a, « Ethereum: The Ultimate Smart Contract and Decentralized Application Platform », http://web.archive.org/web/20131228111141/http://vbuterin.com/ethereum.htm"
7be95456e6fd4fee9f0595e3aff2bf25,Buterin 2013a,GreyLiterature|Reference,2013,OUI,first+year,1,"BUTERIN Vitalik, 2013a, « Ethereum: The Ultimate Smart Contract and Decentralized Application Platform », http://web.archive.org/web/20131228111141/http://vbuterin.com/ethereum.htm"
876698e2a15d4e6da5912cb1c391e08b,Buterin 2013b,GreyLiterature|Reference,2013,OUI,first+year,1,"BUTERIN Vitalik, 2013b, « Mastercoin: A Second-Generation Protocol on the Bitcoin Blockchain », https://bitcoinmagazine.com/technical/mastercoin-a-second-generation-protocol-on-the"
da969e43bf3346daa39a9a1aa4982cb9,Buterin 2013b — Mastercoin: A Second-Generation Protocol,Reference,2013,OUI,first+year,1,"BUTERIN Vitalik, 2013b, « Mastercoin: A Second-Generation Protocol on the Bitcoin Blockchain », https://bitcoinmagazine.com/technical/mastercoin-a-second-generation-protocol-on-the"
31a81419d5414f378aa59f43eb4e2bc9,Buterin 2013c,GreyLiterature|Reference,2013,OUI,first+year,1,"BUTERIN Vitalik, 2013c, « The Bitcoin Gambling Diaspora », https://bitcoinmagazine.com/articles/the-bitcoin-gambling-diaspora-1375548799 , 3 août 2013, consulté le 5 août 2020."
50f03e74739b46fd88a4b6e55faa4a3e,Buterin 2013c — Bootstrapping a decentralized autonomous corporation (gambling diaspora),Reference,2013,OUI,first+year,1,"BUTERIN Vitalik, 2013c, « The Bitcoin Gambling Diaspora », https://bitcoinmagazine.com/articles/the-bitcoin-gambling-diaspora-1375548799 , 3 août 2013, consulté le 5 août 2020."
3ceaf75ad5dc44f8baa0813b954cb5eb,Buterin 2013e,GreyLiterature|Reference,2013,OUI,first+year,1,"BUTERIN Vitalik, 2013e, « Dagger: A Memory-Hard to Compute, Memory -Easy to Verify Scrypt Alternative », http://www.hashcash.org/papers/dagger.html, consulté le 10 septembre 2020."
4412476da42c48028bcd9f57ef1a3962,Buterin 2013e — Dagger: A memory-hard proof of work algorithm,Reference,2013,OUI,first+year,5,"BUTERIN Vitalik, 2013e, « Dagger: A Memory-Hard to Compute, Memory -Easy to Verify Scrypt Alternative », http://www.hashcash.org/papers/dagger.html, consulté le 10 septembre 2020."
7eddccc7c82f4c0e8bd3ffe44ea2cdba,Buterin 2014a — On Bitcoin maximalism,Reference,2014,OUI,first+year,2,"BUTERIN Vitalik, 2014a, « On Bitcoin Maximalism, and Currency and Platform Network Effects », https://blog.ethereum.org/2014/11/20/bitcoin-maximalism-currency-platform-network-effe"
e0bf1abb28504d62a90e523bc447eaa1,Buterin 2014b — Ether sale: a statistical overview,Reference,2014,OUI,first+year,2,"BUTERIN Vitalik, 2014b, « Ether Sale: A Statistical Overview », https://blog.ethereum.org/2014/08/08/ether-sale-a-statistical-overview/, 8 août 2014, consulté le 8 octobre 2020."
ff023e8f0a854bf08aadec5c914c211a,Buterin 2014c — Launching the Ether Sale,Reference,2014,OUI,first+year,2,"BUTERIN Vitalik, 2014c, « Launching the Ether Sale », https://blog.ethereum.org/2014/07/22/launching-the-ether-sale/ , 22 juillet 2014, consulté le 8 octobre 2020."
dfbafe59d07545f9a9a73ba105a6ea49,Buterin 2014d — On 12-second block time,Reference,2014,OUI,first+year,1,"BUTERIN Vitalik, 2014d, « Toward a 12 -second Block Time », https://blog.ethereum.org/2014/07/11/toward-a-12-second-block-time/ , 11 juillet 2014, consulté le 11 octobre 2020."
55a4054b4c96477682c453b2d38aa45d,Buterin 2014e — On stake,Reference,2014,OUI,first+year,1,"BUTERIN Vitalik, 2014e, « On Stake », https://blog.ethereum.org/2014/07/05/stake/, 5 juillet 2014, consulté le 11 octobre 2020."
5ff8597f03f742179632e97991a6efad,Buterin 2014f — On mining,Reference,2014,OUI,first+year,1,"BUTERIN Vitalik, 2014f, « On Mining », https://blog.ethereum.org/2014/06/19/mining/, 19 juin 2014, consulté le 11 octobre 2020."
f29acd635e1c44ba86a784105abe2c7c,Buterin 2014g — Pyethereum and serpent development update,Reference,2014,OUI,first+year,2,"BUTERIN Vitalik, 2014g, « Pyethereum and Serpent Programming Guide », https://blog.ethereum.org/2014/04/10/pyethereum-and-serpent-programming-guide/, 10 avril 2014, consulté le 11 "
a0181a4e07534f3793c2d5773fb7077b,Buterin 2014h — Scripting,Reference,2014,OUI,first+year,1,"BUTERIN Vitalik, 2014h, « More Thoughts on Scripting and Future -Compatibility », https://blog.ethereum.org/2014/02/05/more-thoughts-on-scripting-and-future-compatibility/, 5 févri"
c074a54900984f96a73f01d6c6d33acf,Buterin 2014i — Ethereum script 2.0,Reference,2014,OUI,first+year,5,"BUTERIN Vitalik, 2014i, « Introducing Ethereum Script 2.0 », https://blog.ethereum.org/2014/02/03/introducing-ethereum-script-2-0/, 3 février 2014, consulté le 11 octobre 2020."
48d2ab7cbf774115b1f1de56e8e418d9,Buterin 2014j — A next-generation smart contract and decentralized application platform,Reference,2014,OUI,first+year,1,"BUTERIN Vitalik, 2014j, « Ethereum: A Next -Generation Cryptocurrency and Decentralized Application Platform », bitcoinmagazine.com, 24 janvier 2014."
280036a113783d4eaaa0e4bb481c808c,Buterin 2014j — On altcoins limits,Reference,2014,OUI,first+year,1,"BUTERIN Vitalik, 2014j, « Ethereum: A Next -Generation Cryptocurrency and Decentralized Application Platform », bitcoinmagazine.com, 24 janvier 2014."
7af17d3e8f224a3e8b2159ef13e46ee7,Buterin 2016a — Uncle rate and transaction fee analysis,Reference,2016,OUI,first+year,2,"BUTERIN Vitalik, 2016a, « Uncle Rate and Transaction Fee Analysis », https://blog.ethereum.org/2016/10/31/uncle-rate-transaction-fee-analysis/, 31 octobre 2016, consulté le 23 octo"
0a0e8b0c7e0a44c5a0e1be1f90392b21,Buterin 2016b — Hard fork completed,Reference,2016,OUI,first+year,3,"BUTERIN Vitalik, 2016b, « Hard Fork Completed », https://blog.ethereum.org/2016/07/20/hard-Fork- completed/ , 20 juillet 2016, consulté le 27 mars 2019."
af869b76e26c496f81c3508475048291,Buterin 2016c — The DAO hard fork announcement,Reference,2016,OUI,first+year,3,"BUTERIN Vitalik, 2016c, « Signature looks shad… »; www.reddit.com/r/ethereum/comments/4oo1io/an_open_letter_from_the_hacker/d4e7bv3/. consulté le 24 mars 2023."
2740b57921144c47ab4ee078689231b1,Buterin 2016d — Thinking about smart contract security (TheDAO),Reference,2016,OUI,first+year,3,"BUTERIN Vitalik, 2016d, « Is anyone in the pro… », www.reddit.com/r/ethereum/comments/4oi2ta/i_think_thedao_is_getting_drained_right_now/d4csoa8/, consulté le 24 mars 2023."
554cd78576d04983afe7947d501daeb8,Buterin 2016e — CRITICAL UPDATE Re: DAO Vulnerability,Reference,2016,OUI,first+year,3,"BUTERIN Vitalik, 2016e, « Critical update re: DAO vulnerability », https://blog.ethereum.org/2016/06/17/critical-update-re-dao-vulnerability/, 17 juin 2016, consulté le 17 juin 201"
408d4400953346c08611431a66d88eb6,"Buterin 2016f — Ether denominations (finney, szabo)",Reference,2016,OUI,first+year,3,"BUTERIN Vitalik, 2016f, « history - The Ether denominations are called Finney, Szabo, and Wei. What/who are these named after? », https://ethereum.stackexchange.com/questions/253/t"
c0f588f7fb3747ea9c964a94661d0027,Buterin 2017,GreyLiterature|Reference,2017,OUI,first+year,4,"BUTERIN Vitalik, 2017a, « The very earliest versions of ETH protocol were a counterparty -style metacoin on top of primecoin. Not Bitcoin because the OP_RETURN wars were happening "
7dc37a6c9b0b4116a2a01becfc45d7d1,Buterin 2017a — On settlement finality (OP_RETURN),Reference,2017,OUI,first+year,1,"BUTERIN Vitalik, 2017a, « The very earliest versions of ETH protocol were a counterparty -style metacoin on top of primecoin. Not Bitcoin because the OP_RETURN wars were happening "
9bb3a42b1516409087bb4f9b2bb2fca1,Buterin 2017b — Ethereum prehistory,Reference,2017,OUI,first+year,5,"BUTERIN Vitalik, 2017b, « A Prehistory of the Ethereum Protocol », https://vitalik.ca/general/2017/09/14/prehistory.html , 14 septembre 2017, consulté le 7 octobre 2020."
324d47e71a6d47f1929569cd4f910134,Buterin 2017c — Hard forks soft forks defaults and coercion,Reference,2017,OUI,first+year,1,"BUTERIN Vitalik, 2017c, « Hard Forks, Soft Forks, Defaults and Coercion », https://vitalik.ca/general/2017/03/14/Forks_and_markets.html , 14 mars 2017, consulté le 29 mars 2022."
8c8be89b4f654a2290c4888273d061ad,Bué 2010 — L'enquête de terrain en milieu politique,Reference,2010,OUI,first+year,2,"BUÉ Nicolas, 2010, « Gérer les relations d’enquête en terrains imbriqués: Risque d’enclicage et distances aux enquêtés dans une recherche sur une coalition partisane locale », Revu"
5c2cf7a5479d42bcaa2a9e3ee326ddf4,Böhme et al. 2015 — Bitcoin Economics Technology Governance,AcademicWork|Reference,2015,OUI,first+year,3,"BÖHME Rainer, CHRISTIN Nicolas, EDELMAN Benjamin et MOORE Tyler, 2015, « Bitcoin: Economics, Technology, and Governance », Journal of Economic Perspectives, 2015, vol. 29, no 2, p."
030117094d7c40deb5dea2f95e04c203,Böhme et al. 2020 — Responsible vulnerability disclosure,AcademicWork|Reference,2020,OUI,first+year,3,"BÖHME Rainer, ECKEY Lisa, MOORE Tyler, NARULA Neha, RUFFING Tim et ZOHAR Aviv, 2020, « Responsible vulnerability disclosure in cryptocurrencies », Communications of the ACM , 23 se"
64d68c3185654a3aa4477aaa46065146,Callon 1986 Traduction,Reference,1986,OUI,first+year,2,"CALLON Michel, 1986, « Éléments pour une sociologie de la traduction : La domestication des coquilles Saint-Jacques et des marins-pêcheurs dans la baie de Saint-Brieuc », L’année s"
6ed9d8a5bb4c4cf98d75874169ddaf31,Callon 2006 Controverses,Reference,2006,OUI,first+year,9,"CALLON Michel, 2006, « Pour une sociologie des controverses technologiques » dans Madeleine Akrich, Michel Callon et Bruno Latour (dir.), Sociologie de la traduction, s.l., Presses"
025560bf238a4017a3cfa8c26ff476d0,Campbell Rebecca 2016 — Robin Hood Group protects DAO funds,Reference,2016,OUI,first+year,1,"CAMPBELL By Rebecca, 2016, « Robin Hood Counter Attack : DAO Is Empty , 7 Mln Ether Secured », 22 juin 2016, vol. 977, p. 2‑5."
6764629f79164965926d3b12df278d39,Carney 2019 — Growing Challenges for Monetary Policy,GreyLiterature|Reference,2019,OUI,first+year,2,"CARNEY Mark, 2019, « The Growing Challenges for Monetary Policy in the current International Monetary and Financial System », discours donné par Mark Carney , Governor de la Bank o"
cfb6d8a2f167400689733957044394ae,Carré 2014 — source citée dans la thèse,Reference,2014,OUI,first+year,2,"CARRÉ Emmanuel, 2014, « Une histoire du ciblage de l’inflation : science des théoriciens ou arts des banquiers centraux ? », Cahiers d’économie Politique, 1 juin 2014, n° 66, no 1,"
a1c097925afd4bd074ea2448f2e7e9e8,Cartelier 1996 (Intro),Reference,1996,OUI,first+year,4,"CARTELIER Jean, 1996, La monnaie, Dominos. Flammarion, Paris, 125 p."
a881071200dc48c19fdc5d3af054a7d5,Cartelier 1996 La monnaie,Reference,1996,OUI,first+year,6,"CARTELIER Jean, 1996, La monnaie, Dominos. Flammarion, Paris, 125 p."
2165a0e1e59e479098a71d3b4213a0ae,Cartelier 1996 — La monnaie,AcademicWork|Reference,1996,OUI,first+year,5,"CARTELIER Jean, 1996, La monnaie, Dominos. Flammarion, Paris, 125 p."
0abc7476946d4dbdbd9d4bca209cc889,Cartelier 2001 — Monnaie et marché,AcademicWork|Reference,2001,OUI,first+year,3,"CARTELIER Jean, 2001, « Monnaie et marché: Un point de vue critique sur les modèles de prospection », Revue Économique, vol. 52, n° 5, sept. 2001, p. 993‑1011."
735ad05fd0654bbaa9eca5d65cd118e1,Cartelier 2002 — Monnaie ou don,AcademicWork|Reference,2002,OUI,first+year,1,"CARTELIER Jean, 2002, « Monnaie ou don : réflexions sur le mythe économique de la monnaie », Journal des anthropologues, vol. 90-91, p. 335-374."
d6de716eb06b405880f4cee46e05a210,Carter & Hasufly 2018 — Visions of Bitcoin: How major bitcoin narratives changed over time,Reference,2018,OUI,first+year,6,"CARTER Nic et HASUFLY, 2018, « Visions of Bitcoin », https://medium.com/@nic__carter/visions-of- bitcoin-4b7b7cbcd24c, 2 août 2018, consulté le 22 novembre 2021."
8b6e064be8a74e7f9f8fa474db85dc12,Carter 2020 — Bitcoin at all-time highs,Reference,2020,OUI,first+year,6,"CARTER Nic, 2020, « Nine Bitcoin Charts Already at All -Time Highs », https://medium.com/@nic__carter/nine-bitcoin-charts-already-at-all-time-highs-78abbfe82804 , 17 novembre 2020,"
81049b3899914142a40dd283772766c4,Castillo 2013,GreyLiterature|Reference,2013,OUI,first+year,4,"CASTILLO Michael del, 2013, « Dark Wallet: A Radical Way to Bitcoin », https://www.newyorker.com/business/currency/dark-wallet-a-radical-way-to-bitcoin, 24 septembre 2013, consulté"
7a1b6b2b158f4dde997f66379fc73e89,Castillo 2013 — Dark Wallet and Amir Taaki anarchist Bitcoin,Reference,2013,OUI,first+year,4,"CASTILLO Michael del, 2013, « Dark Wallet: A Radical Way to Bitcoin », https://www.newyorker.com/business/currency/dark-wallet-a-radical-way-to-bitcoin, 24 septembre 2013, consulté"
1d67f231781449b88ac27ebf14e1a4da,Castillo 2016 — Hacker steals $50 million from The DAO,Reference,2016,OUI,first+year,5,"CASTILLO Michael del, 2016, « The DAO: Or How A Leaderless Ethereum Project Raised $50 Million », https://www.coindesk.com/the-dao-just-raised-50-million-but-what-is-it, 12 mai 201"
e1d6e90081e54f05abb559e04fc60c4b,Castor 2017 — A brief history of Bitcoin's journey to cryptography (MIT Technology Review),Reference,2017,OUI,first+year,8,"CASTOR Amy, 2017, « In Santa Barbara, An Annual Event Brings Together Those Closest To Bitcoin’s Roots », https://www.forbes.com/sites/amycastor/2017/08/30/in-santa-barbara-an-annu"
3219f8784d754aedb612e5bec517a2aa,Cefai 2009 — Codifier l'engagement ethnographique,AcademicWork|Reference,2009,OUI,first+year,1,"CEFAI Daniel, 2009, « Codifier l’engagement ethnographique ? », L’Engagement ethnographique , Paris, Éditions des Hautes Études en Sciences Sociales, 2009, p. 1‑27."
d65fa64fcebf45b6a94a2b0999593692,Chainalysis 2018 — Crypto Crime Report,Reference,2018,OUI,first+year,1,"CHAINALYSIS TEAM, 2018, « Bitcoin’s $30 billion sell -off », https://blog.chainalysis.com/reports/money-supply, 8 juin 2018, consulté le 3 août 2020."
4d7b274614da498086d15ac503030802,Chainalysis 2020 — Crypto Crime Report,Reference,2020,OUI,first+year,1,"CHAINALYSIS TEAM, 2020, « 60% of Bitcoin is Held Long Term as Digital Gold. What About the Rest? », https://blog.chainalysis.com/reports/bitcoin-market-data-exchanges-trading , 18 "
0e225413a3db45f3934676e31efc9798,Chainalysis Team 2019,GreyLiterature|Reference,2019,OUI,first+year,1,"CHAINALYSIS TEAM, 2019, « Chainalysis Crypto Crime Report (2019) », https://go.chainalysis.com/rs/503-FAP- 074/images/2019%20Chainalysis%20Crypto%20Crime%20Report.pdf, janvier 2019"
2e155d6cc3874a62b20de72700e34b27,Chainalysis Team 2019 — Crypto Crime Report,Reference,2019,OUI,first+year,0,"CHAINALYSIS TEAM, 2019, « Chainalysis Crypto Crime Report (2019) », https://go.chainalysis.com/rs/503-FAP- 074/images/2019%20Chainalysis%20Crypto%20Crime%20Report.pdf, janvier 2019"
42b5d61f8b814235ab41901c076635f7,Champagne 2014 Book of Satoshi,Reference,2014,OUI,first+year,10,"CHAMPAGNE Phil, 2014, The Book Of Satoshi - The Collected Writings of Bitcoin Creator Satoshi Nakamoto, s.l., e53 Publishing LLC."
d33481e85d3243a08cabfe2cddeedff2,Chanteau & Labrousse 2013 — Institutionnalisme méthodologique Ostrom,AcademicWork|Reference,2013,OUI,first+year,5,"CHANTEAU Jean-Pierre et LABROUSSE Agnès, 2013, « L’institutionnalisme méthodologique d’Elinor Ostrom : quelques enjeux et controverses », Revue de la régulation, 12 décembre 2013, "
56a5637b89824d03ae71313e69249fbf,Chanut 2019 — Bitcoin et les précurseurs cryptographiques,Reference,2019,OUI,first+year,6,"CHANUT Guillaume, 2019, « La programmation avec Bitcoin : Les courbes elliptiques », https://cryptoast.fr/programmation-bitcoin-courbes-elliptiques/, 11 novembre 2019, consulté le "
6c31f72f6f6d4fca9f9512a7d66b7551,Charli Lee 2011,Reference,2011,OUI,attr+year,1,"LEE Charli, 2011, « Lite Coin White Paper », 7 octobre 2011, 6 p."
8640b516c787428b9dd87ac173176e3e,Chaum 1982 — Blind Signatures for Untraceable Payments,AcademicWork|Reference,1982,OUI,first+year,3,"CHAUM David, 1982, « Blind Signatures for Untraceable Payments », Crypto, 1982, vol. 82, p. 199‑203."
67b9428e0daa430aa618c7730274fb66,Chaum 1985 — Security without Identification,AcademicWork|Reference,1985,OUI,first+year,3,"CHAUM David, 1985, « Security without Identification Card Computers to make Big Brother Obsolete », Communications of the ACM, vol 28, n° 10, p. 1030-1044."
d2c006f8f528491b9c3fb64f996fa607,Chaum 1994 — World's first electronic cash payment,IndigenousLiterature|Reference,1994,OUI,first+year,2,"CHAUM David, 1994, « 05-27-94 - World_s first electronic cash payment over computer networks », https://www.chaum.com/ecash/articles/1994/05-27-94%20- %20World_s%20first%20electron"
0eb3e354c767442f9cfad6071a35af03,Chaum 1996 — DigiCash eCash Deutsche Bank,IndigenousLiterature|Reference,1996,OUI,first+year,2,"CHAUM David, 1996, « 05-07-96 – DigiCash_s Ecash TM to be Issued by Deutsche Bank », https://www.chaum.com/ecash/articles/1996/05-07-96%20- %20DigiCash_s%20Ecash%E2%84%A2%20to%20be"
58317a7d5f1c4e87a20d44dd0852545b,Chavance 2011 — Introduction à l'économie institutionnelle (préface de Polanyi),Reference,2011,OUI,first+year,2,"CHAVANCE Bernard, 2011, « Karl Polanyi, l’économie et la société » dans La Subsistance de l’homme. La place de l’économie dans l’histoire et la société, Flammarion., Paris, (coll. "
72ad349cc28c4760a46521d685fca284,Chen 2011,GreyLiterature|Reference,2011,OUI,first+year,0,"CHEN Adrian, 2011, « The Underground Website Where You Can Buy Any Drug Imaginable », http://gawker.com/the-underground-website-where-you-can-buy-any-drug-imag-30818160, 6 janvier "
331e3bf36c9e4b618a50df70d0f87c43,Chiang 2017 — source citée dans la thèse,Reference,2017,OUI,first+year,2,"CHIANG Christine, 2017, « Alternative Implementation Bcoin Mines First Block », https://btcmanager.com/alternative-implementation-bcoin-mines-its-first-block/, 14 mars 2017, consul"
cda4b063d94b411b913b81c4a4c35b57,Chohan 2017 — The DAO: concept and history,Reference,2017,OUI,first+year,5,"CHOHAN Usman W., 2017, The Decentralized Autonomous Organization and Governance Issues , Rochester, NY, Social Science Research Network."
9e5fedf5dc2947db899b6bf622c16db9,Christin 2013 — Traveling the Silk Road,AcademicWork|Reference,2013,OUI,first+year,2,"CHRISTIN Nicolas, 2013, « Traveling the silk road: a measurement analysis of a large anonymous online marketplace », Rio de Janeiro Brazil, ACM."
bec0b6b26cb44424abbd499b86ebc87a,Christine Desan,Reference,,NON,,0,
e13afe3d5b0f4d8fb7bafed85e23fc63,CJUE 2015 — Arrêt C-264/14 Bitcoin exonération TVA,Reference,2015,OUI,first+year,5,"COURS DE JUSTICE DE L’UNION EUROPÉENNE, 2015, « ARRÊT DE LA COUR (cinquième chambre) 22 octobre 2015 ; Renvoi préjudiciel – Système commun de taxe sur la valeur ajoutée (TVA) – Dir"
bacd5d21dba2411593870b0b327a1d8a,CNET News 1997 — CyberCash electronic payment history,Reference,1997,OUI,first+year,1,"CNET NEWS, 1997, « CyberCash, First Virtual lose big », https://www.cnet.com/news/cybercash- first-virtual-lose-big/, 31 janvier 1997, consulté le 20 août 2020."
b8686137916e4a11b1655e3edc8d85ee,Cohen 1998 — The Geography of Money,AcademicWork|Reference,1998,OUI,first+year,4,"COHEN Benjamin J., 1998, The Geography of Money, Ithaca, Cornell University Press, 229 p."
411ff4df32994128bb93fc522fa8c2b2,Cohen 2002 — Monnaie électronique aube trompeuse,AcademicWork|Reference,2002,OUI,first+year,2,"COHEN Benjamin J., 2002, « Monnaie électronique : un jour nouveau ou une aube trompeuse  ? », L’Économie politique, 2002, vol. 14, no 2, p. 67."
dce21d76b18f43509017a322d58f386a,Coldewey 2014,GreyLiterature|Reference,2014,OUI,first+year,2,"COLDEWEY David, 2014, « Dogecoin cryptocurrency donors help send Indian athletes to Sochi », http://www.nbcnews.com/tech/tech-news/dogecoin-cryptocurrency-donors-help-send-indian-a"
c7144d11c6354753a204fec8ffc3ad17,Colomé 2022 — Critique des cryptomonnaies (Stolfi),Reference,2022,OUI,first+year,3,"COLOMÉ Jordi Pérez, 2022, « Jorge Stolfi: ‘Technologically, bitcoin and blockchain technology is garbage », https://english.elpais.com/science-tech/2022-07-07/jorge-stolfi-technolo"
ca35284aba0d4cde93fdb23d8e978c0b,Commission enrichissement langue française 2017 — Vocabulaire de l'informatique (cryptomonnaie),Reference,2017,OUI,first+year,2,"COMMISSION D’ENRICHISSEMENT DE LA LANGUE FRANÇAISE , 2017, Vocabulaire de l’informatique (liste de termes, expressions et définitions adoptés); NOR : CTNR1713838K; Liste du 23 -5-2"
20b7b765879f4ebf8919e69b040ff489,Coppola 2018 — The Bitcoin double-spend that never was,Reference,2018,OUI,first+year,5,"COPPOLA Frances, 2018, « The Bitcoin Standard - a critical review », https://www.coppolacomment.com/2018/04/the-bitcoin-standard-critical-review.html, 11 avril 2018, consulté le 3 "
74290febdb754d19aeee686c1a9a1b95,Coriat & Broca 2015 — Le logiciel libre et les communs,AcademicWork|Reference,2015,OUI,first+year,5,"CORIAT Benjamin et BROCA Sébastien, 2015, « Le logiciel libre et les communs », Revue internationale de droit économique, 2015, XXIX, no 3, p. 265‑284."
5abc57fb86bd4d16a10651f8520e7795,Coriat 2010 — Crise idéologie propriétaire retour des communs,AcademicWork|Reference,2010,OUI,first+year,3,"CORIAT Benjamin, 2010, « La crise de l’idéologie propriétaire et le retour des communs », Contretemps, 27 mai 2010, p. 13."
5a99dfabdeb9427ba01dbf5ca679eefe,Costea 2019 — Ethereum governance and the DAO hard fork,Reference,2019,OUI,first+year,5,"COSTEA Vlad, 2019, « Guix Makes Bitcoin Core Development More Trustless », https://bitcoinmagazine.com/technical/guix-makes-bitcoin-core-development-trustless, 14 août 2019, consul"
11a4ed5ee90b44818d99cc9061389ebf,Couppey-Soubeyran 2021,Reference,2021,OUI,first+year,1,"COUPPEY-SOUBEYRAN Jézabel, 2021, « La monnaie légale est -elle le bien public qu’elle prétend être ? » , Le Monde, 4 déc. 2021."
153bbb0f47fbf97608e54e1cd58de30d,"Courbis, Froment et Servet 1990",Reference,1990,OUI,first+year,1,"COURBIS Bernard, FROMENT Éric et SERVET Jean-Michel, 1990, « A propos du concept de monnaie », Cahiers d’économie politique, 1990, vol. 18, no 1, p. 5‑29."
45c0928353f0454aa78b03afbd3de62d,Coutrot & Rebérioux 2005 — Gouvernance d'entreprise et démocratie,Reference,2005,OUI,first+year,3,"COUTROT Thomas et REBÉRIOUX Antoine, 2005, « Gouvernance d’entreprise : quels pouvoirs pour quelles finalites ? », Note élaborée dans le cadre du groupe de travail du Conseil scien"
34cb8370fc3542efb7688273a0ad9d67,Creatis 2017 — Bitcoin et protocole de consensus,Reference,2017,OUI,first+year,5,"CREATIS Claire Mouton, 2017, « Etat de l’Art des Forges Logicielles », 2017, p. 1‑45."
ce26299c018d4676a5d00a91188d5d47,Croman et al. 2016,AcademicWork|Reference,2016,NON,,2,
b08b773c454e425f97bbe28485dea869,Cryptoast 2022 — Origine du terme HODL,Reference,2022,OUI,first+year,2,"CRYPTOAST, 2022, « « HODL » – Un signe de ralliement de la communauté Bitcoin (BTC) », https://cryptoast.fr/hodl-signe-ralliement-communaute-bitcoin-btc/, 27 juin 2022, consulté le"
d3104cd7a46c4b20babb7b1faa8df697,Cuen 2020 — Bitcoin origin story and Hal Finney,Reference,2020,OUI,first+year,6,"CUEN Leigh, 2020, « Cypherpunk Myths and Bitcoin in Real Life with Udi Wetheimer », https://www.coindesk.com/cypherpunk-myths-and-bitcoin-in-real-life, 14 mars 2020, consulté le 19"
05ad44df186a4cfabf1d29fbba4f8233,Cuny 2013,GreyLiterature|Reference,2013,NON,,2,
369d7cbf518d405e8d97c9a0e6b38fe4,Cvllr 2018 — Bitcoin value overflow incident history,Reference,2018,OUI,first+year,6,"CVLLR Jean, 2018, « The Value Overflow Incident in the Bitcoin Blockchain — 15th August, 2010 », https://medium.com/@jeancvllr/the-value-overflow-incident-in-the-bitcoin-blockchain"
79ef1b651f6d48b59b3e2cabc61ca19c,D'Lola 2020 — Namecoin and decentralized DNS history,Reference,2020,NON,,1,
9e885649ad6e4b53bdd7ec9161236f2d,Daian 2016 — Analysis of the DAO exploit,IndigenousLiterature|Reference,2016,OUI,first+year,6,"DAIAN Phil, 2016, « Analysis of the DAO exploit », http://hackingdistributed.com/2016/06/18/analysis-of-the-dao-exploit/, 18 juin 2016 , consulté le 21 juin 2016."
fedbae493a9d45f692dcbef761690682,Danny Bradbury,Reference,,NON,,0,
05338358f9d7485dbef4110be604c4f8,Danzeis et Meiklejohn 2015,AcademicWork|Reference,2015,NON,,3,
73d4d84cf8d741259972a561742dbb3a,DAOHub 2016 — The DAO project overview,Reference,2016,OUI,first+year,5,"DAOHUB, 2016, « DAOhub Verification of 0xbb9bc244d798123fde783fcc1c72d3bb8c189413 », https://blog.daohub.org/daohub-verification-of-0xbb9bc244d798123fde783fcc1c72d3bb8c189413- d755"
008659c674db4c8b91a0e6372fbf684f,Dashjr 2014a,IndigenousLiterature|Reference,2014,OUI,first+year,1,"DASHJR Luke, 2014a, « [ANN][XCP] Counterparty - Pioneering Peer -to-Peer Finance - Official Thread 1/2 », https://bitcointalk.org/index.php?topic=395761.msg5816503#msg5816503, 21 m"
9c099cc93b3f4241930669bf1a939b2b,Dashjr 2014b,IndigenousLiterature|Reference,2014,OUI,first+year,1,"DASHJR Luke, 2014b, « [ANN][XCP] Counterparty - Pioneering Peer -to-Peer Finance - Official Thread », https://bitcointalk.org/index.php?topic=395761.msg5817170#msg5817170, 21 mars "
45c4a10053e84274966342ca3ecb5f12,Dashjr 2019 CVE History,Reference,2019,OUI,first+year,4,"DASHJR Luke, 2019, « CVE-2018–20587 Advisory and Full Disclosure (Bitcoin Core & Knots, on multiuser systems) », https://medium.com/@lukedashjr/cve-2018-20587-advisory-and-full-dis"
713a81a48e5143068ff221c6eec9c138,Dashjr 2019 — CVE-2018-20587 Advisory,IndigenousLiterature|Reference,2019,OUI,first+year,3,"DASHJR Luke, 2019, « CVE-2018–20587 Advisory and Full Disclosure (Bitcoin Core & Knots, on multiuser systems) », https://medium.com/@lukedashjr/cve-2018-20587-advisory-and-full-dis"
be56089c62d34df08bd15f366454ab9e,David Gilbert 2014,GreyLiterature|Reference,2014,OUI,attr+year,1,"GILBERT David, 2014, « \’Most Valuable Tweet in History\’ Donates $11,000 Worth of Dogecoin to Kenyan Water Charity », https://www.ibtimes.co.uk/most-valuable-tweet-history-donates"
806288e640364375dc33d96befa5037a,David Yermack,Reference,,NON,,1,
4ccbb429d08f4fa4b396413129c8933b,De Boyer des Roches & Rosales 2003 — Règle versus discrétion en politique monétaire,Reference,2003,OUI,manual,2,"BOYER DES ROCHES Jérôme; DE et ROSALES Ricardo Solis, 2003, « Les approches classiques du prêteur en dernier ressort : de baring à hawtrey », Cahiers d’économie Politique., 2003, p"
5f599a1fd9eb23ccf1dae9d84c3cd76b,De Boyer des Roches et Rosales,Reference,,NON,,1,
ceabad5e9c0e4c36b74925272eff2df7,De Filippi & Loveluck 2016 — Invisible politics of Bitcoin,AcademicWork|Reference,2016,OUI,first+year,5,"DE FILIPPI Primavera et LOVELUCK Benjamin, 2016, « The invisible politics of Bitcoin: governance crisis of a decentralised infrastructure », Internet Policy Review, 2016, vol. 5, n"
0b7bd88ab7580b4513c4ff0df722a1eb,De Filippi 2013,Reference,2013,OUI,first+year,1,"DE FILIPPI Primavera, 2013, « Bitcoin: a regulatory nightmare to a libertarian dream », Internet Policy Review, 2013, vol. 3, no 2, p. 43."
5febe6121fed4c84aaf300065976a755,De Filippi 2013 — Bitcoin: a regulatory nightmare to a libertarian dream,Reference,2013,OUI,first+year,2,"DE FILIPPI Primavera, 2013, « Bitcoin: a regulatory nightmare to a libertarian dream », Internet Policy Review, 2013, vol. 3, no 2, p. 43."
6cf3e50b5a65ce3ac4e3e1ba4b1d784e,De Filippi et Loveluck 2016 (Intro),Reference,2016,OUI,first+year,1,"DE FILIPPI Primavera et LOVELUCK Benjamin, 2016, « The invisible politics of Bitcoin: governance crisis of a decentralised infrastructure », Internet Policy Review, 2016, vol. 5, n"
d66c71ecbe704ee3ad1f4c89d315c09b,De Tychey 2016 — Ethereum et gouvernance décentralisée (France),Reference,2016,OUI,first+year,5,"DE TYCHEY Jérome, 2016, « DAO Kézako - Comprendre l’Organisation Autonome Décentralisée », https://www.ethereum-france.com/blog/dao-kezako-comprendre-lorganisation-autonome-decentr"
3eb8ae6ca8af41e3af338081cfa206e9,De Vauplane 2018 — Bitcoin et la dimension religieuse de la monnaie,Reference,2018,OUI,manual,5,"VAUPLANE Hubert DE, 2018, « Bitcoin : Fantasme -ou-croyance », Revue Banque , janvier 2018, no 815‑816, p. 2."
0efcc9f445a441d491e63f8eb2e66379,Decrypt 2020 — Why Bitcoin's supply is limited to 21 million,Reference,2020,OUI,first+year,5,"DECRYPT, 2020, « What will happen to Bitcoin after all 21 million are mined? », https://medium.com/@decryptmedia/what-will-happen-to-bitcoin-after-all-21-million-are-mined- 7a5e320"
0e1b15a0c0384dc59b546907c1940b0e,Demirgüç-Kunt & Detragiache 1998 — The determinants of banking crises in developing countries,Reference,1998,NON,,1,
e0b40d91bb424defaa9acf37536f339e,DeNardis & Musiani 2014 — Governance by Infrastructure,AcademicWork|Reference,2014,OUI,first+year,1,"DENARDIS Laura et MUSIANI Francesca, 2014, « Governance by Infrastructure: Introduction, “The Turn to Infrastructure in Internet Governance” » dans The turn to Infrastructure in In"
2272e5b8d44449d29f7429c2f59b5615,DeNardis et Musiani 2014,AcademicWork|Reference,2014,OUI,first+year,4,"DENARDIS Laura et MUSIANI Francesca, 2014, « Governance by Infrastructure: Introduction, “The Turn to Infrastructure in Internet Governance” » dans The turn to Infrastructure in In"
f501714be9294730bf50314c8c7be328,Denis 2020 — La maintenance et la réparation des infrastructures numériques,Reference,2020,OUI,first+year,2,"DENIS David J., 2020, « Why do maintenance and repair matter? » dans Ignacio Farias, Celia Roberts et Anders Blok (dir.), The Routledge companion to actor -network theory, London ;"
d431826321574decb98c8a8e525c843b,"Department of Treasury FinCEN 2013 — Application of FinCEN's Regulations to Persons Administering, Exchanging, or Using Virtual Currencies",Reference,2013,OUI,first+year,1,"DEPARTMENT OF THE TREASURY Financial Crimes Enforcement Network, 2013, « Guidance Issued: Application of FinCEN’ s Regulations to Persons Administering , Exchanging , or Using Virt"
c48394dabdf7493d83ca68e1fe9b90d4,Dequech 2013 — Is money a convention and/or a creature of the state?,Reference,2013,OUI,first+year,4,"DEQUECH David, 2013, « Is money a convention and/or a creature of the state? the convention of acceptability, the state, contracts, and taxes », Journal of Post Keynesian Economics"
963424abd41040d7ae850eb7a3b43996,Dermody 2014,Reference,2014,OUI,first+year,1,"DERMODY, 2014, « Counterparty: Enabling Decentralization with Insight - Bitcore Blog », https://web.archive.org/web/20140428153357/https://bitcore.io/blog/articles/counterparty-ena"
d80bed080db94483870db5f6fe1ebf88,Desmedt & Lakomski-Laguerre 2015 — Alternative monétaire Bitcoin,AcademicWork|Reference,2015,OUI,first+year,3,"DESMEDT Ludovic et LAKOMSKI-LAGUERRE Odile, 2015, « L’alternative monétaire Bitcoin : une perspective institutionnaliste », Revue de la régulation, 2015, 18 | 2e se."
e67b76cd5c27409fb8741d77dcb2ca70,Desmedt & Piégay 2007 — Monnaie et économie institutionnaliste,Reference,2007,OUI,first+year,5,"DESMEDT Ludovic et PIÉGAY Pierre, 2007, « Monnaie, État et Production : apports et limites de l’approche néo-chartaliste », Cahiers d Économie Politique, 2007, vol. 52, no 1, p. 11"
458f2205963eb70d776d08e70310cd09,Desmedt et Lakomski-Laguerre,Reference,,NON,,1,
47b8d7b7a80506dd7a7f0ae8db1d59c8,Dodd 2017 (Intro),Reference,2017,OUI,first+year,5,"DODD Nigel, 2017, « The Social Life of Bitcoin », Theory, Culture & Society, 2017, p. 1‑27."
a03d6533107d41568be5a09f65e91cdf,Dodd 2017 Social Life Bitcoin,Reference,2017,OUI,first+year,7,"DODD Nigel, 2017, « The Social Life of Bitcoin », Theory, Culture & Society, 2017, p. 1‑27."
cde365fffc0140b2ae04ed6fd46b22d5,Dodd 2017 — The Social Life of Bitcoin,AcademicWork|Reference,2017,OUI,first+year,7,"DODD Nigel, 2017, « The Social Life of Bitcoin », Theory, Culture & Society, 2017, p. 1‑27."
f3cc9480c8c84870890482bbc3293504,Dodgson et al. 2015 — Bitcoin: rethinking research approaches,Reference,2015,OUI,first+year,6,"DODGSON Mark, GANN David, WLADAWSKY-BERGER Irving, SULTAN Naveed et GEORGE Gerard, 2015, « Managing Digital Money », Academy of Management Journal, avril 2015, vol. 58, no 2, p. 32"
df31f00b59814e428182ce450f65391d,Doepke & Schneider 2017 Money Fintech,Reference,2017,OUI,first+year,2,"DOEPKE Matthias et SCHNEIDER Martin, 2017, « Money as a Unit of Account », Econometrica, 2017, vol. 85, no 5, p. 1537‑1574."
3246bf2cec9e45b18d9799ba6c64c9fe,Dréan 2013,GreyLiterature|Reference,2013,OUI,first+year,2,"DRÉAN Gérard, 2013, « Au-delà de Bitcoin (5) : l’avenir des monnaies et systèmes de paiement », Institut Turgot , https://web.archive.org/web/20130814004002/http://blog.turgot.org/"
6faba3b72d5440a58657c6030d135891,Duclos 2014 — L'ethnographe et ses doubles: réflexions sur le terrain,Reference,2014,OUI,first+year,1,"DUCLOS Mélanie, 2014, « Que la relation d’enquête soit aussi d’amitié », ¿ Interrogations ?, juin 2014, Implication et réflexivité, no 18, p. 11."
3e7f6ed5893f4eeb80bd0576124ce3e1,Ducrée 2022 — Satoshi Nakamoto's Bitcoin: A Revolutionary Idea,Reference,2022,OUI,first+year,7,"DUCRÉE Jens, 2022, Satoshi Nakamoto and the Origins of Bitcoin -- Narratio in Nomine, Datis et Numeris, s.l."
645bd74b42a6498b821dcbc21360fb96,Dufferzafar 2019 — CVE-2018-17144 technical details,Reference,2019,OUI,first+year,1,"DUFFERZAFAR, 2019, « Answer to “What is the exact « longest chain » rule implemented in the Ethereum « Homestead » protocol?” », https://ethereum.stackexchange.com/questions/13378/"
e479217680d4438aa57a2bcf32eed463,Duffield 2014,Reference,2014,OUI,first+year,2,"DUFFIELD Evan, 2014, « The Birth Of Darkcoin », https://www.dash.org/forum/threads/the-birth-of- darkcoin.162/ , 29 mars 2014, consulté le 3 septembre 2020."
3c0a1be1d88e47d99ced08f361455689,Dufy & Weber 2007 — L'ethnographie économique,Reference,2007,OUI,first+year,3,"DUFY Caroline et WEBER Florence, 2007, L’ethnographie économique, La découverte, Paris, 122 p."
3199c26556b344fd9261cfd10fbb4e12,DuPont 2018 DAO Experiment,Reference,2018,OUI,first+year,6,"DUPONT Quinn, 2018, « 8. Experiments in algorithmic governance: A history and ethnography of “The DAO,” a failed decentralized autonomous organization » dans Campbell-Verduyn (dir."
4137356deade4efa9949582b186af808,Dupont 2018 — DAO Experiments in algorithmic governance,AcademicWork|Reference,2018,OUI,first+year,4,"DUPONT Quinn, 2018, « 8. Experiments in algorithmic governance: A history and ethnography of “The DAO,” a failed decentralized autonomous organization » dans Campbell-Verduyn (dir."
2ae296ad78454a1097b22ec7d5a3db06,Dupont 2021 — Towards an ethical framework for cryptocurrency governance,Reference,2021,OUI,first+year,1,"DUPONT Quinn, 2021, « Guiding Principles for Ethical Cryptocurrency, Blockchain, and DLT Research », Cryptoeconomic Systems, 5 avril 2021, vol. 0, no 1."
38639c7e3bc04be98f694db7680027e8,Dupre Ponsot Servet 2015,Reference,2015,OUI,first+year,1,"DUPRÉ Denis, PONSOT Jean-François et SERVET Jean-Michel, 2015, « Le bitcoin contre la révolution des communs », 5ème congrès de l’Association Française d’Economie Politique (AFEP) "
1716ed6bcad44771ad22101e932b843f,Dupré Ponsot Servet 2015 — Bitcoin contre la révolution des communs,AcademicWork|Reference,2015,OUI,first+year,3,"DUPRÉ Denis, PONSOT Jean-François et SERVET Jean-Michel, 2015, « Le bitcoin contre la révolution des communs », 5ème congrès de l’Association Française d’Economie Politique (AFEP) "
67f3f453063feb8a51665d0f6da926b6,"Dupré, Ponsot et Servet 2015",Reference,2015,OUI,first+year,4,"DUPRÉ Denis, PONSOT Jean-François et SERVET Jean-Michel, 2015, « Le bitcoin contre la révolution des communs », 5ème congrès de l’Association Française d’Economie Politique (AFEP) "
6981af036b58c4f0fe0379fc702e0933,Dwork & Noar 1992,AcademicWork,1992,NON,,1,
12bb7a0afbec411b96acdbe7bb1ee7e5,ECB 2015a — Virtual currency schemes: a further analysis,Reference,2015,OUI,first+year,1,"EUROPEAN CENTRAL BANK, 2015a, Monetary analysis , https://www.ecb.europa.eu/mopo/strategy/monan/html/index.en.html, 25 juin 2015, consulté le 28 janvier 2021."
a7e6fceb379d4f23a3a4f1578d6a11ad,ECB 2015b — Virtual currency schemes definition and risks,Reference,2015,OUI,first+year,1,"EUROPEAN CENTRAL BANK, 2015b, Virtual Currency Schemes - A Further analysis, Février 2015, s.l., 34 p."
c14637f57d5a423894cbd35856129302,Edwards et al. 2009,Reference,2009,OUI,first+year,7,"EDWARDS Paul, BOWKER Geoffrey, JACKSON Steven et WILLIAMS Robin, 2009, « Introduction: An Agenda for Infrastructure Studies », Journal of the Association for Information Systems, m"
2c3733bad1fc480ebfc9aff5d72fb6dc,Edwards et al. 2009 — Agenda for Infrastructure Studies,AcademicWork|Reference,2009,OUI,first+year,7,"EDWARDS Paul, BOWKER Geoffrey, JACKSON Steven et WILLIAMS Robin, 2009, « Introduction: An Agenda for Infrastructure Studies », Journal of the Association for Information Systems, m"
4ac55149263c48fc961d42d709ffb40d,Ehnts 2019 — Modern Monetary Theory and European macroeconomics,Reference,2019,OUI,first+year,2,"EHNTS Dirk H, 2019, « Knapp’s “State Theory of Money” and its reception in German academic discourse », Working Paper , no 115/2019, 2019 , (coll. « Hochschule für Wirtschaft und R"
0441f46f712d41489f63260e8f97be85,ElBahrawy et al. 2017,AcademicWork|Reference,2017,OUI,first+year,5,"ELBAHRAWY Abeer, ALESSANDRETTI Laura, KANDLER Anne, PASTOR-SATORRAS Romualdo et BARONCHELLI Andrea, 2017, « Evolutionary dynamics of the cryptocurrency market », Royal Society Open"
4cf3a9fb4cc2490f95e1fdde015f90e9,Electrum 2011 — Electrum Bitcoin wallet launch,Reference,2011,OUI,first+year,5,"ELECTRUM WEBSITE , 2011, « Electrum - lightweight Bitcoin client », https://web.archive.org/web/20111109214519/http://ecdsa.org/electrum, 9 novembre 2011, consulté le 3 mai 2023."
cc5602b211d84f22a9e642ac598a4ec6,Ellyatt et al. 2018 — Bitcoin CVE-2018-17144 media coverage,Reference,2018,OUI,first+year,6,"ELLYATT Arjun Kharpal Holly et SHILLER Robert, 2018, « Bitcoin could be here for 100 years but it’s more likely to “totally collapse,” Nobel laureate says », https://www.cnbc.com/2"
3a06841689ec4bebac553b2b7fc974b5,Emmanuel Macron,Reference,,NON,,0,
a1ed183d4aca45e1b6b523b629154b08,Equobleu 2018 — Bitcoin governance analysis,Reference,2018,OUI,first+year,5,"EQUOBLEU, 2018, « CVE-2018-17144 Bitcoin... That was close. », https://www.whitehacklabs.com/cve-2018-17144-bitcoin-that-was-close/, 27 septembre 2018, consulté le 23 septembre 201"
259eed974a034bc286b713f08b6acbb6,Esteves 2018 — Pigeoncoin and CVE-2018-17144 exploit,Reference,2018,OUI,first+year,2,"ESTEVES Ricardo, 2018, « Pigeoncoin (PGN) Hacked Due to Bitcoin Protocol Bug, Copycat Coins in Danger? », NEWSBTC, 2018."
144d0cb97ace4d729d080510b48c7c81,Estrada 2014,GreyLiterature|Reference,2014,NON,,2,
58187d64fb594e2a97c8504801d6be62,Ethereum Foundation 2021 — Client ecosystem update,Reference,2021,OUI,first+year,0,"ETHEREUM FOUNDATION, 2021, « Supporting Ethereum’s Client Ecosystem », https://blog.ethereum.org/2021/03/23/supporting-ethereums-client-ecosystem/, 23 mars 2021, consulté le 9 juin"
bd73482581d34568a0b1f2bdaaabcc6f,Ethereum Foundation 2022 — Annual report,Reference,2022,OUI,first+year,5,"ETHEREUM FOUNDATION, 2022, Ethereum Foundation Report 2022, s.l., Ethereum Foundation."
2e727cde8ac545ea9ec6a7c421c90b7d,Ethereum Foundation 2023a — Proof-of-stake (ethereum.org),Reference,2023,OUI,first+year,5,"ETHEREUM FOUNDATION, 2023a, « Proof-of-stake (PoS) », https://ethereum.org , 26 juillet 2023, consulté le 20 septembre 2023."
cc370b5a81c24d90a2b7a771935dd276,Ethereum Foundation 2023b — Gas and fees (ethereum.org),Reference,2023,OUI,first+year,5,"ETHEREUM FOUNDATION, 2023b, « Gas and fees », https://ethereum.org , 30 mai 2023, consulté le 14 juin 2023."
a6358ecb9c27498c95ad1b74f102d673,Ethereum Foundation 2023c — Scaling (ethereum.org),Reference,2023,OUI,first+year,5,"ETHEREUM FOUNDATION, 2023c, « Scaling », https://ethereum.org , 7 avril 2023, consulté le 20 septembre 2023."
9123c3deed794862b8b02ac13ccd05a7,EthHub — Ethereum monetary policy,Reference,,OUI,manual,5,"ETHHUB, s.d., « Ethereum’s Monetary Policy - EthHub », https://docs.ethhub.io/ethereum - basics/monetary-policy/, s.d., consulté le 11 juillet 2020."
117c1b4f6212439a832bb191383b4a7b,European Central Bank 2012,GreyLiterature|Reference,2012,OUI,first+year,3,"EUROPEAN CENTRAL BANK, 2012, Virtual Currency Scheme, s.l."
785fe76874cb4a5aa91155fa5a2616ff,Falkon 2017 — The story of the DAO: its history and consequences,Reference,2017,OUI,first+year,5,"FALKON Samuel, 2017, « The Story of the DAO — Its History and Consequences », Medium, 2017, p. 3."
9f3979e7d48941c68dc0451c60dea3ec,Farrington 2021 — Bitcoin and Ethereum governance comparison,Reference,2021,OUI,first+year,5,"FARRINGTON allen, 2021, « Random Heresies on Bitcoin and Fractional Reserve », https://allenfarrington.medium.com/random-heresies-on-bitcoin-and-fractional-reserve-d16b9a683851, 7 "
63001807d7ae4b9393a7fc6dee70ee23,Favereau 1997 — L'incomplétude n'est pas le problème,AcademicWork|Reference,1997,OUI,first+year,3,"FAVEREAU Olivier, 1997, L’incomplétude n’est pas le problème, c’est la solution , Paris, La Découverte."
971db49135bc46b5965e3f719923e6c5,Favereau 2010 — La place du marché,AcademicWork|Reference,2010,OUI,first+year,4,"FAVEREAU Olivier, 2010, « La place du marché » dans Armand Hatchuel, Olivier Favereau et Franck Aggeri (dir.), L’activité marchande sans le marché ? , Colloque de Cerisy, Presses d"
e19babe53a3d4f0291ed683b3118e0ef,Favier & Takkal Bataille 2017 — Bitcoin la monnaie acéphale,AcademicWork|Reference,2017,OUI,first+year,2,"FAVIER Jacques et TAKKAL BATAILLE Adli, 2017, Bitcoin, la monnaie acéphale, Paris, Cnrs, 280 p."
b84f59ace9b6403c88067c46af4c7582,Favier 2017 — Tulipes (blog La voie du Bitcoin),IndigenousLiterature|Reference,2017,OUI,first+year,3,"FAVIER Jacques, 2017, « Tulipes », http://blog.lavoiedubitcoin.info/post/Tulipes, 19 septembre 2017."
7f0f9cc4c27040a78115b0294fd9bfe1,Favier 2021 — Bitcoin et la religion (La voie du Bitcoin),Reference,2021,OUI,first+year,6,"FAVIER Jacques, 2021, « Le Bitcoin, la religion du XXIe siècle née des mathématiques et d’Internet ? », Jacques Favier - Partie I - PB16, https://parlonsbitcoin.com/podcasts/bitcoi"
9988523bfaa441ff845410f092e678b5,Feiertag & Margairaz (dir) 2012 — Changer l'argent : réformes monétaires et banques centrales,Reference,2012,OUI,first+year,4,"FEIERTAG Olivier et MARGAIRAZ Michel, 2012, Les Banques centrales à l’échelle du monde. L’internationalisation des banques centrales du début du XX e° siècle à nos jours / Central "
4d583f06ee5247f8bde64ae8dcfdc025,Felix Albert,Reference,,NON,,1,
b14deecace194e179efe007062f88fa1,Felixa 2016a — DAO and Ethereum Classic analysis,Reference,2016,OUI,first+year,5,"FELIXA pseudonyme, 2016a, « Updated: The next steps — part 2 – DAOhub », https://blog.daohub.org/the-next-steps-part-2-180e58684d81, 22 juin 2016, consulté le 27 mars 2019."
573249a6c8904a05bc21c1e970401d21,Fields 2018 — Responsible disclosure cryptocurrencies,IndigenousLiterature|Reference,2018,OUI,first+year,3,"FIELDS Cory, 2018, « Responsible disclosure in the era of cryptocurrencies », https://medium.com/mit-media-lab-digital-currency-initiative/http-coryfields-com-cash-48a99b85aad4, 9 "
007a894f83664b31b7c3a93b10c55296,Finney 2009,IndigenousLiterature|Reference,2009,OUI,first+year,2,"FINNEY Hal, 2009, « Bitcoin / [bitcoin-list] Crash in bitcoin 0.1.0 »."
4efa5d34e66b4997be3c10dfeca63680,Florence Dufy,Reference,,NON,,1,
195c98aa665046b080bc073a045846e2,FreeCodeCamp 2019,GreyLiterature|Reference,2019,OUI,first+year,2,"FREECODECAMP, 2019, « The most popular programming languages used in blockchain development », https://www.freecodecamp.org/news/the-most-popular-programming-languages-used-in- blo"
cfc5ccfec20718e675f89a24487294bd,Friedman 2008,Reference,2008,OUI,first+year,3,"FRIEDMAN Benjamin M., 2008, « Quels doivent être les objectifs de la politique monétaire. » dans Jean-Philippe Touffut (dir.), Les banques centrales sont-elles légitimes, Colloque "
f6f9cab24c7b4c70b51e4c764803da2d,Friedman B. 1999 — Future of monetary policy,AcademicWork|Reference,1999,OUI,first+year,1,"FRIEDMAN Benjamin M., 1999, « The future of monetary policy: The central bank as an army with only a signal corps? », International Finance, 1999, vol. 2, no 3, p. 321‑338."
d49e7200ebee4ede8950f9e36e6bdff7,Friedman Benjamin M. 2008 — Les objectifs de la politique monétaire,Reference,2008,OUI,first+year,4,"FRIEDMAN Benjamin M., 2008, « Quels doivent être les objectifs de la politique monétaire. » dans Jean-Philippe Touffut (dir.), Les banques centrales sont-elles légitimes, Colloque "
9ed53d1f085b489a962e89be64beb58b,Friedman M. 1973 — Counter-Revolution in Monetary Theory,AcademicWork|Reference,1973,OUI,first+year,1,"FRIEDMAN Milton, 1973, The Counter -Revolution in Monetary Theory: First Wincott Memorial Lecture, Delivered at Senate House, University of London, 16 September, 1970 , London, Ins"
a768338169584a618a8ef5b797b7b063,Friedman Milton 1999 — Interview sur internet et monnaies privées,Reference,1999,OUI,first+year,2,"FRIEDMAN Milton., 1999, “Land value tax and internet currencies ”, interview with Nobel Laureate Milton Friedman conducted by NTU/F. https://www.youtube.com/watch?v=j2mdYX1nF_Y"
8a86eb7f81364573848e43b03d391a89,Friedman Milton 1999 — Video interview on internet and private currencies (land value tax),Reference,1999,OUI,first+year,2,"FRIEDMAN Milton., 1999, “Land value tax and internet currencies ”, interview with Nobel Laureate Milton Friedman conducted by NTU/F. https://www.youtube.com/watch?v=j2mdYX1nF_Y"
dc4995ce44da454c91fb6c9b130cf59d,Frisby 1978 — Sociologie de l'argent (Simmel),Reference,1978,OUI,first+year,2,"FRISBY David, 1978, « Introduction to the translation » dans The Philosophy of Money - 3rd Edition by Georg Simmel, David Frisby and Tom Bottomore, 2004, London, Rootledge, p. 1‑49"
ecfda0e51bd147e3bd0329a9bf4bbc6b,Galbraith 1976,AcademicWork|Reference,1976,OUI,first+year,6,"GALBRAITH John Kenneth, 1976, L’argent, Paris, Gallimard . (coll. « idée, Gallimard »), collection : idées, 366 p."
569ea7309d154d1e92acf5b177563629,Galbraith 1976 — L'argent,AcademicWork|Reference,1976,OUI,first+year,6,"GALBRAITH John Kenneth, 1976, L’argent, Paris, Gallimard . (coll. « idée, Gallimard »), collection : idées, 366 p."
ed2bb545f3a242c0a033eb7bce362a00,Galbraith J.K. 2008 — L'argent (The Age of Uncertainty: Monetarism),Reference,2008,OUI,first+year,4,"GALBRAITH JK James K, 2008, « The Collapse of Monetarism and the Irrelevance of the New Monetary Consensus », The Levy Economics Institute of Bard College Policy Note, 2008, vol. 1"
bc199c173f12476b84c02907f386d0e8,Gandal et al. 2018,AcademicWork|Reference,2018,NON,,1,
90d3f41bc023495cb5e987fc495645a9,Garzik 2010 — Bitcoin block size debate origins,Reference,2010,OUI,first+year,4,"GARZIK Jeff, 2010, « [PATCH] increase block size limit »."
644de7a85c76448fa1e1bbeabd176d03,Garzik 2014a,IndigenousLiterature|Reference,2014,OUI,first+year,1,"GARZIK Jeff, 2014a, « [ANN][XCP] Counterparty - Pioneering Peer -to-Peer Finance - Official Thread », https://bitcointalk.org/index.php?topic=395761.msg5796379#msg5796379, 20 mars "
9e20ed50d936437eb53e034f20a5d8f5,Garzik 2014a — Counterparty and metacoins analysis,Reference,2014,OUI,first+year,1,"GARZIK Jeff, 2014a, « [ANN][XCP] Counterparty - Pioneering Peer -to-Peer Finance - Official Thread », https://bitcointalk.org/index.php?topic=395761.msg5796379#msg5796379, 20 mars "
fdafe6e12c094113a2e2ba841b4e324e,Garzik 2014b,IndigenousLiterature|Reference,2014,OUI,first+year,1,"GARZIK Jeff, 2014b, « [Bitcoin-development] On OP_RETURN in upcoming 0.9 release »."
a7d3cc7c0c2e4a36b6f8acb0f0308f6e,Garzik 2014b — OP_RETURN and metadata in Bitcoin,Reference,2014,OUI,first+year,5,"GARZIK Jeff, 2014b, « [Bitcoin-development] On OP_RETURN in upcoming 0.9 release »."
8568b77b9f1146a4b0c2afae69234578,Gaurav 2019,GreyLiterature|Reference,2019,OUI,first+year,3,"GAURAV, 2019, « Bitcoin Codebase Deep Dive », https://blog.coincodecap.com/bitcoin-development- stats, 5 août 2019, consulté le 8 octobre 2020."
7805fbd2d525452db3ae9c278d68c28b,Georg Simmel,Reference,,NON,,1,
2cdf45abce9a473ead388f8611b12fa3,Gerard 2017 — Attack of the 50 Foot Blockchain,AcademicWork|Reference,2017,OUI,first+year,1,"GERARD David, 2017, Attack of the 50 Foot Blockchain: Bitcoin, Blockchain, Ethereum & Smart contracts, s.l., David Gerard, 184 p."
5f82b51b57304623bcb3e551506017d4,Gerring 2014 — Qualitative methods in social science,Reference,2014,OUI,first+year,2,"GERRING Taylor, 2014, « Background on the mechanics of the ether pre -sale », https://blog.ethereum.org/2014/07/09/how-to-make-a-purchase-in-the-ether-presale/, 9 juillet 2014, con"
2c970bc4244a4699bfc948d053b74b1a,Gerring 2016 — Case study research: principles and practice,Reference,2016,OUI,first+year,4,"GERRING Taylor, 2016, « Cut and try: building a dream », https://blog.ethereum.org/2016/02/09/cut- and-try-building-a-dream/, 9 février 2016, consulté le 7 octobre 2020."
cd866e57520144baa8cfc1478af546bd,"Gilbert & Helleiner 1999 — Nation-states and money: the past, present and future of national currencies",Reference,1999,OUI,first+year,5,"GILBERT Emily et HELLEINER Eric, 1999, Nation-States and Money. The past, present and future of national currenciess, Routledge., London; New York, 240 p."
1d8a4c4ab89c449a8de9b02761f65ab4,Gilbert David 2014 — Dogecoin cryptocurrency community,Reference,2014,OUI,first+year,2,"GILBERT David, 2014, « \’Most Valuable Tweet in History\’ Donates $11,000 Worth of Dogecoin to Kenyan Water Charity », https://www.ibtimes.co.uk/most-valuable-tweet-history-donates"
79df69ea5131435595d495ec2f3045af,Goldberg et al. 2015 — Eclipse attacks on Bitcoin's peer-to-peer network,Reference,2015,OUI,first+year,6,"GOLDBERG Sharon, HEILMAN Ethan, KENDLER Alison, ZOHAR Aviv, 2015, « Eclipse Attacks on Bitcoin’s Peer -to-Peer Network », Proceedings of the 24 th USENIX Security Symposium , https"
60dc60e0a2264130bb32004d421070df,Golumbia 2015 — Bitcoin as Politics Distributed Right-Wing Extremism,AcademicWork|Reference,2015,OUI,first+year,5,"GOLUMBIA David, 2015, Bitcoin as Politics: Distributed Right -Wing Extremism , Rochester, NY, Social Science Research Network."
3416740e6ab043478824b194ec19f473,Golumbia 2016 Politics of Bitcoin,Reference,2016,NON,,6,
53915f16c8a34be58334fab98244a29e,Goodhart 2000 — Can Central Banking Survive the IT Revolution,AcademicWork|Reference,2000,OUI,first+year,2,"GOODHART Charles, 2000, « Can Central Banking Survive Can Central Banking Survive the IT Revolution? », Financial markets group / London School of Economic, 2000, vol. 29, August, "
16a72409709f431891600ea46e9cdbb0,Goodhart 2005 — What is the essence of money,AcademicWork|Reference,2005,OUI,first+year,3,"GOODHART Charles A. E., 2005, « What is the essence of money? », Cambridge Journal of Economics, 2005, vol. 29, no 5, p. 817‑825."
ff72ee3a66e147bea1e07ee959bf612e,Gratsac-Legendre 2017,AcademicWork|Reference,2017,OUI,first+year,1,"GRATSAC-LEGENDRE Valérie, 2017, « L’orfèvrerie et la monnaie au XVIII e siècle. Quelques observations autour d’une relation étrange » dans Alain Guery (dir.), Montchrestien et Cant"
1e5647201e1d41dfab8ff740357af05b,Green 2021 — The case against Bitcoin,Reference,2021,OUI,first+year,5,"GREEN Michael W., 2021, « The Case Against Bitcoin », https://www.thefp.com/p/the-case-against- bitcoin, 14 mai 2021, consulté le 24 juillet 2023."
3cf3653bf51641c3bd3170342a520ffd,Greenberg 2011,GreyLiterature|Reference,2011,OUI,first+year,1,"GREENBERG Andy, 2011, « Crypto Currency », https://www.forbes.com/forbes/2011/0509/technology-psilocybin-bitcoins-gavin-andresen-crypto- currency.html, 20 avril 2011, consulté le 9"
be8ac28672e44ef6852fd5b1d80f3b90,Gregor Loibl,Reference,,NON,,0,
20af77001e974dca84251c246ac4db7d,Griff Green 2021 — DAO Layer Zero: from The DAO to today,Reference,2021,OUI,manual,5,"« Griff Green and the DAO | Layer Zero , 2021, https://www.youtube.com/watch?v=cVC9SbTmfSg, consulté le 25 avril 2024."
7cd4cfe4c8d74aaaaeabcd17ebf11b3a,Guillaume Dréan,Reference,,NON,,0,
2d56d28dd008423e91b323f16676ccd9,Généreux 1991 — Économie politique (tome sur la monnaie),Reference,1991,OUI,first+year,2,"GÉNÉREUX Jacques, 1991, Economie Politique, Paris, Hachette, (coll. « Les fondamentaux »), vol. 3."
6d9d8751589d4d1e98fb0746f9dfe472,Gün Sirer Keefer Hess 2016 — Ethereum DoS attacks and mitigation,Reference,2016,OUI,first+year,2,"GÜN SIRER Emin, KEEFER River et HESS Tjaden, 2016, « Ethereum’s DAO Wars Soft Fork is a Potential DoS Vector », http://hackingdistributed.com/2016/06/28/ethereum-soft-Fork-dos-vect"
ee37e0547319686a35525290da894404,Haber et Stornetta 1991,AcademicWork,1991,NON,,1,
ea97acd356fe4850b7c57fb2c53c42d1,Hacker News 2018 — CVE-2018-17144 discussion thread,Reference,2018,OUI,first+year,1,"HACKER NEWS FORUM et APO, 2018, « From the commit that fixes the issue (CVE-2018-17144), the root cause was failur... | Hacker News », https://news.ycombinator.com/item?id=18031035"
bcd561cc100f4da38b912c31a7ea5d11,Hajdarbegovic 2014,GreyLiterature|Reference,2014,OUI,first+year,3,"HAJDARBEGOVIC Nermin, 2014, « Bitcoin Miners Ditch Ghash.io Pool Over Fears of 51% Attack », https://www.coindesk.com/markets/2014/01/09/bitcoin-miners-ditch-ghashio-pool-over-fear"
ba50be2a3b734153b81a7db68b114bb7,Hajric 2022 — Ethereum Merge analysis,Reference,2022,OUI,first+year,6,"HAJRIC Vildana, 2022, « One Bitcoin Equals One Bitcoin Becomes the Narrative as the Drop Gets ‘Too Painful’ », Bloomberg.com, 25 sept. 2022 , https://www.advisorperspectives.com/ar"
dd7e80244bccd58335a050dddddf035f,Halaburda et Gandal 2014,Reference,2014,NON,,1,
b4cb7a3ba9d04d969296b774a74028ea,Harper 2019 — Bitcoin Independence Day,IndigenousLiterature|Reference,2019,OUI,first+year,3,"HARPER Colin, 2019, « Bitcoin Independence Day: How This Watershed Day Defines Community Consensus », https://bitcoinmagazine.com/culture/bitcoin -independence-day-how-this-watersh"
30fda07c61d64a9c907904adc896f652,Harribey 1997 — L'économie économiste à critique des fondements utilitaristes,Reference,1997,OUI,first+year,2,"HARRIBEY Jean-Marie, 1997, « La prise en compte des ressources naturelles et de l’environnement dans le modèle néoclassique d’équilibre générale; éléments de critique », Économies "
a55c1a395e9f42f59eb3e2a21f0c12ee,Hasday 2020 — Bitcoin governance and decentralization,Reference,2020,OUI,first+year,5,"HASDAY Antoine, 2020, « Que se passerait -il si le code informatique du bitcoin était piraté? », https://korii.slate.fr/tech/bitcoin-scenarios-piratage-modification-code-core-block"
7f9a95ce9bcb47568601d3ad2591af80,Hasu 2018 — Ethereum issuance and monetary policy,Reference,2018,OUI,first+year,7,"HASU, 2018, « Ethereum Presale Dynamics Revisited », https://medium.com/@hasufly/ethereum- presale-dynamics-revisited-c1b70ac38448, 29 avril 2018, consulté le 6 décembre 2019."
34ea55dac097a8dbcd499fa329aecc84,Hayek 1976,Reference,1976,NON,,1,
62b3883426c9461da17f87d967b36766,Hearn & Peck 2013 — Major Bug Bitcoin Software,GreyLiterature|Reference,2013,OUI,first+year,6,"HEARN Mike et PECK Morgan E. , 2013, « Major Bug In The Bitcoin Software Tests The Community », IEEE Spectrum, 12 mars 2013, https://spectrum.ieee.org/bitcoin-, consulté le 7 mars "
5b6d6ce258d2472e98c49a994e1a4e5c,Held & McCormack 2018 — Bitcoin's Immaculate Conception,Reference,2018,OUI,first+year,7,"HELD Dan et MCCORMACK Peter, 2018, « Bitcoin’s Immaculate Conception with Dan Held », HackerNoon.com | Medium , https://medium.com/hackernoon/bitcoins-immaculate-conception-with-da"
da8aa18fd159404c8f82092553a0db77,Helleiner 2003 — The making of national money: territorial currencies in historical perspective,Reference,2003,OUI,first+year,2,"HELLEINER Eric, 2003, The making of national money : Territorial currencies in historical perspective, Cornell Un., Ithaca, xii + 277 p."
c41e880e7db547739e82076f1e029b33,Hertig 2018a — Pigeoncoin exploited via Bitcoin vulnerability,Reference,2018,OUI,first+year,5,"HERTIG Alyssa, 2018a, « “Bitcoin Bug” Exploited on Crypto Fork as Attacker Prints 235 Million Pigeoncoins », https://www.coindesk.com/bitcoin -bug-exploited-on-crypto-Fork-as-attac"
d0285a0ac8d343c5b13c35a6269cbdd6,Hertig 2018b — Bitcoin's secret bug CVE-2018-17144 (CoinDesk),Reference,2018,OUI,first+year,6,"HERTIG Alyssa, 2018b, « A Long -Secret Bitcoin Key Is About to Be Revealed », https://www.coindesk.com/markets/2018/06/26/a-long-secret-bitcoin-key-is-about-to-be-revealed/, 26 jui"
50b94d8f76fa4e36a67e3dc28ad7a8d1,Hess & Ostrom 2003 — Information as Common-pool resource,AcademicWork|Reference,2003,OUI,first+year,4,"HESS Charlotte et OSTROM Elinor, 2003, « Ideas, Artifacts, and FacilitiIdeas Artifacts and Facilities: Information as a Common-pool ressources », Law and Contemporary Problems, 200"
a906df86be2b469dbac245ed5aeececf,Hess & Ostrom 2007 — Understanding knowledge as a commons,AcademicWork|Reference,2007,OUI,first+year,6,"HESS Charlotte et OSTROM Elinor, 2007, « Understanding knowledge as a commons: From theory to practice », The MIT Press Cambridge, Massachusetts London, England, vol.59."
c49fc20f07124c7087aec8554b68c6e9,Hess 2000 — Is There Anything New Under the Sun? New Commons,AcademicWork|Reference,2000,OUI,first+year,2,"HESS Charlotte, 2000, « Is There Anything New Under the Sun?: A Discussion and Survey of Studies on New Commons and the Internet », “Constituting the Commons,” the eighth biennial "
e3a53b9423334b69be4434874d4d6be2,Hess 2008 — Mapping the New Commons,AcademicWork|Reference,2008,OUI,first+year,4,"HESS Charlotte, 2008, « Mapping the New Commons », SSRN Electronic Journal, 2008."
44c1635ba9dd4d28b912403592782bc7,Hinkes 2021 Code Deference,Reference,2021,OUI,first+year,3,"HINKES Andrew M, 2021, « The Limits of Code Deference », The Journal of Corporation Law , 19 juillet 2021, vol. 46, p. 29."
35fe13a660114263b171cf608ba81fd5,Huang 2020 — Russia crypto ban and regulation,Reference,2020,OUI,first+year,2,"HUANG Roger, 2020, « Russia Backs Away From Total Cryptocurrency Ban », https://www.forbes.com/sites/rogerhuang/2020/08/10/russia-backs-away-from-total-cryptocurrency-ban/, 10 août"
20aaf33260ea45d2958eebc4e809707b,Huegli 2022 — Bitcoin's Immaculate Conception revisited,Reference,2022,OUI,first+year,7,"HUEGLI Pascal, 2022, « Bitcoin’s Immaculate Conception Explained », https://www.bitrawr.com/bitcoin/bitcoins-immaculate-conception-explained, 14 juin 2022, consulté le 24 novembre "
51061825b7fb47ab9676f6fb393f996e,Hughes 1993 Cypherpunk Manifesto,Reference,1993,OUI,first+year,3,"HUGHES Eric, 1993, « A Cypherpunk’s Manifesto », https://www.activism.net/cypherpunk/manifesto.html, 9 mars 1993, consulté le 6 mai 2020."
c76bb3ae5b4d43f680ca8c5f075e12ba,Hughes 1993 — A Cypherpunk's Manifesto,IndigenousLiterature|Reference,1993,OUI,first+year,3,"HUGHES Eric, 1993, « A Cypherpunk’s Manifesto », https://www.activism.net/cypherpunk/manifesto.html, 9 mars 1993, consulté le 6 mai 2020."
899489022767420d91bd7b0975ef14e2,Hunt 2019 — Ethereum uncle rewards and mining incentives,Reference,2019,OUI,first+year,6,"HUNT Shari, 2019 , « There are Two Uncle Rewards », https://medium.com/@ShariHunt/there-are- two-uncle-rewards-a67e06fa17de, 21 août 2019, consulté le 14 juin 2023. I3NIKOLAI (PSEU"
8d23ca79d99346a0a425fee2d4037f62,I3Nikolai 2016a — DAO hack analysis and response,Reference,2016,NON,,1,
64a50fdaba0d42c0a0419ff0484c41cc,Ichiba & Hotchkiss 2020 — Ethereum governance research,Reference,2020,OUI,first+year,5,"ICHIBA HOTCHKISS Griffin, 2020, « The 1.x Files: GHOST in the Stack Machine », https://blog.ethereum.org/2020/07/28/the-1x-files-ghost-in-the-stack-machine/, 28 juillet 2020, consu"
9c25bd5af75940c08d7c46494232af6f,IETF 2014 — On Consensus and Humming in the IETF (RFC 7282),Reference,2014,OUI,first+year,1,"INTERNET ENGINEERING TASK FORCE, 2014, « On Consensus and Humming in the IETF », https://datatracker.ietf.org/doc/html/rfc7282, juin 2014, consulté le 3 janvier 2022."
1796ab47aa1a45bcbfa66d8c60e8aefd,Impellizzeri 2020 — Ripple and Jed McCaleb history,Reference,2020,OUI,first+year,2,"IMPELLIZZERI Nicolas, 2020, « Qui est Jed McCaleb, le fondateur de Ripple ? », https://cryptoast.fr/personnalite-crypto-qui-est-jed-mccaleb-fondateur-ripple/, 12 avril 2020, consul"
3d66b8ea06274e5ab33a801a5224454b,Ingham 2004 Nature of Money,Reference,2004,OUI,first+year,7,"INGHAM Geoffrey, 2004, The Nature of Money, Polity Pre., Cambridge; Malden, 254 p."
0bb65ed8a7894205b3d46a8c22c483e1,J.P. Koning,Reference,,NON,,0,
a9fd809426d7308532e694cd3e01a485,Jacques Sapir,Reference,,NON,,1,
7bc3f1a8265a481f9d8bd75a09c915d2,Janssens 2017 — Why non-mining full nodes are a terrible idea,IndigenousLiterature|Reference,2017,OUI,first+year,3,"JANSSENS Olivier, 2017, « Why “non -mining full nodes” are a terrible idea. », https://medium.com/@olivierjanss/why-non-mining-full-nodes-are-a-terrible-idea-ad3c49f7a7b6, 22 août "
cd077c3e42384bfe8042443b59e9f138,Jean-Luc 2018 — Tim May et le crypto-anarchisme,Reference,2018,OUI,first+year,1,"JEAN-LUC, 2018, « Entretien avec Tim May : Aux origines du mouvement cypherpunk », https://bitcoin.fr/entretien-avec-tim-may-aux-origines-du-mouvement-cypherpunk/, 20 octobre 2018,"
32ec3a3526bd41d48320f1ddbebc65c0,Jeffrey 2017 — Consensus Pitfalls Breaking Bitcoin,IndigenousLiterature|Reference,2017,OUI,first+year,2,"JEFFREY Christopher, 2017, « Christopher Jeffrey Consensus Pitfalls (2017 -09-10) » ₿itcoin Transcripts, https://btctranscripts.com/breaking -bitcoin/2017/2017-09-10-christopher-je"
285dc19bba3b4ccab0bca71ca9019636,Jentzsch 2016a — What an accomplishment DAO,IndigenousLiterature|Reference,2016,OUI,first+year,1,"JENTZSCH Christoph, 2016a, « What an accomplishment! », https://web.archive.org/web/20170621071357/https://blog.slock.it/what-an-accomplishment- 3e7ddea8b91d?gi=8fa1122cbd8a, 20 ju"
ae1e3d2a720540f58e475e74ec8ea700,Jentzsch 2016b — DAO White Paper,IndigenousLiterature|Reference,2016,OUI,first+year,1,"JENTZSCH Christoph, 2016b, « Decentralized Autonomous Organization to Automate Governance (White paper) »."
4f5fca111aea4a4e9e658bc10a8c6cbb,Jentzsch 2016c — History of the DAO and Lessons Learned,IndigenousLiterature|Reference,2016,OUI,first+year,5,"JENTZSCH Christoph, 2016c, « The History of the DAO and Lessons Learned », Slock.It, 2016, p. 1‑9."
17498d46de3114ecfad0f57c3077da34,Jeong 2013,Reference,2013,OUI,first+year,4,"JEONG Sarah, 2013, « The Bitcoin Protocol as Law, and the Politics of a Stateless Currency »."
ba4fb228bb824d1b9ec0c15d9651edf0,Jeong 2013 — The Bitcoin Protocol as Law,Reference,2013,OUI,first+year,5,"JEONG Sarah, 2013, « The Bitcoin Protocol as Law, and the Politics of a Stateless Currency »."
ba3cca3c445c41e1b71ab0098963753c,Jevons 1876 — Money and the Mechanism of Exchange,Reference,1876,OUI,first+year,1,"JEVONS Willian Stanley, 1876, « Money and the Mechanism of Exchange », New York: D. Appleton and Co. 1876; https://oll.libertyfund.org/titles/jevons-money-and-the-mechanism-of-exch"
909cc7f5cae7466198dac07dff0b1f4f,John Maynard Keynes,Reference,,NON,,0,
4b923e4cb64a40749c8a6126b7481487,Johnson 2017 — Consensus via the longest chain rule,Reference,2017,OUI,first+year,2,"JOHNSON Nick, 2017, « Answer to “What is the exact « longest chain » rule implemented in the Ethereum « Homestead » protocol?” »"
a6f5cd7629d9426ebe1617d8b1d11f16,Jonathan Bier,Reference,,NON,,0,
718e0d4dadda4180a04600fbf5c3ce51,Joseph Stiglitz,Reference,,NON,,0,
b2537342171b4586867ca6894d88e62d,Journal Officiel UE 2010 — Traité sur le fonctionnement de l'UE (TFUE),Reference,2010,OUI,first+year,1,"JOURNAL OFFICIEL DE L ’UNION EUROPÉENNE, 2010, « Recommandation de la Commission du 22 mars 2010 concernant l’étendue et les effets du cours légal des billets de banque et pièces e"
9a33e38e33544b1c875225070fa40773,Jp Koning 2015,GreyLiterature|Reference,2015,OUI,attr+year,1,"KONING Jp, 2015, « Moneyness: The dollarization of bitcoin », https://jpkoning.blogspot.com/2015/06/the-dollarization-of-bitcoin.html, 12 juin 2015, consulté le 18 septembre 2023."
53525938440543a5af359337eeab9823,Jérôme Favier,Reference,,NON,,2,
d6826550b8cc4315b08dd1f369aa57e1,Kallenborn 2014 — Dark Wallet and Bitcoin privacy tools,Reference,2014,OUI,first+year,6,"KALLENBORN Gilbert, 2014, « Dark Wallet, le portefeuille Bitcoin qui blanchit toutes les transactions », https://www.01net.com/actualites/dark-wallet-le-portefeuille-bitcoin-qui-bl"
0ef6046abec14ba59d233377a17f5eae,Kanev 2022 — Ethereum Merge technical analysis,Reference,2022,OUI,first+year,5,"KANEV Alex, 2022, « 42 Bitcoin Quotes That All Investors Love », https://coinstatics.com/bitcoin- quotes/, 10 juin 2022, consulté le 17 avril 2024."
f160c77131f941249bbcafe759ebe6c3,Karapetsas 2016a — The DAO vulnerability and smart contract security,Reference,2016,OUI,first+year,5,"KARAPETSAS Lefteris, 2016a, « White Hat Siphoning has Occurred. What Now? », https://blog.slock.it/white-hat-siphoning-has-occurred-what-now-f7ba2f8d20ef#.cs2fexc5p, 22 juin 2016 ,"
563e8003c00d401b804bff3c866672f4,Karapetsas 2016b — The DAO vulnerability and smart contract security,Reference,2016,OUI,first+year,5,"KARAPETSAS Lefteris, 2016b, « White Hat Siphoning has Occurred. What Now? », https://blog.slock.it/white-hat-siphoning-has-occurred-what-now-f7ba2f8d20ef#.p41b8kau4, 22 juin 2016, "
1698b8ada28a4437a56344055771ec2e,Karapetsas 2016c — The DAO vulnerability and smart contract security,Reference,2016,OUI,first+year,5,"KARAPETSAS Lefteris, 2016c, « It seems attacker just targeted the WhiteHatDAOs », https://www.reddit.com/r/ethereum/comments/4p9z93/it_seems_attacker_just_targeted_the_whitehatdaos"
15b7b2e4fd514ff4aab9d26b9a39c395,Karapetsas 2016d — The DAO vulnerability and smart contract security,Reference,2016,OUI,first+year,5,"KARAPETSAS Lefteris, 2016d, « A DAO Counter-Attack », https://blog.slock.it/a-dao-counter-attack- 613548408dd7#.icv7euyzu, 19 juin 2016, consulté le 27 mars 2019. KARLSTRØM Henrik,"
6569ffa350046954451929655aea3835,Karl Polanyi,Reference,,NON,,1,
26fdb252fe8949d9bf413ed70677830b,Karlstrøm 2014 — Do libertarians dream of electric coins,AcademicWork|Reference,2014,NON,,2,
9d25569f745942b0a299160fbf8c8d2d,Kaushal Bagga Sobti 2017,AcademicWork|Reference,2017,OUI,first+year,1,"KAUSHAL Puneet Kumar, BAGGA Amandeep et SOBTI Rajeev, 2017, « Evolution of bitcoin and security risk in bitcoin wallets », Jaipur, India, IEEE."
6d3ccfa0dd3c4d798d364840f888a4e2,Kavanagh & Miscione 2017,Reference,2017,OUI,first+year,7,"KAVANAGH Donncha et MISCIONE Gianluca, 2017, « Infrastructures and Their Invisible Carnivalesque », SSRN Electronic Journal, 2017."
2986a9e1e1ce4486bbfa358ca58d2242,Kavanagh et Miscione 2017,Reference,2017,OUI,first+year,3,"KAVANAGH Donncha et MISCIONE Gianluca, 2017, « Infrastructures and Their Invisible Carnivalesque », SSRN Electronic Journal, 2017."
889c92c8790744b2b44b1b7971c6b43f,Keir 2022,GreyLiterature|Reference,2022,OUI,first+year,2,"KEIR Andrew, 2022, « The Existence Of Bitcoin Is A Political Paradox », https://bitcoinmagazine.com/culture/bitcoins-existence-is-a-political-paradox, 24 août 2022, consulté le 25 "
05ff5fb0f856400a9eb1b2c1bbeaf9e4,Kernfeld 2016 — CAP theorem and distributed systems,Reference,2016,OUI,first+year,2,"KERNFELD Paul, 2016, « How Bitcoin Loses to the CAP Theorem - Paul Kernfeld dot com », https://paulkernfeld.com/2016/01/15/bitcoin-cap-theorem.html, 15 janvier 2016, consulté le 13"
9d26a5d6d4054ebca57178c2e667d96d,Kessler 2022 — Ethereum Merge: from Proof-of-Work to Proof-of-Stake,Reference,2022,OUI,first+year,5,"KESSLER Sam, 2022, « The Ethereum Merge Is Done, Opening a New Era for the Second -Biggest Blockchain », https://www.coindesk.com/tech/2022/09/15/the-ethereum-merge-is-done-did-it-"
fb35a999cb884cb0b95477677b5d9b0c,Kharpal 2017,GreyLiterature|Reference,2017,OUI,first+year,1,"KHARPAL Arjun, 2017, « WikiLeaks founder Assange claims he made 50,000% return on bitcoin thanks to the US government », https://www.cnbc.com/2017/10/16/wikileaks-julian-assange-bi"
ad99b65dda03455e9396530d77680c81,Khatri 2021 — Zug crypto valley digital identity,Reference,2021,OUI,first+year,2,"KHATRI Yogita, 2021, « Swiss canton Zug now accepts bitcoin and ether for tax payments », https://www.theblockcrypto.com/linked/95270/swiss-canton-zug-now-accepts-bitcoin-ether-tax"
6c20274abd2640ff9f0a4e63ff156819,Kindleberger 2004 — Histoire mondiale spéculation financière,AcademicWork|Reference,2004,OUI,first+year,3,"KINDELBERGER Charles, 2004, Histoire mondiale de la spéculation financière, [1978], s.l., Valor Eds, 364 p."
50f59bb92ad240b5846567c25ba452dd,Kindleberger 2017 — Bitcoin is fiat money too,GreyLiterature|Reference,2017,OUI,first+year,2,"KINDELBERGER Charles, 2017, « Bitcoin is fiat money, too », https://www.economist.com/free - exchange/2017/09/22/bitcoin-is-fiat-money-too, 22 septembre 2017, consulté le 9 mars 20"
b9b474c9712b4dbea11d55ae163d2b36,King & Nadal 2012 Peercoin,Reference,2012,OUI,first+year,3,"KING Sunny et NADAL Scott, 2012, « PPCoin: Peer-to-Peer Crypto-Currency with Proof-of-Stake », 19 août 2012."
1bcdf3a835d1420c9133236b50d86c49,King 1999 Challenges Monetary Policy,Reference,1999,OUI,first+year,4,"KING Mervyn (Bank of England - Deputy Governor), 1999, « Challenges for monetary policy: New and old », s.l."
6649a875b6b040e4b645481de807e338,King Nadal 2012 — PPCoin Peer-to-Peer Crypto-Currency,Reference,2012,OUI,first+year,2,"KING Sunny et NADAL Scott, 2012, « PPCoin: Peer-to-Peer Crypto-Currency with Proof-of-Stake », 19 août 2012."
db4e7b892fcb6a0b049a7a32dbd5b601,Knapp 1924,Reference,1924,OUI,first+year,3,"KNAPP G F, 1924, « The state theory of money », History of Economic Thought Books, 1924."
4e7c7974fdc04b07a244b8eec8550974,Knapp 1924 State Theory Money,Reference,1924,OUI,first+year,5,"KNAPP G F, 1924, « The state theory of money », History of Economic Thought Books, 1924."
573d8b4226b84a089da2580fc046b334,Knapp 1924 — The State Theory of Money,AcademicWork|Reference,1924,OUI,first+year,4,"KNAPP G F, 1924, « The state theory of money », History of Economic Thought Books, 1924."
7beb8cc54f0b49edb6710afa4c9e2cd8,Koning 2019a — Fedcoin and central bank digital currency,Reference,2019,OUI,first+year,1,"KONING J.P, 2019a, « Moneyness: Bitcoin, 11 -years in », https://jpkoning.blogspot.com/2019/11/bitcoin-11-years-in.html, 2 novembre 2019, consulté le 13 janvier 2021."
e467adcccb7b4b77b1fc44945f05b3fc,Koning 2020 — Bitcoin as monetary system analysis,Reference,2020,OUI,first+year,0,"KONING J.P, 2020, « Moneyness: The bitcoin -to-salvia divinorum trade route », https://jpkoning.blogspot.com/2020/03/the-bitcoin-to-salvia-divinorum-trade.html, 7 mars 2020, consul"
8447170cc50543d3958c39269c4b35b2,Kraken / Southurst 2016 — Trading Ethereum Classic after DAO fork,Reference,2016,OUI,first+year,2,"KRAKEN et SOUTHURST Jon, 2016, « Kraken to Support Direct DAO Token Trading for Fiat Currency », https://news.bitcoin.com/kraken-dao-token-fiat/, 27 mai 2016, consulté le 6 mai 202"
7597842b090f46d5bd8e1aefb3f6673c,Kranich 2007 — Protecting the digital commons,Reference,2007,OUI,first+year,1,"KRANICH Nancy, 2007, « Countering Enclosure: Reclaiming the Knowledge Commons » dans Understanding knowledge as a commons: From theory to practice , The MIT Press Cambridge, Massac"
94dc9908a0d1eacc7b02e249602d5b68,Krugman 2018,Reference,2018,OUI,first+year,2,"KRUGMAN Paul, 2018a, « Opinion | Transaction Costs and Tethers: Why I’m a Crypto Skeptic », The New York Times, 31 juillet 2018."
200e76ca3d1844b0a3d45f9fa10310d2,Krugman 2018 — Bitcoin is Evil / Bubble Fraud,GreyLiterature|Reference,2018,OUI,first+year,4,"KRUGMAN Paul, 2018b, « Opinion | Bubble, Bubble, Fraud and Trouble », The New York Times , 29 janv. 2018."
8ec6dc5bda4b42db821078ac686c3803,Kubát 2015 — Virtual currency Bitcoin in the scope of money definition,Reference,2015,NON,,6,
f1f5f685ade34944a686ff28416c4700,Kumar Jain 2023,AcademicWork|Reference,2023,OUI,first+year,1,"KUMAR JAIN Manish, 2023, « Top Programming Language for Blockchain Development, https://www.knowledgehut.com/blog/blockchain/programming-language-for-blockchain-development, 7 sept"
03fd59f205f24666968722d5b4e1bab9,Kyle Croman,Reference,,NON,,0,
d3adf11fab5843bdaf62f63331ef956d,Lach 2011 — Liberty Dollar and monetary sovereignty,Reference,2011,OUI,first+year,2,"LACH Eric, 2011, « Feds Seeking $7M Worth Of Privately -Minted « Liberty Dollars », https://talkingpointsmemo.com/muckraker/feds-seeking-7m-worth-of-privately-minted-liberty-dollar"
8ede23ee7ccd4888a68285224ae8720a,Lagarde 2017 — Fintech A Brave New World,GreyLiterature|Reference,2017,OUI,first+year,3,"LAGARDE Christine, 2017, « Fintech—A Brave New World for the Financial Sector? », https://blogs.imf.org/2017/03/21/fintech-a-brave-new-world-for-the-financial-sector/, 21 mars 2017"
a66144d9679d4045a8af300cb88541e8,Lagarde 2018 — Winds of Change New Digital Currency,GreyLiterature|Reference,2018,OUI,first+year,3,"LAGARDE Christine, 2018, « Winds of Change: The Case for New Digital Currency », Singapore Fintech Festival, https://www.imf.org/en/News/Articles/2018/11/13/sp111418-winds-of-chang"
f9a3ba0938f24255b907fa029985ae21,Lajeune 2021 — Bitcoin maximalisme et idéologie,Reference,2021,OUI,first+year,5,"LAJEUNE Gaétan, 2021, « Paymium, le précurseur français de la blockchain », https://www.cointribune.com/analyses/personnalites/paymium-le-precurseur-francais-de-la-blockchain/, 6 j"
7cd3e2967dc04ceea4fe91f25184cb35,Lars 2018a — Bitcoin Script: the programming language of Bitcoin,Reference,2018,OUI,first+year,5,"LARS Ludovic, 2018a, « Script : le langage de programmation de smart -contract Bitcoin », https://cryptoast.fr/script-langage-programmation-bitcoin/, 30 décembre 2018, consulté le "
17a6cd8817184335a28c78b7ba6352d4,Lars 2018b — Smart contracts: from Szabo to Ethereum,Reference,2018,OUI,first+year,5,"LARS Ludovic, 2018b, « Bitcoin, smart contracts et UTXO, une monnaie programmable », https://cryptoast.fr/smart-contracts-bitcoin-monnaie-programmable-UTXO/, 22 novembre 2018, cons"
e318cea2b733450ca0992a87ead0b345,Lars 2019a,GreyLiterature|Reference,2019,OUI,first+year,1,"LARS Ludovic, 2019a, « Des jetons sur Bitcoin : colored coins et autres procédés », https://journalducoin.com/bitcoin/actualites-bitcoin/jetons-bitcoin-colored-coins-autres-procede"
8add087a86294cef8dfad0f37882ba34,Lars 2019a — Colored Coins: early tokenization on Bitcoin,Reference,2019,OUI,first+year,5,"LARS Ludovic, 2019a, « Des jetons sur Bitcoin : colored coins et autres procédés », https://journalducoin.com/bitcoin/actualites-bitcoin/jetons-bitcoin-colored-coins-autres-procede"
58bf4be560c74a33a9443e1cfbea174e,Lars 2019b — SegWit: Segregated Witness history and Bitcoin scaling,Reference,2019,OUI,first+year,5,"LARS Ludovic, 2019b, « Qu’est-ce que SegWit ? Explication technique - Bitcoin », https://cryptoast.fr/segwit-bitcoin-explication-definition/, 29 janvier 2019, consulté le 19 novemb"
f96e6add0bb840e39aa75483198a7957,Lars 2020a — Bit Gold: Nick Szabo's precursor to Bitcoin,Reference,2020,OUI,first+year,2,"LARS Ludovic, 2020a, « Le bit gold de Nick Szabo : l’or numérique avant Bitcoin », https://journalducoin.com/bitcoin/bit-gold-nick-szabo-or-numerique-bitcoin/, 16 mai 2020, consult"
2d8fe9af53f2469484ba92d3d4a4ff16,Lars 2020b — E-Gold: history of early digital gold currency,Reference,2020,OUI,first+year,1,"LARS Ludovic, 2020b, « L’e-gold de Douglas jackson : la cryptomonnaie « or » (1996) », https://journalducoin.com/bitcoin/gold-douglas-jackson-cryptomonnaie-or-1996/, 8 mars 2020, c"
68545401d8f04e95b075e8ccdbc24ba3,Lars 2020c — DigiCash: the story of David Chaum's electronic cash,Reference,2020,OUI,first+year,1,"LARS Ludovic, 2020c, « DigiCash & eCash : les cyberbucks de David Chaum (1982 -90) », https://journalducoin.com/bitcoin/digicash-ecash-cyberbucks-david-chaum-1982-90/, 22 février 2"
c1ebf64c7d6734e73472a545f04cec05,Lars 2021,Reference,2021,OUI,first+year,2,"LARS Ludovic, 2021, « Bitcoin, quand la révolution de la monnaie vire à la religion », https://journalducoin.com/analyses/bitcoin-revolution-monnaie-religion/, 28 août 2021, consul"
32f91ac4b4b14019a0afb4640bba23c7,Lars 2021 — Bitcoin and religious metaphors (bitcoin-histoire.fr),Reference,2021,OUI,first+year,6,"LARS Ludovic, 2021, « Bitcoin, quand la révolution de la monnaie vire à la religion », https://journalducoin.com/analyses/bitcoin-revolution-monnaie-religion/, 28 août 2021, consul"
39132e6135dc49c3a491ae16941dd004,"Latour 2006 — Changer de société, refaire de la sociologie",Reference,2006,OUI,first+year,2,"LATOUR Bruno, 2006, « Le prince : machines et machinations » dans Madeleine Akrich, Michel Callon et Bruno Latour (dir.), Sociologie de la traduction, s.l., Presses des Mines, p. 8"
5fc4278b78704f6c92c3744e2654518a,Laura DeNardis,Reference,,NON,,0,
db9258481c3f4694b89b2334e936b18b,Laycock 2022 — Bitcoin as secular religion and community ritual,Reference,2022,OUI,first+year,5,"LAYCOCK Joseph P., 2022, « Why are people calling Bitcoin a religion? », http://theconversation.com/why-are-people-calling-bitcoin-a-religion-175717, 3 février 2022, consulté le 1e"
c712736b311b4648a71c6edd75b29f70,Le Calvez 2020,GreyLiterature|Reference,2020,OUI,first+year,1,"LE CALVEZ Antoine, 2020, « Coin Metrics’ State of the Network: Issue 60 - Analyzing The Early Uses of Bitcoin », https://coinmetrics.substack.com/p/coin-metrics-state-of-the-networ"
a8a74b6f711c4aa99d7cb161a9c878df,Le Maire 2019 — Discours Eurofi Financial Forum,GreyLiterature|Reference,2019,OUI,first+year,1,"LE MAIRE Bruno, 2019, « The future of the Capital Markets Union – Towards an Investment and Savings Union », Discours lors de l’Eurofi Financial Forum 2019, https://www.economie.go"
fa4fa618b73a418f9edb30ae70538f00,Lee 2011 — Litecoin launch announcement,Reference,2011,OUI,first+year,3,"LEE Charli, 2011, « Lite Coin White Paper », 7 octobre 2011, 6 p."
278d32240add459790e215dcdf7b13c5,Lee Jae Hyung 2019 — Bitcoin security and vulnerability history,Reference,2019,OUI,first+year,7,"LEE Jae Hyung, 2019, Systematic Approach to Analyzing Security and Vulnerabilities of Blockchain Systems, s.l."
19963b499bc04acca003f466c28d906a,Lessig 2000 — Code is Law,AcademicWork|Reference,2000,OUI,first+year,2,"LESSIG Lawrence, 2000, « Code is Law - Traduction française du célèbre article de Lawrence Lessig par Kauffmann Alexis (2010-05-22) », https://framablog.org/2010/05/22/code-is-law-"
4cf81eafa94d40f0801f35441fc1c2cc,Lielacher & Pickering 2020 — Bitcoin adoption metrics,Reference,2020,OUI,first+year,5,"LIELACHER Alex et PICKERING Andy, 2020, « Fake views: How social media bots distort the crypto narrative », Brave New Coin , https://bravenewcoin.com/insights/fake -views-how-socia"
4e8636b9bdf94bc4bcea8b60a123327c,"Light 2019 — Hard forks, soft forks and blockchain governance",Reference,2019,OUI,first+year,2,"LIGHT John, 2019, « The differences between a hard Fork, a soft Fork, and a chain split, and what they mean for the… », https://medium.com/@lightcoin/the-differences-between-a-hard"
179aa1fe59cd4aa89596a7f6ac8a864c,Lionel Robbins,Reference,,NON,,1,
297120c67a7c40d589626db92255c733,Liu 2017 — Responsible disclosure in cryptocurrency vulnerabilities,Reference,2017,OUI,first+year,2,"LIU Simon, 2017, « [bitcoin-dev] Responsible disclosure of bugs », https://lists.linuxfoundation.org/pipermail/bitcoin-dev/2017-September/014969.html, consulté le 13 mars 2024."
0ec91460f7be40e5bb5fb29567b84b27,Lo & Wang 2014 — Bitcoin as money?,Reference,2014,OUI,first+year,5,"LO Stephanie et WANG J. Christina, 2014, « Bitcoin as Money? », https://cryptochainuni.com/wp- content/uploads/Fedral-Reserve-Bank-of-Boston-Current-Policy-Persepctives.pdf, 4 sept"
36a71df1f997487eab76b897d010da1d,Loibl 2014,AcademicWork|Reference,2014,OUI,first+year,2,"LOIBL Andreas, 2014, « Namecoin », 2014 , http://www.net.in.tum.de/fileadmin/TUM/NET/NET- 2014-08-1/NET-2014-08-1_14.pdf, consulté le 23 mai 2023."
11ee4b95c1134d65887f92eb21fe5d9b,Lombrozo 2015 — Segregated Witness and Bitcoin script versioning,Reference,2015,OUI,first+year,5,"LOMBROZO Eric, 2015, « BIP-0123 : BIP Classification », https://github.com/bitcoin/bips, 26 août 2015, consulté le 11 décembre 2019."
0a89a67eb7944a18827e7c28ef5b3e38,Lombrozo 2017 — Bitcoin soft fork activation methods,Reference,2017,OUI,first+year,5,"LOMBROZO Eric, 2017, « Forks, Signaling, and Activation », https://medium.com/@elombrozo/Forks-signaling-and-activation-d60b6abda49a, 1 juillet 2017, consulté le 6 février 2020."
5eccd628483c469890be5d50d8a37e55,Lopp 2014 — Who controls Bitcoin? Full nodes and governance,Reference,2014,OUI,first+year,4,"LOPP Jameson, 2014, « Bitcoin Nodes: How Many is Enough? », Medium, https://medium.com/@lopp/bitcoin-nodes-how-many-is-enough-9b8e8f6fd2cf, 7 juin 2014, consulté le 5 septembre 202"
304579e381c84c4a8f470c3386ac1e45,Lopp 2018 GitHub Bitcoin Core,Reference,2018,OUI,first+year,6,"LOPP Jameson, 2018, « Who Controls Bitcoin Core? », Medium, https://medium.com/@lopp/who- controls-bitcoin-core-c55c0af91b8a, 15 décembre 2018, consulté le 13 juin 2019."
b95feb4b7ce94d2c9903c5a192e3421d,Lopp 2018 — Who Controls Bitcoin Core,IndigenousLiterature|Reference,2018,OUI,first+year,6,"LOPP Jameson, 2018, « Who Controls Bitcoin Core? », Medium, https://medium.com/@lopp/who- controls-bitcoin-core-c55c0af91b8a, 15 décembre 2018, consulté le 13 juin 2019."
78aaaaee3c684931b0b63a0b2a7ec181,Lopp 2021 Spam Storms,Reference,2021,OUI,first+year,7,"LOPP Jameson, 2021, « A History of Bitcoin Transaction Dust & Spam Storms », https://blog.lopp.net/history-bitcoin-transaction-dust-spam-storms/, 13 mars 2021, consulté le 8 novemb"
a4a15c4d930e4c53ac47ceb110695686,Lopp 2021 — History Bitcoin Transaction Dust Spam Storms,IndigenousLiterature|Reference,2021,OUI,first+year,6,"LOPP Jameson, 2021, « A History of Bitcoin Transaction Dust & Spam Storms », https://blog.lopp.net/history-bitcoin-transaction-dust-spam-storms/, 13 mars 2021, consulté le 8 novemb"
891aa829e41545cf9649a7b0ff869ee4,Lopp 2022 — Bitcoin history and protocol evolution,Reference,2022,OUI,first+year,5,"LOPP Jameson, 2022, « Running Bitcoin Core v0.7 and Earlier », https://blog.lopp.net/running - bitcoin-core-v0-7-and-earlier/, 19 mars 2022, consulté le 27 septembre 2024."
66836b55b8ec46358475ce364f88b09e,Lubin 2014 — Ethereum issuance model and foundation structure,Reference,2014,OUI,first+year,6,"LUBIN Joseph, 2014, « The Issuance Model in Ethereum », https://blog.ethereum.org/2014/04/10/the- issuance-model-in-ethereum/, 10 avril 2014, consulté le 23 octobre 2020."
6c21ae38f32f4957a4c38675b4582d1a,Lustig & Nardi 2015 Algorithmic Authority,Reference,2015,OUI,first+year,3,"LUSTIG Caitlin et NARDI Bonnie, 2015, « Algorithmic authority: The case of Bitcoin », Proceedings of the Annual Hawaii International Conference on System Sciences, 2015, vol. 2015-"
59cad7f544f743a3a42b7bfcf4c32991,Lustig & Nardi 2015 — Algorithmic authority Bitcoin,AcademicWork|Reference,2015,OUI,first+year,4,"LUSTIG Caitlin et NARDI Bonnie, 2015, « Algorithmic authority: The case of Bitcoin », Proceedings of the Annual Hawaii International Conference on System Sciences, 2015, vol. 2015-"
b56d1a6519a9431e99649e7c60119b2b,Légifrance 2018 — Loi PACTE et crypto-actifs,Reference,2018,OUI,first+year,1,"LÉGIFRANCE, 2018, « Article 150 UA - Code général des impôts - Légifrance »."
b04be11f6eee42c4a4da5b35cda7da38,Légifrance 2019 — Ordonnance sur les actifs numériques (PACT),Reference,2019,OUI,first+year,1,"LÉGIFRANCE, 2019, « Article 150 VH bis - Code général des impôts - Légifrance »."
a1d3a205e3224a999c84d732c14e3194,Mah-Hui Lim 2008 — Old wine in new bottles: subprime mortgage crisis,Reference,2008,OUI,first+year,1,"MAH-HUI LIM Michael, 2008, Old Wine in a New Bottle: Subprime Mortgage Crisis —Causes and Consequences,, no 532, s.l., The Levy Economics Institute."
6e596990cb144baaa4a29308dce1e21c,Majuri 2019 — Ethereum gas and transaction fees analysis,Reference,2019,OUI,first+year,6,"MAJURI Yakko, 2019, « Simply Explained: Ethereum Gas », https://yakkomajuri.medium.com/blockchain-definition-of-the-week-ethereum-gas-2f976af774ed, 1er avril 2019, consulté le 14 j"
d929065369e94a1997a4bd634794c740,Mallard Méadel Musiani 2014 — Paradoxes of Distributed Trust,AcademicWork|Reference,2014,OUI,first+year,3,"MALLARD Alexandre, MÉADEL Cécile et MUSIANI Francesca, 2014, « The Paradoxes of Distributed Trust: Peer-to-Peer Architecture and User Confidence in Bitcoin », Journal of peer produ"
e65f7257f8ce411299ced981df6f0380,Mangolte 2013 — Le logiciel libre et les communs de la connaissance,Reference,2013,OUI,first+year,4,"MANGOLTE Pierre-André, 2013a, « Une innovation institutionnelle, la constitution des communs du logiciel libre », Revue de la régulation, 12 décembre 2013, no 14."
5decab1d089a4acb9c20875038862822,Manne 2011 — The cypherpunk revolutionary: Julian Assange,Reference,2011,OUI,first+year,2,"MANNE Robert, 2011, « The Cypherpunk Revolutionary », https://www.themonthly.com.au/issue/2011/february/1324596189/robert-manne/cypherpunk-revolutionary, 16 février 2011, consulté "
f270bfdb07d441d59eca436184b1450a,Marco Corallo,Reference,,NON,,0,
867514e4c53940108128135872190e76,Mariani Marc 2014 — Rapport sur les monnaies virtuelles,Reference,2014,OUI,first+year,2,"MARIANI Philippe et MARC François, 2014, Rapport d’information fait au nom de la commission des finance sur les enjeux liés au développement du Bitcoin et des autres monnaies virtu"
2b6dd92a7ea0472b81fd2d76e79d9a94,Mark Zamfir Sirer 2016 — Call for Moratorium on The DAO,IndigenousLiterature|Reference,2016,OUI,first+year,6,"MARK Dino, ZAMFIR Vlad et SIRER Emin Gün, 2016, « A Call for a Temporary Moratorium on The DAO », https://docs.google.com/document/d/10kTyCmGPhvZy94F7VWyS- dQ4lsBacR2dUgGTtV98C40/e"
10973e59658ab43d2652a03ebd56a505,Martti Malmi (Sirius),Reference,,NON,,1,
e33df7df4c104ad78995359efb104629,Massa 2015,GreyLiterature|Reference,2015,OUI,first+year,2,"MASSA Annie, 2015, « Blythe Masters Says Forget Bitcoin, Embrace the Blockchain », Bloomberg.com, 6 oct. 2015."
74b4e44f74614a38b5e319be177e46ee,Maurer Nelms Swartz 2013 — Practical materiality of Bitcoin,AcademicWork|Reference,2013,OUI,first+year,2,"MAURER Bill, NELMS Taylor C. et SWARTZ Lana, 2013, « “When perhaps the real problem is money itself!”: The practical materiality of Bitcoin », Social Semiotics, 2013, vol. 23, no 2"
73ec82f5ffa03829ef5ab301dfadad9b,Mauss 1914,Reference,1914,OUI,first+year,3,"MAUSS Marcel, 1914, « Les origines de la notion de monnaie » dans Oeuvres 2. Représentations collectives et diversité des civilisations, Paris, Les Editions de Minuit, 1969, 106-11"
ff9f99aebc5d4ea69609189a38a96a53,Mauss 1914 — Les origines de la notion de monnaie,Reference,1914,OUI,first+year,4,"MAUSS Marcel, 1914, « Les origines de la notion de monnaie » dans Oeuvres 2. Représentations collectives et diversité des civilisations, Paris, Les Editions de Minuit, 1969, 106-11"
2650412d428547c88dcf82a1fa1895af,Mauss 1923 — Essai sur le don,Reference,1923,OUI,first+year,2,"MAUSS Marcel, 1923, Essai sur le don. Formes et raison de l’échange dans les société archaïques , , Paris, Flammarion, rééd. 2021."
eb5442d4616747d09e6015d4211cc7b9,May 1992 Crypto Anarchist Manifesto,Reference,1992,OUI,first+year,4,"MAY Timothy C., 1992, The Crypto Anarchist Manifesto , https://www.activism.net/cypherpunk/crypto-anarchy.html, 22 novembre 1992, consulté le 13 novembre 2016."
f745b5915c8c45f48371d2136155ba94,May 1994 — Cyphernomicon,IndigenousLiterature|Reference,1994,OUI,first+year,4,"MAY Timothy C., 1994, « Tim_may_cyphernomicon.pdf », https://dpya.org/en/images/9/95/Tim_may_cyphernomicon.pdf, 1994, consulté le 30 juin 2020."
482b58684cae41d8a755fc694a478b7b,May 2018,GreyLiterature|Reference,2018,OUI,first+year,2,"MAY Timothy C., 2018, « Enough with the ICO -Me-So-Horny-Get-Rich-Quick-Lambo Crypto », CoinDesk, 19 oct. 2018."
640a4437aa274d4fa91461779155ad22,McCombie 2018 — Bitcoin Core development and CVE-2018-17144,Reference,2018,OUI,first+year,5,"MCCOMBIE Charlie, 2018, « New Regulations in Japan Recognise Bitcoin as a Legal Form of Payment », Cointelegraph, 8 mars 2018, 8 mars 2018."
d3dfe7eb675e4b5b952083c3fa570556,McCormack & Corallo 2019 — What Bitcoin Did podcast: Matt Corallo on Bitcoin development,Reference,2019,OUI,first+year,9,"MCCORMACK Peter et CORALLO Matt, 2019, « How Bitcoin Works with Matt Corallo », https://www.whatbitcoindid.com/podcast/matt-corallo-on-how-makes-bitcoin-work, 7 février 2019, consu"
05652003c4fa43d2bb7d1c01bb7d996a,McCormack & Song 2018 — What Bitcoin Did podcast: Jimmy Song on Bitcoin development,Reference,2018,OUI,first+year,5,"MCCORMACK Peter et SONG Jimmy, 2018, « WBD037 - Jimmy Song Interview Transcription », https://www.whatbitcoindid.com/transcription-jimmy-song, 1 octobre 2018, consulté le 24 novemb"
34a121ef30e744dbabde3ac7415d56dc,McCormack & Szabo 2019 — What Bitcoin Did podcast: Nick Szabo on Cypherpunk origins,Reference,2019,OUI,first+year,6,"MCCORMACK Peter et SZABO Nick, 2019, « Nick Szabo on Cypherpunks, Money and Bitcoin », What Bitcoin Did , podcast, https://www.whatbitcoindid.com/podcast/nick-szabo-on-cypherpunks-"
2511b4d75fbb4a0cb2739882d080911a,McCormack & Van Wirdum 2020 — What Bitcoin Did podcast: Aaron Van Wirdum on cypherpunk history,Reference,2020,OUI,first+year,5,"MCCORMACK Peter et VAN WIRDUM Aaron, 2020, « Beginner’s Guide #3: Bitcoin’s Pre-History and the Cypherpunks with Aaron van Wirdum », https://soundcloud.com/what-bitcoin-did/bitcoin"
43e62e3adcb8482ea1b357fcd6e2f7ec,McCormack & Walch 2019 — What Bitcoin Did podcast: Angela Walch on critiquing decentralization,Reference,2019,OUI,first+year,9,"MCCORMACK Peter et WALCH Angela, 2019, « Critiquing Bitcoin with Angela Walch », https://medium.com/hackernoon/critiquing-bitcoin-with-angela-walch-6d3518657a92, 24 avril 2019, con"
89565e90e4a64560bc4bf517d3aa4f9c,McCormack et Voorhees 2019,GreyLiterature|Reference,2019,OUI,first+year,4,"MCCORMACK Peter et VOORHEES Erik, 2019, « Erik Voorhees on Understanding Libertarianism », https://www.whatbitcoindid.com/podcast/erik-voorhees-on-understanding-libertarianism, 24 "
1d298a549b6640dfa321ba56cca488c8,McMillan 2012 — Bitcoin's GitHub and open source development,Reference,2012,OUI,first+year,5,"MCMILLAN Robert, 2012, « Lord of the Files: How GitHub Tamed Free Software (And More) », Wired, https://www.wired.com/2012/02/github-2/, 21 févr. 2012, consulté le 21 janvier 2018."
7606d7fd6ff44bbc9266194c5165319c,Menger 1892 — On the Origin of Money,AcademicWork|Reference,1892,OUI,first+year,2,"MENGER Karl, 1892, « On the Origin of Money », the economic journal , 1892, vol. 2, n°6, p. 1829‑1841."
e313a98a089344b6b662c8afcb9608a4,Milano 2020 — Bitcoin logos and visual identity history,Reference,2020,OUI,first+year,5,"MILANO Annaliese, 2020, « About That Orange B... The History of Bitcoin’s Logos », CoinDesk, https://www.coindesk.com/about-that-orange-b-the-history-of-bitcoins-logos, 20 mai 2020"
00d8c6248c554ebe93373d571afbc833,Miles et Voorhees 2017,GreyLiterature|Reference,2017,OUI,first+year,2,"MILES et VOORHEES Erik, 2017, « “Bitcoin — The Libertarian Introduction” — Erik Voorhees », Medium, https://medium.com/lux-initiative/bitcoin-the-libertarian-introduction-c616edd84"
c7666ecb5b4040be8a7d00381b74a71e,Miller 2022 — The Ethereum Merge: technical overview,Reference,2022,OUI,first+year,5,"MILLER Hannah, 2022, « The Merge Was a Success. Crypto Still Has Problems », Bloomberg.com, 19 sept. 2022."
b7f8607bde0340b9acadd0537b669656,Milton Friedman,Reference,,NON,,1,
284221f6dc2c4a9ab4f3a1a2bf4c0d43,Ministère de l'Économie et des Finances 2019 — Réglementation des actifs numériques en France,Reference,2019,OUI,first+year,1,"MINISTÈRE DE L’ÉCONOMIE ET DES FINANCES, 2019a, « RPPM - Plus-values sur biens meubles et taxe forfaitaire sur les objets précieux - Cession d’actifs numériques à titre occasionnel"
8a3427113b9b432fbad171b37cc82e1e,Minsky 1985 — The financial instability hypothesis,Reference,1985,OUI,first+year,2,"MINSKY Hyman P., 1985, « Money and the Lender of Last Resort », Levy Economics Institute of Bard College, 1985, paper 31, archive/ march-april 1985, p. 11‑18."
e942d61990794a5db4399f9d19a54fff,"Miotti & Plihon 2001 — Libéralisation financière, spéculation et crises bancaires",Reference,2001,OUI,first+year,2,"MIOTTI Luis et PLIHON Dominique, 2001, « Libéralisation financière, spéculation et crises bancaires », La Documentation Française économie internationale, 2001, n°85, p. 3‑36."
4dfbecfb7d33420fb661d57ef32317c4,Monahan 2016 — The DAO split and Ethereum hard fork decision,Reference,2016,OUI,first+year,5,"MONAHAN Taylor (aka insomniasexx), 2016, « r / TheDao Let me repeat that one more time : we are making NO recommendation on what you should do. The community has asked for a way to"
03d001b369d241ad9cdaae212ef3df47,Moreau 2019 — Les licences libres et open source,Reference,2019,OUI,first+year,2,"MOREAU Gabriel, 2019, « Les licences et Logiciels libres », https://ecoinfo.cnrs.fr/wp- content/uploads/2019/10/ANF2019_LicencesLibres_LaurentBourges-1.pdf, consulté le 16 mai 2021"
8543e5893df14affadc717d809a65a66,Morris D.Z. 2023 — What the DAO hack means for Ethereum today,Reference,2023,OUI,first+year,6,"MORRIS David Z., 2023, « CoinDesk Turns 10: 2016 - How The DAO Hack Changed Ethereum and Crypto », https://www.coindesk.com/consensus-magazine/2023/05/09/coindesk-turns-10-how-the-"
a0ea67a8773a46408d07d186b3e40519,Morris Steven 2021 — Man's quest to find lost bitcoins in landfill,Reference,2021,OUI,first+year,6,"MORRIS Steven, 2021, « Man offers Newport council £50m if it helps find bitcoins in landfill », The Guardian, http://www.theguardian.com/uk-news/2021/jan/14/man-newport-council-50m"
51cd9218082f4db7b393a6d84f2f7b00,Moser et Bohme 2015,AcademicWork|Reference,2015,OUI,first+year,2,"MÖSER Malte et BÖHME Rainer, 2015, « Trends, Tips, Tolls: A Longitudinal Study of Bitcoin Transaction Fees » dans Michael Brenner, Nicolas Christin, Benjamin Johnson et Kurt Rohlof"
42e205bc914b4b20a9050b7ef91737c6,Mow 2018 — The Bitcoin white paper is not a bible,Reference,2018,OUI,first+year,6,"MOW Samson, 2018, « Bitcoin’s White Paper Is Not a Bible – Stop Worshipping It », Coindesk, https://www.coindesk.com/markets/2018/11/01/bitcoins-white-paper-is-not-a-bible-stop-wor"
3e319fccd2e6494d9e0df00b56dfa154,Mullin 2013 — Winklevoss twins and Bitcoin ETF,Reference,2013,OUI,first+year,2,"MULLIN Joe, 2013, « Winklevoss twins create fund to trade Bitcoins on stock market », https://arstechnica.com/information-technology/2013/07/winklevoss-twins-create-fund-to-trade-b"
53b9e239a61542bb919f4f465d930e75,Muniesa 2017 — Economia en acción (The Economist as a Performer),Reference,2017,OUI,first+year,2,"MUNIESA F, 2017, « Le marché comme solution informatique : le cas du Arizona Stock Exchange », Papiers de recherche du CSI, n°008, juillet 2017, p. 21."
db527a77389342b38babf489d9ff0f09,Muniesa Millo Callon 2007 — Market devices,Reference,2007,OUI,first+year,1,"MUNIESA Fabian, MILLO Yuval et CALLON Michel, 2007, « An introduction to market devices », Sociological Review, 2007, vol. 55, SUPPL. 2, p. 1‑12."
37025199c5e84a9bb33c0284e65d29c2,Muratov & Vogelsteller 2016 — Robin Hood Group DAO fund recovery,Reference,2016,OUI,first+year,1,"MURATOV Eugene et VOGELSTELLER Fabian, 2016, « The Robin Hood Team: The DAO’s Assets May Return Without a HardFork », https://Forklog.media/the-robin-hood-team-the-daos-assets-may-"
11ca49860474402ab03050357095c728,Musiani 2018 CM Gouvernance,Reference,2018,OUI,first+year,3,"MUSIANI Francesca, MALLARD Alexandre et MÉADEL Cécile, 2018, « 7 Governing what wasn’t meant to be governed » dans Campbell-Verduyn Malcolm, Bitcoin and Beyond. Cryptocurrencies, B"
ad474c1724da4ec88cbd78f924613cc5,Musiani Mallard Meadel 2018,Reference,2018,OUI,first+year,2,"MUSIANI Francesca, MALLARD Alexandre et MÉADEL Cécile, 2018, « 7 Governing what wasn’t meant to be governed » dans Campbell-Verduyn Malcolm, Bitcoin and Beyond. Cryptocurrencies, B"
9d026d51d41e40edb4c8c7c15d563ca5,Musiani Mallard Méadel 2018 — Governing what wasn't meant to be governed,AcademicWork|Reference,2018,OUI,first+year,3,"MUSIANI Francesca, MALLARD Alexandre et MÉADEL Cécile, 2018, « 7 Governing what wasn’t meant to be governed » dans Campbell-Verduyn Malcolm, Bitcoin and Beyond. Cryptocurrencies, B"
11e66a98730d4c0f8808b18bf5f2ae92,Métille 2014 — Bitcoin et droit suisse,Reference,2014,OUI,first+year,5,"MÉTILLE Sylvain, 2014, « La Suisse et le bitcoin », https://smetille.ch/2014/07/09/la-suisse-et-le- bitcoin/, 9 juillet 2014, consulté le 4 mars 2021."
8a6aba8ed0de404ea8648f2419d9f63e,Möser & Böhme 2015 — Towards Bitcoin payment networks,Reference,2015,OUI,first+year,6,"MÖSER Malte et BÖHME Rainer, 2015, « Trends, Tips, Tolls: A Longitudinal Study of Bitcoin Transaction Fees » dans Michael Brenner, Nicolas Christin, Benjamin Johnson et Kurt Rohlof"
abe6e5b0f8944a5580d0c568bd41ac20,Nakamoto & Hearn 2009 — Email correspondence on Bitcoin scalability,Reference,2009,OUI,first+year,9,"NAKAMOTO Satoshi et HEARN Mike, 2009, « Gmail - Questions about BitCoin », https://plan99.net/~mike/satoshi-emails/thread1.html, 12 avril 2009, consulté le 13 septembre 2023."
4510632442f34a1c8ad6f3fe0f17ad05,Nakamoto 2008 Bitcoin WP,Reference,2008,OUI,first+year,11,"NAKAMOTO Satoshi, 2008c, « Bitcoin: A Peer -to-Peer Electronic Cash System », https://bitcoin.org/bitcoin.pdf, consulté le 20 septembre 2015."
8b6fcbf0640d39251634844b02ac40fe,Nakamoto 2008a,IndigenousLiterature,2008,OUI,first+year,4,"NAKAMOTO Satoshi, 2008a, « Response of Satoshi Nakamoto to a question on the impossibility to find solution in cryptography to political problems, in Mailing list », https://satosh"
e324660d7944e4c3b398b652c9eb490d,Nakamoto 2008c — Bitcoin: A Peer-to-Peer Electronic Cash System,AcademicWork,2008,OUI,first+year,5,"NAKAMOTO Satoshi, 2008c, « Bitcoin: A Peer -to-Peer Electronic Cash System », https://bitcoin.org/bitcoin.pdf, consulté le 20 septembre 2015."
ce7047344df440e2d9758b023c94af29,Nakamoto 2009a,IndigenousLiterature,2009,OUI,first+year,1,"NAKAMOTO Satoshi, 2009a, « Bitcoin open source implementation of P2P currency (old chaumian mint) », https://satoshi.nakamotoinstitute.org/posts/p2pfoundation/2/, 15 février 2009, "
6f4030bca8aa4f42b6ddbccef848a383,Nakamoto 2010a,IndigenousLiterature|Reference,2010,OUI,first+year,3,"NAKAMOTO Satoshi, 2010a, « Satoshi Nakamoto last post on Bitcointalk : Added some DoS limits, removed safe mode (0.3.19) », https://bitcointalk.org/index.php?topic=2228.msg29479#ms"
313c66ac111542d3a47de4607949a807,Nakamoto 2010b,IndigenousLiterature|Reference,2010,OUI,first+year,3,"NAKAMOTO Satoshi, 2010b, « BitDNS and Generalizing Bitcoin », https://bitcointalk.org/index.php?topic=1790.msg28917#msg28917, consulté le 31 août 2020."
34c52771cbcf9e7e7a941c4307055ee4,Nakamoto 2010g,IndigenousLiterature,2010,OUI,first+year,3,"Nakamoto Satoshi, 2010 g, « Wikileaks has kicked the hornet’s nest », https://bitcointalk.org/index.php?topic=2216.msg29280#msg29280, consulté le 3 août 2020."
b987cb2865ba4b2c8723bc90bff194dd,Nakamoto 2011,GreyLiterature|Reference,2011,OUI,first+year,3,"NAKAMOTO Satoshi, 2011, « Dernier mail de Nakamoto Gmail - Holding coins in an unspendable state for a rolling time window », https://plan99.net/~mike/satoshi-emails/thread5.html, "
c539113210a84e1eaea3d8340504aba5,Narayanan & Clark 2017,Reference,2017,OUI,first+year,5,"NARAYANAN Arvind et CLARK Jeremy, 2017, « Bitcoin’s academic pedigree », Communications of the ACM, 2017, vol. 60, no 12, p. 36‑45."
d41e873a58e8e4eeb1f0ae715f884f8a,Narayanan et Clark 2017,AcademicWork,2017,OUI,first+year,5,"NARAYANAN Arvind et CLARK Jeremy, 2017, « Bitcoin’s academic pedigree », Communications of the ACM, 2017, vol. 60, no 12, p. 36‑45."
d66fdb7349e04a84b2850d2cb4b7f2de,Neil Gandal,Reference,,NON,,0,
90e866d0e30348ddb2ea7ceaf64610b6,Nermin Hajdarbegovic,Reference,,NON,,0,
47df877532e44103851315e87dba4279,Newbery & Rochard — CVE-2018-17144 analysis and Bitcoin Core maintenance,Reference,2018,OUI,first+year,2,"NEWBERY John et ROCHARD Pierre, « Jnewbery-cve-2018-17144-bug », https://diyhpl.us/wiki/transcripts/noded-podcast/jnewbery-cve-2018-17144-bug/, consulté le 6 février 2020. O’BRIEN "
04dd36dce5e64b6487820a2b61229d43,NewLibertyStandard 2009 — Bitcoin exchange rate post,IndigenousLiterature|Reference,2009,NON,,5,
102a3d9c39ff43ccb0d32ecb4aaa977e,Nouriel Roubini,Reference,,NON,,0,
780f2dd665fa41fb8eb2ad24579f7451,O'Brien 2014,GreyLiterature|Reference,2014,NON,,1,
44177b20c15c416d94cc884deb05e9fe,O'Brien 2014 — Multisig and Bitcoin transaction standards (BIP16),Reference,2014,NON,,5,
3e0601de538d47ffbb32315e4fe8c0eb,O'Connell 2016 — Al Gore and blockchain technology,Reference,2016,OUI,first+year,1,"OCONNELL Justin, 2016, « Bitcoin Enthusiast Al Gore to Star in “An Inconvenient Truth ” Follow- Up »,, https://www.ccn.com/bitcoin-enthusiast-al-gore-star-inconvenient-truth-follow"
2e1ae899bf5d40898bf48160cbc59c6f,O'Leary 2018,GreyLiterature|Reference,2018,NON,,1,
61feb8a11ef143fbb0f3810ea1087e1d,O'Leary 2018 — ASICs and Ethereum mining centralization,Reference,2018,NON,,5,
e77f57eb5cef4c7bb54b0869c88f0e5e,Olafsson 2014 — Bitcoin Iceland,Reference,2014,OUI,coauthor+year,5,"ANDRI OLAFSSON Isak, 2014, « Is Bitcoin money? An analysis from the Austrian school of economic thought », School of Social Sciences at the University of Iceland, s.l."
2ae1182dd62c4e2691938b122812e2b2,Orleans 1998 La monnaie entre violence et confiance,Reference,1998,OUI,attr+year,1,"ORLÉAN André, 1998, « La monnaie autoréférentielle: reflexion sur les évolution monétaire contemporaine » dans La monnaie souveraine, Paris, Éd Odile Jacob., p. 359‑386."
b9e7bc0ec25c464ea27d90d2a8038983,Orléan 1989 — Approche cognitive des conventions,AcademicWork|Reference,1989,OUI,first+year,3,"ORLÉAN André, 1989, « Pour une approche cognitive des conventions économiques », Revue économique, 1989, vol. 40, n°2, L’économie des conventions (Mar., 1989), p. 241-272."
a1dfb279c76040f7a8f7f05909efc7fe,Orléan 1992 — La monnaie comme lien social (Simmel),AcademicWork|Reference,1992,OUI,first+year,1,"ORLÉAN André, 1992, « La monnaie comme lien social. Étude de Philosophie de l’argent de Georg Simmel », Genèses, 1992, vol. 8, no 1, p. 86‑107."
a9340f8c0366860c9b2a0e96160a6766,Orléan 1998,Reference,1998,OUI,first+year,6,"ORLÉAN André, 1998, « La monnaie autoréférentielle: reflexion sur les évolution monétaire contemporaine » dans La monnaie souveraine, Paris, Éd Odile Jacob., p. 359‑386."
206ffb42b0204d808a0923a54b25d29e,Orléan 1998 — La monnaie autoréférentielle,AcademicWork|Reference,1998,OUI,first+year,8,"ORLÉAN André, 1998, « La monnaie autoréférentielle: reflexion sur les évolution monétaire contemporaine » dans La monnaie souveraine, Paris, Éd Odile Jacob., p. 359‑386."
cd70a1754f4e4a2192c0823bb2a77319,Orléan 2003 — Fondements institutionnels objectivité marchande,AcademicWork|Reference,2003,OUI,first+year,1,"ORLÉAN A, 2003, « Réflexion sur les fondements institutionnels de l’objectivité marchande », Cahiers d’économie Politique, 2004/1, n° 44, p. 181-196."
a5130c632dec4665bb67201a5036b295,Orléan 2019 — La communauté bitcoin (Esprit),AcademicWork|Reference,2019,OUI,first+year,4,"ORLÉAN André, 2019, « La communauté bitcoin », Esprit, 2019, Juillet-Août, no 7, p. 47."
e13692901c36f2d9cb7ab48c06859472,Orléan et Aglietta 1982,Reference,1982,OUI,first+year,1,"ORLEAN A. & AGLIETTA M., 1982, La violence de la monnaie, Paris, Presses Universitaires de France."
777d816556d94da2aee6d4ad48bf9dcb,Ostrom & Basurto 2013 — Outils d'analyse changement institutionnel,AcademicWork|Reference,2013,OUI,first+year,2,"OSTROM Elinor et BASURTO Xavier, 2013, « Façonner des outils d’analyse pour étudier le changement institutionnel », Revue de la régulation, 12 décembre 2013, no 14."
e3b7d91585004ef7a392934a0b37292f,Ostrom 1990,Reference,1990,OUI,first+year,3,"OSTROM Elinor, 1990, Governing the Commons, New York, Cambridge University Press, 1990."
b86c5ec82ea14e47854fce42261981d6,Ostrom 1990 — Governing the Commons,AcademicWork|Reference,1990,OUI,first+year,3,"OSTROM Elinor, 1990, Governing the Commons, New York, Cambridge University Press, 1990."
43b7c14b59c1419e95aa6dcdf6885d84,Ostrom 2005 — Governing a Commons from a Citizen's Perspective,AcademicWork|Reference,2005,OUI,first+year,1,"OSTROM Elinor, 2005, « Governing a Commons from a Citizen’s Perspective », 2005, p. 1‑9."
d85ac269b7454103a31b27f163d621f7,Osuntokun et al. 2019 — Lightning network BOLT specifications,Reference,2019,OUI,first+year,2,"OSUNTOKUN Olaoluwa, CAMARENA Justin, CORALLO Matt et FOLKSON Michael, 2019, « Lightning security panel », Breaking Bitcoin Conference 2019, Amsterdam, https://www.youtube.com/watch"
7f81d30b05a247d9b271577caee8db42,Ou 2017 — Fiatsplaining: explaining fiat money to Bitcoin advocates,Reference,2017,OUI,first+year,5,"OU Elaine, 2017, « Fiatsplaining Bitcoin », https://elaineou.com/2017/12/16/fiatsplaining-bitcoin/, 17 décembre 2017, consulté le 3 février 2021."
192e35c022374c43a1cc79d3a365b425,Parity Technologies 2019 — Ethereum client development and governance,Reference,2019,OUI,first+year,5,"PARITY TECHNOLOGIES, 2019, « Transitioning Parity Ethereum to OpenEthereum DAO | Parity Technologies », https://www.parity.io/blog/parity-ethereum-openethereum-dao/, 16 décembre 20"
1809a6eb8dfe476a83cd42cc6be9e2fa,Partz 2020a — China's cryptocurrency ban and mining crackdown,Reference,2020,OUI,first+year,1,"PARTZ Helen, 2020a, « China Didn’t Ban Bitcoin Entirely, Says Beijing Arbitration Commission », https://cointelegraph.com/news/china-didnt-ban-bitcoin-entirely-says-beijing-arbitra"
f52bef8f37d34ca7b16d4931de47e05e,Partz 2020b — Zermatt Switzerland accepts Bitcoin for taxes,Reference,2020,OUI,first+year,5,"PARTZ Helen, 2020b, « City of Zermatt Switzerland Now Accepts Tax Payments in Bitcoin », https://cointelegraph.com/news/city-of-zermatt-switzerland-now-accepts-tax-payments-in-bitc"
3de49d9ee3894690974b7273eb058edc,Pastinelli 2011 — Pour en finir avec l'ethnographie du virtuel,AcademicWork|Reference,2011,OUI,first+year,2,"PASTINELLI Madeleine, 2011, « Pour en finir avec l’ethnographie du virtuel !: Des enjeux méthodologiques de l’enquête de terrain en ligne », Anthropologie et Sociétés, 2011, vol. 3"
4669c78297ef4330958faacf150247a1,Paul Krugman,Reference,,NON,,0,
77653956f06d4f0092bb4d8f73c08a2e,Paye 2005 — La gouvernance notion polysémique à concept politologique,AcademicWork|Reference,2005,OUI,first+year,4,"PAYE Olivier, 2005, « La gouvernance : D’une notion polysémique à un concept politologique », Études Internationales, 2005, vol. 36, no 1, p. 13."
5adb3553eec8408db0b3b3aaf30744ac,Perry Barlow 2000 — A Declaration of Independence of Cyberspace (republication),Reference,2000,OUI,first+year,1,"PERRY BARLOW John, 2000, Déclaration d’indépendance du cyberespace in Olivier Blondeau, Libres enfants du savoir numérique, Paris, Ed. de l’Eclat, p. 47-54."
6fffe99d7639401dbb2688a3c1f951cf,Pfister 2017 — Monnaie digitale de banque centrale (Banque de France),Reference,2017,OUI,first+year,3,"PFISTER Christian, 2017, « Monetary Policy and Digital Currencies: Much Ado about Nothing? », Septembre 2017, Paris, Banque de France."
760022a00ba44f849c198ed6fa3959a3,Philh 2021 — EIP-1559: fee market reform and base fee burn,Reference,2021,OUI,first+year,2,"PHILH, 2021, « Et voici EIP -1559 ! », https://www.ethereum -france.com/blog/et-voici-eip-1559- thedailygweifr/, 30 juillet 2021, consulté le 29 juin 2023."
a11d118b95379132fab758f02ccf4902,Philosophie de l'argent (Simmel 1900),AcademicWork,1900,NON,,1,
6e30e4f422b945b7a0883122cf70aaac,Plihon 2008 — La monnaie et ses mécanismes,Reference,2008,OUI,first+year,1,"PLIHON Dominique, 2008, La monnaie et ses mécanismes, Paris, La découverte, (coll. « Repères »)."
f4bf1b02802f4f91b607a50377f06114,Polanyi 1944 / 2011,Reference,1944,OUI,first+year,3,"POLANYI Karl, 1944, La grande transformation : aux origines politiques et économiques de notre temps, Paris, Gallimard, rééd 2004."
1782b07fc7cc459e9636817b6350be4f,Polanyi 1944 — La grande transformation,AcademicWork|Reference,1944,OUI,first+year,2,"POLANYI Karl, 1944, La grande transformation : aux origines politiques et économiques de notre temps, Paris, Gallimard, rééd 2004."
d59d4daf9118bb32716098b7f00f0328,Polanyi 2011,Reference,2011,OUI,first+year,4,"POLANYI Karl, 2011, La subsistance de l’homme : La place de l’économie dans l’histoire et la société [trad B Chavance], Paris, Flammarion."
24d1f1fef4004261b7828cee4ef56038,Polanyi 2011 — La subsistance de l'homme,AcademicWork|Reference,2011,OUI,first+year,5,"POLANYI Karl, 2011, La subsistance de l’homme : La place de l’économie dans l’histoire et la société [trad B Chavance], Paris, Flammarion."
dfb62bb39e9a440d91e555e2ded60f70,Polrot 2016a — To Fork or not to Fork: The DAO hard fork debate,Reference,2016,OUI,first+year,5,"POLROT Simon, 2016a, « To Fork or not to Fork, telle est la question ! », https://www.ethereum- france.com/to-Fork*-or-not-to-Fork-telle-est-la-question/, 27 juin 2016, consulté le"
7ad159adcd19445d9f6f0f90a56fd031,Polrot 2017 — Ethereum Classic ecosystem and governance,Reference,2017,OUI,first+year,6,"POLROT Simon, 2017, « Comptes, transactions, gaz et limites de gaz par bloc sur Ethereum », https://www.ethereum-france.com/comptes-transactions-gaz-et-limites-de-gaz-par-bloc-sur-"
799ce638327343838a92e99730560a8e,Ponsot 2021 — Cryptomonnaies et gouvernance monétaire,Reference,2021,OUI,first+year,3,"PONSOT Jean-François, 2021, « Monnaies numériques, confiance et souverainté », Banque & Stratégie, mars 2021, no 400, p. 4."
a2d58ccdc9ea4a81a58a5649494aaff4,Poon & Dryja 2015 LN,Reference,2015,NON,,1,
a4e93296223746bca50b81d173f9d464,"Popper 2014 — Hal Finney, cryptographer and early Bitcoin developer, dies at 58",Reference,2014,OUI,first+year,5,"POPPER Nathaniel, 2014, « Hal Finney, Cryptographer and Bitcoin Pioneer, Dies at 58 », The New York Times, 30 août 2014."
37bcfcd5fb29436b846b4718268480c5,Popper 2016a — A venture fund with plenty of virtual capital but no human managers (NYT),Reference,2016,OUI,first+year,1,"POPPER Nathaniel, 2016a, « Paper Points Up Flaws in Venture Fund Based on Virtual Money », The New York Times, 27 mai 2016."
a605c562dc792727eb4644dcc2c6ae50,Pouliot 2018,Reference,2018,OUI,first+year,3,"POULIOT Francis, 2018, « Catallaxy: the origins of Bitcoin and innovation », https://medium.com/@francispouliot/catallaxy-the-origins-of-bitcoin-and-innovation-93dbc3190eac, 5 sept"
c7bab4b241524b4a833a2869b6839dd5,Pouliot 2018 — Bitcoin: l'histoire cachée,Reference,2018,OUI,first+year,7,"POULIOT Francis, 2018, « Catallaxy: the origins of Bitcoin and innovation », https://medium.com/@francispouliot/catallaxy-the-origins-of-bitcoin-and-innovation-93dbc3190eac, 5 sept"
b5b3dbd49ade49e0b99392c32a6690ad,PrestonByrne 2018 — Bitcoin CVE-2018-17144 and Bitcoin Cash,Reference,2018,OUI,first+year,5,"PRESTONBYRNE, 2018, « Whether Ether is a security », https://prestonbyrne.com/2018/04/23/on - ethereum-security/, 23 avril 2018, consulté le 6 décembre 2019."
fb692ce5f716443fa6bd1d5e28906142,Primavera De Filippi,Reference,,NON,,1,
8e534d6ef22a42ad85b53a245c44aa15,ProAssetz 2018 — Ethereum difficulty bomb and ice age mechanism,Reference,2018,OUI,first+year,3,"PROASSETZ, 2018, « Ethereum ice age », https://medium.com/@proassetz/ethereum -ice-age- d6e2e35df339, 29 septembre 2018, consulté le 16 juin 2023."
9e426c62359a4ac1b2218b0ccbe5d815,QTUM 2020 — CVE-2018-17144 impact on QTUM network,Reference,2020,OUI,first+year,1,"QTUM, 2020, « Historical Review: Catching One of Bitcoin’s Major Vulnerabilities », https://blog.qtum.org/historical-review-catching-one-of-bitcoins-major-vulnerabilities-3fb458663"
61b5daeb40b5453b814870e9f9324f34,Quentson 2016 — The DAO holds $130 million: is this a bubble?,Reference,2016,OUI,first+year,5,"QUENTSON Andrew, 2016, « DAO Makes History, Raises $130 Million, Breaking All Records », https://cointelegraph.com/news/dao-makes-history-raises-130-million-breaking-all-records, 1"
af1500c7d4b54548a85199016dc2f55e,Qureshi 2019 — A beginners guide to Bitcoin's public-key cryptography,Reference,2019,OUI,first+year,7,"QURESHI Haseeb, 2019, « Public-Key Cryptography », https://nakamoto.com/public -key- cryptography/, 29 décembre 2019, consulté le 4 août 2020."
3edd7c549d0b4f86ad528aaebaa573ad,Quéré 1989 — La sociologie à l'épreuve de l'herméneutique,Reference,1989,OUI,first+year,2,"QUÉRÉ Louis, 1989, « Les boîtes noires de Bruno Latour ou le lien social dans la machine », Réseaux. Communication - Technologie - Société, 1989, vol. 7, no 36, p. 95‑117."
7bca8e9a05a34a25b998960e7ec6df65,Rainer Böhme,Reference,,NON,,0,
9014e9b2177a48e9a334fa483f52ccea,Randall Wray 2010 — Modern Monetary Theory and the origins of money,Reference,2010,OUI,first+year,1,"RANDALL WRAY L, 2010, « Alternative Approaches to Money », Theoretical Inquiries in Law, 2010, vol. 11, no 1, p. 29‑49."
4f8f09e6db31439399896568354c0f56,"Raskin & Yermack 2016 — Digital currencies, decentralized ledgers, and the future of central banking",Reference,2016,OUI,first+year,3,"RASKIN Max et YERMACK David, 2016, « Digital currencies, decentralized ledgers, and the future of central banking », National Bureau of Economic Research, 2016, p. 1‑18."
a97e6731b97b32372dc29020e1317b59,Raskin et Yermack 2016,Reference,2016,OUI,first+year,2,"RASKIN Max et YERMACK David, 2016, « Digital currencies, decentralized ledgers, and the future of central banking », National Bureau of Economic Research, 2016, p. 1‑18."
4ed01f7542be4de9b53d4f30516ab5fb,Rauchs 2016,Reference,2016,OUI,first+year,4,"RAUCHS Michel, 2016, « Cryptocurrencies meeting business ecosystems : the case of bitcoin », https://papers.ssrn.com/sol3/papers.cfm?abstract_id=3095875, 1er septembre 2016, consul"
9531cc48ccec4fa3b4dec6e4ea90f907,Rauchs 2016 — Cryptocurrencies meeting business ecosystems,AcademicWork|Reference,2016,OUI,first+year,3,"RAUCHS Michel, 2016, « Cryptocurrencies meeting business ecosystems : the case of bitcoin », https://papers.ssrn.com/sol3/papers.cfm?abstract_id=3095875, 1er septembre 2016, consul"
9984b3924a284a1d881e34ffcf669c39,Rauchs et al. 2018,Reference,2018,OUI,first+year,7,"RAUCHS Michel, GLIDDEN Andrew, GORDON Brian, PIETERS Gina, RECANATINI Martino, ROSTAND François, VAGNEUR Kathryn et ZHANG Bryan, 2018, « Distributed Ledger Systems: A Conceptual Fr"
c90459607fca4768b307d096e3e05378,Rauchs et al. 2018 — Distributed Ledger Systems Conceptual Framework,AcademicWork|Reference,2018,OUI,first+year,7,"RAUCHS Michel, GLIDDEN Andrew, GORDON Brian, PIETERS Gina, RECANATINI Martino, ROSTAND François, VAGNEUR Kathryn et ZHANG Bryan, 2018, « Distributed Ledger Systems: A Conceptual Fr"
db8fdd47887443e590814d0c890a9a70,"Raynal 2017 — Zug, la crypto valley suisse",Reference,2017,OUI,first+year,2,"RAYNAL Juliette, 2017, « Zoug, la bourgade suisse devenue capitale de la Crypto Valley », https://www.usine-digitale.fr/article/zoug-la-bourgade-suisse-devenue-capitale-de-la-crypt"
45bd1a5e9fb94fab8f00c630b50ddb2c,Rebérioux 2003 — Gouvernance d'entreprise et actionnaires,Reference,2003,OUI,first+year,2,"REBERIOUX Antoine, 2003, « Governance d’entreprise et théorie de la firme. Quelle(s) alternative(s) à la valeur actionnariale ? », Revue d’économie industrielle, 2003, vol. 104, no"
0e18ca259c344c55a1f1e410f28ebaf4,Redman 2019a — XRP and Ripple network bots controversy,Reference,2019,OUI,first+year,2,"REDMAN Jamie, 2019a, « XRP Sentiment Manipulated by Thousands of Bots, Analyst Claims », https://www.bitcoininsider.org/article/64246/xrp-sentiment-manipulated-thousands-bots-analy"
db27994d43c54873939c11e21dcf0ebe,Redman 2019b,GreyLiterature|Reference,2019,OUI,first+year,1,"REDMAN Jamie, 2019b, « The “Wrapped Bitcoin ” Project Has Now Officially Launched on Ethereum », https://news.bitcoin.com/the-wrapped-bitcoin-project-has-officially-launched-on-eth"
6e2f338bb3bc4a04aa0fa3dfa8931318,Redman 2019b — Wrapped Bitcoin (WBTC) launch on Ethereum,Reference,2019,OUI,first+year,5,"REDMAN Jamie, 2019b, « The “Wrapped Bitcoin ” Project Has Now Officially Launched on Ethereum », https://news.bitcoin.com/the-wrapped-bitcoin-project-has-officially-launched-on-eth"
98fb6b039dd44fdb814f3f1eade44262,Redman 2021 — Bitcoin SV and chain split history,Reference,2021,OUI,first+year,6,"REDMAN Jamie, 2021, « An In Depth Look at Bitcoin’s First Chain Split: Satoshi Helps Reverse the Creation of 184 Billion BTC – Featured Bitcoin News », https://news.bitcoin.com/an "
f70403d82d894d4daa466a00d34c7570,Reitwiessner 2016 — Smart Contract Security,IndigenousLiterature|Reference,2016,OUI,first+year,1,"REITWIESSNER Christian, 2016, « Smart Contract Security », https://blog.ethereum.org/2016/06/10/smart-contract-security, 10 juin 2016, consulté le 13 mai 2024."
006e1228204f4706bd090941ce8c6079,Renaud H. 2020 — Hal Finney: le premier utilisateur de Bitcoin,Reference,2020,NON,,0,
82a5e853e54a44c3985266e0559dbdad,Rhodes 1996 — The New Governance: Governing without Government,AcademicWork|Reference,1996,OUI,first+year,3,"RHODES R A W, 1996, « The New Governance : Governing without Government », Political Studies, 1996, 44: 652-66, p. 3‑4."
766c49236ee6484aa92a0566d223b8de,Rizzo 2015,GreyLiterature|Reference,2015,OUI,first+year,1,"RIZZO Pete, 2015, « Mastercoin Seeks Second Start With Omni Reboot », https://www.coindesk.com/mastercoin-new-beginning-omni, 21 janvier 2015, consulté le 6 août 2020."
ce386f98777f45c6ae7585abfd625bbb,Robert Boyer & Dehove 2001 — Théories des crises financières,Reference,2001,OUI,first+year,1,"ROBERT BOYER ET MARIO DEHOVE, 2001, « Théories de l’intégration européenne : entre gouvernance et gouvernement », La lettre de la régulation38, 2001, no 38, p. 1‑4."
f953044f0e5b4500a28f4769386db7fd,Robinson 2020 — Ethereum is a dark forest (MEV and frontrunning),Reference,2020,OUI,first+year,6,"ROBINSON Dan, 2020, « Ethereum is a Dark Forest », Medium, https://medium.com/@danrobinson/ethereum-is-a-dark-forest-ecc5f0505dff, 28 août 2020, consulté le 26 juin 2023."
8df0c49c307e4444b6d65be8754210f6,Rodriguez 2014,GreyLiterature|Reference,2014,OUI,first+year,2,"RODRIGUEZ Salvador, 2014, « Jamaican bobsled team boosts value of Dogecoin, currency based on meme », https://www.latimes.com/business/technology/la -fi-tn-jamaican-bobsled-dogecoi"
e78ed5dcfade440e862b49fb0d13562c,Rodrik 2002 — Feasible globalizations (governance and institutions),Reference,2002,OUI,first+year,3,"RODRIK Dani, 2002, « After neoliberalism, what? », Alternatives to Neoliberalism Conference sponsored by the New Rules for Global Finance Coalition, 23-24 mai 2002, 12 p."
0ea689b1511b481e9df16233058bcce1,Rolland & Slim 2017,Reference,2017,OUI,first+year,4,"ROLLAND Maël et SLIM Assen, 2017, « Économie politique du Bitcoin : l’institutionnalisation d’une monnaie sans institutions », Économie et institutions, 31 décembre 2017, no 26."
708e681a656d41fd9104328794cab822,Rolland & Slim 2017 — Économie politique du Bitcoin,AcademicWork|Reference,2017,OUI,first+year,8,"ROLLAND Maël et SLIM Assen, 2017, « Économie politique du Bitcoin : l’institutionnalisation d’une monnaie sans institutions », Économie et institutions, 31 décembre 2017, no 26."
3737dd82ad0e4819aaacee0061c57c58,Rosenfeld 2012,IndigenousLiterature|Reference,2012,OUI,first+year,1,"ROSENFELD Meni, 2012, « Overview of Colored Coins », https://allquantor.at/blockchainbib/pdf/rosenfeld2012overview.pdf, 4 décembre 2012, consulté le 7 novembre 2021."
b911a98badbc4c76bdb0df93b26ec47e,Rosenfeld 2012 — Colored Coins,Reference,2012,OUI,first+year,1,"ROSENFELD Meni, 2012, « Overview of Colored Coins », https://allquantor.at/blockchainbib/pdf/rosenfeld2012overview.pdf, 4 décembre 2012, consulté le 7 novembre 2021."
fb8879ffb00d42e08622b85212da0cbc,Rosenfeld et al. 2013,IndigenousLiterature|Reference,2013,OUI,first+year,3,"ROSENFELD Meni, BUTERIN Vitalik, ASSIA Yoni et HAKIM Lior, 2013, « Colored Coins - BitcoinX », http://bitpaper.info/serve/AMIfv94V0F8kxt1ACXga9Tc1V0jm-u- Jf2evCmcHWsZJmYSBG6JB5qA5E"
1b33d189e48c43a2ba529a9028c4659b,Roubini 2018 — Blockchain's Broken Promises,GreyLiterature|Reference,2018,OUI,first+year,1,"ROUBINI Nouriel, 2018, « Blockchain’s Broken Promises », https://www.project - syndicate.org/commentary/why-bitcoin-is-a-bubble-by-nouriel-roubini-2018-01, 26 janvier 2018, consult"
ed4c8cff16954f59bd1368f765481727,Roussel 2016a — The DAO attack: whitehat response,Reference,2016,OUI,first+year,5,"ROUSSEL Alexis, 2016a, « Whitehat Withdrawal Contract - Final Deposit is Available », http://blog.bity.com/2016/09/06/whitehat-withdrawal-contract-final-deposit-is-available/, 7 se"
909bada0aae4437c8c62c52e506bef72,Roussel 2016b — DAO whitehat operation details,Reference,2016,OUI,first+year,1,"ROUSSEL Alexis, 2016b, « Whitehat Withdrawal contract - Update and Next Steps », http://blog.bity.com/2016/08/26/whitehat-withdrawal-contract-update-and-next-steps/, 26 août 2016, "
de4d9aeaf0fe4fa592547f8b5b079cb4,Roussel 2016c — DAO fund recovery and Ethereum governance,Reference,2016,OUI,first+year,5,"ROUSSEL Alexis, 2016c, « Slock.it, ou quand l’économie de partage rencontre Ethereum », http://blog.bity.com/2016/05/03/slock-it-ou-quand-leconomie-de-partage-rencontre-ethereum/, "
5a067e5fcc414d2688ce801cea71f294,Roussel 2017a — Whitehat group and DAO recovery operation,Reference,2017,OUI,first+year,1,"ROUSSEL Alexis, 2017a, « The Whitehat Withdrawal Contract distribution period is now reaching its end », https://blog.bity.com/2017/04/03/the-whitehat-withdrawal-contract-distribut"
2c8b906254db4fed82630c648b335fc2,Rouvière 2016 — Ethereum et la gouvernance décentralisée,Reference,2016,OUI,first+year,6,"ROUVIÈRE Simon DE LA, 2016, « (2) Simon de la Rouviere sur X : ""@VladZamfir wondered the same. Not going to be pretty. :("" / X », https://x.com/simondlr/status/731510917301735424, "
e70690b67c514557baade09dd0410872,Russo 2020 Infinite Machine,Reference,2020,OUI,first+year,7,"RUSSO Camila, 2020, The Infinite Machine: How an Army of Crypto -Hackers Is Building the Next Internet with Ethereum, New York, HarperCollins Publishers, 352 pages p."
bcb6224ca258462e815df9678e1992b1,Russo 2020 — The Infinite Machine Ethereum,AcademicWork|Reference,2020,OUI,first+year,7,"RUSSO Camila, 2020, The Infinite Machine: How an Army of Crypto -Hackers Is Building the Next Internet with Ethereum, New York, HarperCollins Publishers, 352 pages p."
6048260460c745cc890792b12c1f0c89,Rykwalder 2014 — The math behind Bitcoin,Reference,2014,OUI,first+year,7,"RYKWALDER Eric, 2014, « The Math Behind Bitcoin », https://www.coindesk.com/math -behind- bitcoin, 19 octobre 2014, consulté le 4 août 2020."
7374504b5fba40149810e183fdf3e238,Saad et al. 2019 — Exploring the attack surface of blockchain,Reference,2019,OUI,first+year,2,"SAAD Muhammad, SPAULDING Jeffrey, NJILLA Laurent, KAMHOUA Charles, SHETTY Sachin, NYANG DaeHun et MOHAISEN Aziz, 2019, « Exploring the Attack Surface of Blockchain: A Systematic Ov"
232561f6616942fdb3ac025872bf9afa,Salle 2013 — Ciblage d'inflation et politique monétaire,Reference,2013,OUI,first+year,3,"SALLE Isabelle, 2013, « Ciblage de l’inflation, transparence et anticipations – une revue de la littérature récente: », Revue d’économie politique, 5 novembre 2013, Vol. 123, no 5,"
fcf530ba72fa411c9b4af24bd2b03103,Sapir 2019 — Hétérodoxie et institutionnalisme en économie,Reference,2019,OUI,first+year,1,"SAPIR Jacques, 2019, « Institutions and institutionalism: what, why and how », Paris."
2c60a6c9e347410591eca661f394a64a,SatoshiLabs 2019,GreyLiterature|Reference,2019,OUI,first+year,1,"SATOSHILABS, 2019, « 7 Years of Hardware Wallets: The Success Story of Czech Crypto Enthusiasts Creating a Brand New… », https://blog.trezor.io/7-years-of-hardware-wallets-the-succ"
0add1f7a73c14b74a03b37ddadb9a99f,Scialom 2003 Economie bancaire,Reference,2003,OUI,first+year,4,"SCIALOM Laurence, 2003, « Vers une société sans cash? », Anthropolis, 2003, vol. 1, n°2, p. 24‑35."
8389f60409ca48bfa08285084ca94c5e,SEC 2017 — Report of Investigation Pursuant to Section 21(a) of the Securities Exchange Act of 1934: The DAO,Reference,2017,OUI,manual,0,"SECURITIES AND EXCHANGES COMMISSION The Commissions, 2017, Report of Investigation Pursuant to Section 21(a) of the Securities Exchange Act of 1934: The DAO, s.l., Securities and E"
1909afe656f74779a7856b9cb6be0c83,Sedgwick 2018a,Reference,2018,OUI,first+year,1,"SEDGWICK Kai, 2018a, « Bitcoin History Part 7: The First Major Hack », Featured Bitcoin News , https://news.bitcoin.com/bitcoin-history-part-7-the-first-major-hack/, 31 décembre 20"
01b382d629ca4147885aba6de31028b4,Sedgwick 2018b,GreyLiterature|Reference,2018,OUI,first+year,1,"SEDGWICK Kai, 2018b, « Bitcoin History Part 6: The First Bitcoin Exchange », Featured Bitcoin News, https://news.bitcoin.com/bitcoin-history-part-6-the-first-bitcoin-exchange/, 25 "
a9f90b789f76495f8dd585508f0d3270,Sedgwick 2018c,Reference,2018,OUI,first+year,1,"SEDGWICK Kai, 2018c, « Bitcoin History Part 5: A Wild Altcoin Appears », Altcoins Bitcoin News, https://news.bitcoin.com/bitcoin-history-part-5-a-wild-altcoin-appears/, 19 décembre"
e3a66f5b481943e2bf8276c057d70694,Sedgwick 2018d,GreyLiterature|Reference,2018,OUI,first+year,1,"SEDGWICK Kai, 2018d, « Bitcoin History Part 4: Casascius Creates Physical Bitcoins », Bitcoin News, https://news.bitcoin.com/bitcoin-history-part-4-casascius-creates-physical-bitco"
17d787029b114193bac5a9a4eefac4c9,Sedgwick 2018e,GreyLiterature|Reference,2018,OUI,first+year,1,"SEDGWICK Kai, 2018e, « Bitcoin History Part 3: Turning on the Faucet », Featured Bitcoin News , https://news.bitcoin.com/bitcoin-history-part-3-turning-on-the-faucet/, 8 décembre 2"
1a65bbcf08a149a19181da4445b4d682,Sedgwick 2018f,GreyLiterature|Reference,2018,OUI,first+year,1,"SEDGWICK Kai, 2018f, « Bitcoin History Part 2: The Bitcoin Symbol », Featured Bitcoin News , https://news.bitcoin.com/bitcoin-history-part-2-the-bitcoin-symbol/, 2 décembre 2018, c"
fa666856c4f246b598664a99053dceee,Sedgwick 2018g,Reference,2018,OUI,first+year,1,"SEDGWICK Kai, 2018g, « Eight Historic Bitcoin Transactions », Featured Bitcoin News , https://news.bitcoin.com/eight-historic-bitcoin-transactions/, 27 novembre 2018, consulté le 2"
f2030779829a48329a4095c0288ef513,Sedgwick 2019a,Reference,2019,OUI,first+year,3,"SEDGWICK Kai, 2019a, « Bitcoin History Part 22: The New Wealthy Elite », Featured Bitcoin News, https://news.bitcoin.com/bitcoin-history-part-22-the-new-wealthy-elite/, 19 décembre"
2cc410abd7c54456be38e40470712548,Sedgwick 2019b,GreyLiterature|Reference,2019,OUI,first+year,3,"SEDGWICK Kai, 2019b, « Bitcoin History Part 21: Miners Pour One out for Satoshi », Featured Bitcoin News, https://news.bitcoin.com/bitcoin-history-part-21-miners-pour-one-out-for-s"
b469ce6b277c4d61a8bd5a9b33619389,Sedgwick 2019c,GreyLiterature|Reference,2019,OUI,first+year,3,"SEDGWICK Kai, 2019c, « Bitcoin History Part 20: BTC Reaches $1 », Featured Bitcoin News , https://news.bitcoin.com/bitcoin-history-part-20-btc-reaches-1/, 13 novembre 2019, consult"
36402a6863c344c4b894c0539b8f4308,Sedgwick 2019d,GreyLiterature|Reference,2019,OUI,first+year,3,"SEDGWICK Kai, 2019d, « Bitcoin History Part 19: Wikileaks and the Hornet’s Nest », Featured Bitcoin News, https://news.bitcoin.com/bitcoin-history-part-19-wikileaks-and-the-hornets"
b8188c1ce1bd4aca8ad1cce14846467d,Sedgwick 2019e,GreyLiterature|Reference,2019,OUI,first+year,3,"SEDGWICK Kai, 2019e, « Satoshi’s Final Messages Leave Tantalizing Clues to His Disappearance , Featured Bitcoin News , https://news.bitcoin.com/satoshis-final-messages-leave-tantal"
0b6757906af240538fa81cb46e306e21,Sedgwick 2019f,GreyLiterature|Reference,2019,OUI,first+year,3,"SEDGWICK Kai, 2019f, « Bitcoin History Part 18: The First Bitcoin Wallet », Wallets Bitcoin News, https://news.bitcoin.com/bitcoin-history-part-18-the-first-bitcoin-wallet/, 6 octo"
7e8f363118eb44e7b9878864a8f5e58a,Sedgwick 2019g,GreyLiterature|Reference,2019,OUI,first+year,2,"SEDGWICK Kai, 2019g, « Bitcoin History Part 17: That Time Mt. Gox Destroyed 2,609 BTC », Featured Bitcoin News, https://news.bitcoin.com/bitcoin-history-part-17-that-time-mt-gox-de"
efcb014295ad48a2879ab30024573972,Sedgwick 2019h,Reference,2019,OUI,first+year,3,"SEDGWICK Kai, 2019h, « Bitcoin History Part 16: The First Mt. Gox Hack », Featured Bitcoin News, https://news.bitcoin.com/bitcoin-history-part-16-the-first-mt-gox-hack/, 25 août 20"
28c3d1f7710b4fb18892b2f570d99464,Sedgwick 2019i,GreyLiterature|Reference,2019,OUI,first+year,3,"SEDGWICK Kai, 2019i, « Bitcoin History Part 15: Silk Road Is Born », Featured Bitcoin News , https://news.bitcoin.com/bitcoin-history-part-15-silk-road-is-born/, 18 août 2019, cons"
674f0f1ee7784a21866a6370f2ed4704,Sedgwick 2019j,GreyLiterature|Reference,2019,OUI,first+year,3,"SEDGWICK Kai, 2019j, « Bitcoin History Part 14: The 1,000 BTC Poker Game », Featured Bitcoin News, https://news.bitcoin.com/bitcoin-history-part-14-the-1000-btc-poker-game/, 9 août"
cd74d2f448ec4372b41a8ed63a3f5f98,Sedgwick 2019k,Reference,2019,OUI,first+year,3,"SEDGWICK Kai, 2019k, « Bitcoin History Part 13: The First Mining Pool », Featured Bitcoin News, https://news.bitcoin.com/bitcoin-history-part-13-the-first-mining-pool/, 19 mai 2019"
5a4e23cdbfb74154bea67b19975e4abd,Sedgwick 2019l,Reference,2019,OUI,first+year,3,"SEDGWICK Kai, 2019l, « Bitcoin History Part 12: When No One Wanted Your BTC », News Bitcoin News, https://news.bitcoin.com/bitcoin-history-part-12-when-no-one-wanted-your-btc/, 12 "
0ed1dd29e2e94c839b08c5c22979bf22,Sedgwick 2019m,Reference,2019,OUI,first+year,3,"SEDGWICK Kai, 2019m, « Bitcoin History Part 11: The First Major Loss of Coins », Featured Bitcoin News, https://news.bitcoin.com/bitcoin -history-part-11-the-first-major-loss-of-co"
c25ce741365e4a029290eb5bcd4fa174,Sedgwick 2019n,Reference,2019,OUI,first+year,3,"SEDGWICK Kai, 2019n, « Bitcoin History Part 10: The 184 Billion BTC Bug », Featured Bitcoin News, https://news.bitcoin.com/bitcoin-history-part-10-the-184-billion-btc-bug/, 28 févr"
e489ca0c8d744b43b166d85119fa4ec3,Sedgwick 2019o,GreyLiterature|Reference,2019,OUI,first+year,3,"SEDGWICK Kai, 2019o, « Bitcoin History Part 9: Mt. Gox Is Born », Featured Bitcoin News , https://news.bitcoin.com/bitcoin-history-part-9-mt-gox-is-born/, 26 janvier 2019, consulté"
d1f0615da1ea4803b1f6fadc95e9e176,Sedgwick 2019p,Reference,2019,OUI,first+year,3,"SEDGWICK Kai, 2019p, « Bitcoin History Part 8: When 1,500 BTC Cost Less Than $1 », Featured Bitcoin News , https://news.bitcoin.com/bitcoin -history-part-8-when-1500-btc-cost-less-"
47e012e3a2e9497b9441929a2cedf35e,Sedgwick 2020a,GreyLiterature|Reference,2020,OUI,first+year,1,"SEDGWICK Kai, 2020a, « Bitcoin History: When DDoS Attacks Made BTC’s Price Drop », Featured Bitcoin News, https://news.bitcoin.com/bitcoin-history-25/, 7 mars 2020, consulté le 21 "
601530e6aa0746329c195a14dcf24fd1,Sedgwick 2020b,GreyLiterature|Reference,2020,OUI,first+year,2,"SEDGWICK Kai, 2020b, « Bitcoin History Part 24: Celebrating the First Halving in 2012 », Featured Bitcoin News, https://news.bitcoin.com/bitcoin-history-part-24/, 25 février 2020, "
e1081407d2d44750a89902ea2b7dccfc,Sedgwick 2020c,Reference,2020,OUI,first+year,2,"SEDGWICK Kai, 2020c, « Bitcoin History Part 23: The First BTC Escrow », https://news.bitcoin.com/bitcoin-history-part-23-the-first-btc-escrow/, 8 janvier 2020, consulté le 21 juill"
1affd9620ef54f7a8b6a7b25a3b2264e,Seibt 2013 — Liberty Reserve: the most digital currency bust in US history,Reference,2013,OUI,first+year,2,"SEIBT Sébastien, 2013, « La « banque » de paiement en ligne Liberty Reserve fermée pour blanchiment », France24, https://www.france24.com/fr/20130529-liberty-reserve-monnaie-virtue"
adc1a4d09cfb4a6892dfc8fa49cad2fc,Selgin 2013 Synthetic Commodity Money,Reference,2013,OUI,first+year,5,"SELGIN George, 2013, « Quasi-Commodity Money », SSRN Electronic Journal, 10 avril 2013."
5680ab9e9b6a4a1f8f66964f7214266a,Selgin 2013 — Quasi-Commodity Money,AcademicWork|Reference,2013,OUI,first+year,4,"SELGIN George, 2013, « Quasi-Commodity Money », SSRN Electronic Journal, 10 avril 2013."
2639c718d6394322ab533a000887a2cf,Selgin 2014a — Bitcoin Problems and Prospects,AcademicWork|Reference,2014,OUI,first+year,5,"SELGIN George, 2014a, « Bitcoin: Problems and Prospects », 12 novembre 2014 , Hillsdale University’s 2014 Free Market Forum, Indianapolis, Indiana, 23-25 octobre 2014."
3d76ab7fff1445c3a8dfb86736f5664f,Selgin 2014b — Synthetic Commodity Money,AcademicWork|Reference,2014,OUI,first+year,2,"SELGIN George, 2014b, « Synthetic Commodity Money », Journal of Financial Stability, juillet 2014, vol. 17, p. 92‑99."
4c240f7fb22a4ac59f091e39959cf50b,Sergeenkov 2021 — Ethereum 2.0 and the transition to Proof-of-Stake,Reference,2021,OUI,first+year,6,"SERGEENKOV Andrey, 2021, « China Crypto Bans: A Complete History », https://www.coindesk.com/learn/china-crypto-bans-a-complete-history/, 29 septembre 2021, consulté le 11 janvier "
a6d5a701247c4ea196363a9b42b5c68e,Servet & Dufrêne 2021 — Monnaie et société numérique,Reference,2021,OUI,first+year,1,"SERVET Jean Michel et DUFRÊNE Nicolas, 2021, « Le bitcoin devient un danger pour le système monétaire et financier et pour les citoyens », Le Monde.fr, 3 déc. 2021."
676826bbbdf14e2483c315321ea8731a,"Servet 2001 — Le troc primitif, un mythe fondateur d'une approche économiste de la monnaie",Reference,2001,OUI,first+year,1,"SERVET Jean-Michel, 2001, « Le troc primitif, un mythe fondateur d’une approche économiste de la monnaie », Revue numismatique, 2001, vol. 6, no 157, p. 15‑32."
b023a2bb16f44f66af3a89f5a71f45eb,Servet Courbis Froment 1991 Nominalisme monetaire,Reference,1991,OUI,first+year,1,"SERVET Jean-Michel, COURBIS Bernard et FROMENT Éric, 1991, « Enrichir l’économie politique de la monnaie par l’histoire », Revue économique, 1991, vol. 42, no 2, p. 315‑338."
1f8cc3add79945b5bbcb31e9e211880c,Servet Dufresne 2021,Reference,2021,OUI,first+year,1,"SERVET Jean Michel et DUFRÊNE Nicolas, 2021, « Le bitcoin devient un danger pour le système monétaire et financier et pour les citoyens », Le Monde.fr, 3 déc. 2021."
8e373ebfb6c24b6b84bbe0f67fc2b316,Servet Théret Yildirim 2016 — Universalité du fait monétaire,AcademicWork|Reference,2016,OUI,first+year,1,"SERVET Jean Michel, THÉRET Bruno et YILDIRIM Zeynep, 2016, « Universalité du fait monétaire et pluralité des monnaies : de la confrontation coloniale à la rencontre des sciences so"
5316fbc8b5aa47378c577916c68cd647,Shaw & Hill 2014 — Bitcoin mining oligarchy and centralization,Reference,2014,OUI,first+year,5,"SHAW Aaron et HILL Benjamin M., 2014, « Laboratories of Oligarchy? How the Iron Law Extends to Peer Production: Laboratories of Oligarchy », Journal of Communication , avril 2014, "
2461f0fb8d904328aa1dfe60c5d547b8,Shin 2022 Cryptopians,Reference,2022,OUI,first+year,7,"SHIN Laura, 2022, The Cryptopians: Idealism, Greed, Lies, and the Making of the First Big Cryptocurrency Craze, New York, PublicAffairs, 496 p."
89e4b24810e94abe98890e581be45e7d,Shin 2022 — The Cryptopians,AcademicWork|Reference,2022,OUI,first+year,6,"SHIN Laura, 2022, The Cryptopians: Idealism, Greed, Lies, and the Making of the First Big Cryptocurrency Craze, New York, PublicAffairs, 496 p."
b332ace807b84fe4ab2373b8dc8f4856,Shinobi (pseudonyme),Reference,,NON,,0,
0eaba96a5e48469fb4e8b0d60f13e155,Shinobi 2022,GreyLiterature|Reference,2022,OUI,first+year,2,"SHINOBI, 2022, « Why Bitcoin’s Ossification Will Eventually Be Necessary », Bitcoin Magazine , https://bitcoinmagazine.com/culture/why-bitcoins-ossification-will-be-necessary, 19 m"
ed9405953e3f41b7a1a6b29ce7603128,Simmel 2009 — Philosophie de l'argent,AcademicWork|Reference,2009,OUI,first+year,6,"SIMMEL Georg, 2009, Philosophie de l’argent , trad. S. Cornille et P. Ivernel, 2 ème éd., Paris, PUF, 662 p."
c26961130c0f46ac99cbe55b65e67a0f,Simonite 2014 — Bitcoin and the dark web markets,Reference,2014,OUI,first+year,5,"SIMONITE Tom, 2014, « The Man Who Really Built Bitcoin », Technology Review , https://www.technologyreview.com/2014/08/15/12784/the-man-who-really-built-bitcoin/, 15 août 2014, con"
2f3fc935c8504fa6b99a94804987c7e7,Singer 2021 — Is crypto a public good or a private speculation?,Reference,2021,OUI,first+year,1,"SINGER Andrew, 2021, « Crypto as a “public good ” in the 22nd century », Coin Telegraph https://cointelegraph.com/magazine/2021/10/22/crypto-public-good-22nd-century, 22 octobre 20"
9774e3110cbd474fb708fc4aa092f7d5,Sirer Mark Zamfir 2016 DAO Flaws,Reference,2016,OUI,first+year,1,"SIRER Emin Gün, MARK Dino et ZAMFIR Vlad, 2016, « A Call for a Temporary Moratorium on “The DAO” », https://docs.google.com/document/d/10kTyCmGPhvZy94F7VWyS- dQ4lsBacR2dUgGTtV98C40"
8ddd0e5970c34cbc918f21fb612e994b,Sitruk 2008 — Gouvernance et régulation des systèmes monétaires,Reference,2008,OUI,first+year,2,"SITRUK Hervé, 2008, « Monnaie électronique, monnaie fiduciaire et monnaie scripturale. Quelles substitutions ? Quelles stratégies ? », Revue d’économie financière , 2008, n°91, La "
15aec65080844228a2c694f03e364227,Slacknation 2017 — Ethereum Olympic testnet history,Reference,2017,OUI,first+year,6,"SLACKNATION, 2017, « 64.1% of presale Ether accounts never accessed before », Medium, https://medium.com/@slacknation/64-1-of-presale-ether-accounts-never-accessed-before-280d38105"
1b8deef7ea65468cbebff27a86b065a8,Slock.it 2016 — The DAO project and smart locks,Reference,2016,OUI,first+year,5,"SLOCK.IT, 2016, « Decentralizing the Emerging Sharing Economy », Slock.it, https://blog.slock.it/slock-it-decentralizing-the-emerging-sharing-economy-cf19ce09b957, 1 avril 2016, co"
24c489e7d4df40b1a491de406ffa8a89,SlocKit / Jentzsch 2015 — Devcon1: The DAO presentation,Reference,2015,OUI,first+year,5,"SLOCKIT GMBH et JENTZSCH Christoph, 2015, « Slock.it DAO demo at Devcon1: IoT + Blockchain », https://www.youtube.com/watch?v=49wHQoJxYPo, consulté le 20 juillet 2021."
3e9d4208eaa247308802824363e39cd3,Song 2018 CVE post-mortem,Reference,2018,OUI,first+year,4,"SONG Jimmy, 2018c, « Bitcoin Core Bug CVE -2018–17144: An Analysis », https://hackernoon.com/bitcoin-core-bug-cve-2018-17144-an-analysis-f80d9d373362, 2018, consulté le 20 septembr"
781e3b869355446ea5acd4ba0678093a,Song 2019 — A gentle introduction to Bitcoin Core development,Reference,2019,OUI,first+year,5,"SONG Jimmy, 2019, « A Gentle Introduction to Bitcoin Core Development », https://bitcointechtalk.com/a-gentle-introduction-to-bitcoin-core-development-fdc95eaee6b8, 11 janvier 2019"
99fade0200e641e482058ef454c6ecf2,Star & Griesemer 1989,Reference,1989,NON,,2,
940fa052d3004315bb56e5785d746fe7,Star & Ruhleder 2010,Reference,2010,OUI,first+year,3,"STAR Susan Leigh et RUHLEDER, K aren. (2010) . « Vers une écologie de l'infrastructure Conception et accès aux grands espaces d'information ». Revue d'anthropologie des connaissanc"
a5f0ee04162d4434ba7329ac575da1e4,Star & Ruhleder 2010 — Vers une écologie de l'infrastructure,AcademicWork|Reference,2010,OUI,first+year,2,"STAR Susan Leigh et RUHLEDER, K aren. (2010) . « Vers une écologie de l'infrastructure Conception et accès aux grands espaces d'information ». Revue d'anthropologie des connaissanc"
f9dffa750bf5466eb6ab2c836395672c,Star 1999 Ethnography Infrastructure,Reference,1999,OUI,first+year,8,"STAR Susan Leigh, 1999, « Ethnography of infrastructure », American Behavioral Scientist , 1999, vol. 43, p. 377-391."
e054a8412cf847b7b75c471e72bc414f,Star 1999 — Ethnography of Infrastructure,AcademicWork|Reference,1999,OUI,first+year,9,"STAR Susan Leigh, 1999, « Ethnography of infrastructure », American Behavioral Scientist , 1999, vol. 43, p. 377-391."
9f6e98df2ef747f585b46c0913fbc990,Stay 1997 — PGP and Phil Zimmermann: export case and cryptography policy,Reference,1997,OUI,first+year,2,"STAY Ronald J, 1997, « Cryptic Controversy: U.S. Government Restrictions on Cryptography Exports and the Plight of Philip Zimmermann », Georgia State University Law Review, 1997, v"
875ae7eb76ba4067b069da1e4275e87d,Steiner 2007 — Polanyi Zelizer and the sociology of money,Reference,2007,OUI,first+year,1,"STEINER Philippe, 2007, « Karl Polanyi, Viviana Zelizer et la relation marchés -société », Revue du MAUSS, 2007, vol. 29, no 1, p. 257."
ffed96ca948943c59437e762576db939,Stewart 2005 — Open source software communities governance,Reference,2005,OUI,first+year,1,"STEWART Daniel, 2005, « Social Status in an Open -Source Community », American Sociological Review, 2005, vol. 70, no 5, p. 823‑842."
e030d16a8f2c28d30382cb57c6ea6b61,Stiglitz 2017,Reference,2017,OUI,manual,3,"« Bitcoin ‘Ought to Be Outlawed,’ Nobel Prize Winner Stiglitz Says - Bloomberg », 29 novembre 2017, https://www.bloomberg.com/news/articles/2017-11-29/bitcoin-ought-to-be-outlawed-"
9aa951e44e7c4548b534561d9413f5d3,Stiglitz 2017 — Bitcoin ought to be outlawed (Bloomberg),Reference,2017,OUI,coauthor+year,4,"« Bitcoin ‘Ought to Be Outlawed,’ Nobel Prize Winner Stiglitz Says - Bloomberg », 29 novembre 2017, https://www.bloomberg.com/news/articles/2017-11-29/bitcoin-ought-to-be-outlawed-"
c7313e28a09f42698f7f712db6a42532,Straw Hat 2019 — CVE-2018-17144 timeline and analysis,Reference,2019,OUI,first+year,1,"STRAW HAT Guido D., 2019, « Looking back on exploiting CVE-2018–17144 », https://bitcoindev.network/looking-back-on-exploiting-cve-2018-17144/, 5 mars 2019, consulté le 17 mars 202"
8ba11b69224445fba65e1e5160b365f7,Sunny King et Nadal 2012,IndigenousLiterature|Reference,2012,OUI,attr+year,1,"KING Sunny et NADAL Scott, 2012, « PPCoin: Peer-to-Peer Crypto-Currency with Proof-of-Stake », 19 août 2012."
c45f84a6927b4db7980c765376e040ea,Swanson 2021 — Bitcoin energy consumption and ESG debate,Reference,2021,OUI,first+year,6,"SWANSON Tim, 2021, « Bitcoin and other PoW coins are an ESG nightmare », https://www.ofnumbers.com/2021/02/14/bitcoin-and-other-PoW-coins-are-an-esg-nightmare/, 14 février 2021, co"
9247787990734af0a79946d996591f5f,Swissinfo 2016 — Zug becomes first municipality to accept Bitcoin,Reference,2016,OUI,manual,0,"SWISSINFO.CH, 2016, « Zug first to accept bitcoin for government services », https://www.swissinfo.ch/eng/crypto-valley_zug-first-to-accept-bitcoin-for-government- services/4214390"
58bc7f5d5f4d417195e46fa4d9cee43f,Szabo 1996 — Smart contracts: building blocks for digital markets,Reference,1996,OUI,first+year,1,"SZABO Nick, 1996, « Nick Szabo -- Smart contracts : Building Blocks for Digital Markets », https://www.fon.hum.uva.nl/rob/Courses/InformationInSpeech/CDROM/Literature/LOTwinterscho"
2f12f47abe2a4b899909aeb9d7b02139,Szabo 2005 — Bit gold (earlier proposal),Reference,2005,OUI,first+year,2,"SZABO Nick, 2005, « Unenumerated: Bit gold », https://web.archive.org/web/20060329122942/http://unenumerated.blogspot.com/2005/12/bit-gold.html, 29 décembre 2005, consulté le 6 mai"
d8f3ca7af4104493ba62e9de9abcf673,Szabo 2008a — Bit gold,Reference,2008,OUI,first+year,2,"SZABO Nick, 2008a, « Unenumerated: Bit gold », https://unenumerated.blogspot.com/2005/12/bit- gold.html, 27 décembre 2008, consulté le 6 mai 2020."
a069bfec4a2445cb90852c410d48b96a,Szabo 2008b — Wet code and dry code,Reference,2008,OUI,first+year,2,"SZABO Nick, 2008b, « Unenumerated: Wet code and dry », https://unenumerated.blogspot.com/2006/11/wet-code-and-dry.html, 24 août 2008, consulté le 25 octobre 2022."
ce33e4302d534aa98d6fdf7e1c0d1fb1,"Szilágyi 2016 — DAO wars: soft fork, hard fork and Ethereum Classic",Reference,2016,OUI,first+year,6,"SZILÀGYI Péter, 2016, « DAO Wars: Your voice on the soft -Fork dilemma - Ethereum Blog », http://archive.fo/7UUrY, 24 juin 2016, consulté le 20 mai 2019."
5ec23279ab8c4af19a282e03c750bbd2,Taaki 2011 — BIP-0001: Bitcoin Improvement Proposal process,Reference,2011,OUI,first+year,2,"TAAKI Amir, 2011, « bitcoin/bips-0001 », https://github.com/bitcoin/bips/blob/274fa400d630ba757bec0c03b35ebe2345197108/bip-0001.mediawiki, consulté le 7 avril 2017."
45195776dec34914b40ff2282863f778,Tanzarian 2014 — Ethereum crowdsale and early ETH distribution,Reference,2014,OUI,first+year,6,"TANZARIAN Armand, 2014, « Ethereum Raises 3,700 BTC in First 12 Hours of Ether Presale », https://cointelegraph.com/news/ethereum-raises-3700-btc-in-first-12-hours-of-ether-presale"
fd65f418b8f248caa5867f4485228eb7,Tasca & Liu 2018,Reference,2018,OUI,first+year,2,"TASCA Paolo et LIU Shaowen, 2018, « The Evolution of the Bitcoin Economy: Extracting and Analyzing the Network of Payment Relationships », SSRN Electronic Journal, 2018, vol. 19, n"
10d56dd3d3854876b618268fee97b52d,Teruzzi 2016a — The DAO contractors and governance,Reference,2016,OUI,first+year,5,"TERUZZI David, 2016a, « DAO: Contractors et Curators », blogchain café , http://blogchaincafe.com/dao-contractors-et-curators, 27 avril 2016, consulté le 24 mai 2019."
6a3276869cdb4ac1904aa1067eabd63d,The Economist 2015,GreyLiterature|Reference,2015,NON,,1,
a985149b43e34a43990ea270ba314147,The Filter / Griff Green 2016 — DAO hack and whitehat response interview,Reference,2016,OUI,first+year,1,"« THE FILTER: “Griff Green & Slock.it” », 12 mai 2016, https://www.youtube.com/watch?v=J2MIjN3gmhg, consulté le 26 avril 2024."
69da33157871cfed74609509d8aa0409,"The General Theory of Employment, Interest and Money",AcademicWork,,NON,,1,
a5deed892210461c9bddf8a8e3485537,Theret 2008 Etats de la monnaie,Reference,2008,OUI,first+year,6,"THÉRET Bruno, 2008, « Les trois états de la monnaie », Revue économique, 2008, vol. 59, no 4, p.813- 840."
9c6092d4334640bca80190027bfbeef4,Theymos 2015,IndigenousLiterature|Reference,2015,NON,,4,
b4c4c35999af46698ed9c972a7e44b1f,Théret 2007 — La monnaie dévoilée par ses crises,AcademicWork|Reference,2007,OUI,first+year,2,"THÉRET Bruno, 2007, « La monnaie dévoilée par ses crise s », Éditions de l’EHESS, Paris, 2007 , p. 512."
22c9a9932b054b36959436c08c50d93e,Théret 2008 — Les trois états de la monnaie,AcademicWork|Reference,2008,OUI,first+year,7,"THÉRET Bruno, 2008, « Les trois états de la monnaie », Revue économique, 2008, vol. 59, no 4, p.813- 840."
1ac0b4d8f12e4313bad922acb6172fdb,Théret 2009 — Monnaie et dettes de vie,AcademicWork|Reference,2009,OUI,first+year,1,"THÉRET Bruno, 2009, « Monnaie et dettes de vie », L’Homme, 30 avril 2009, n° 190, no 2, p. 153‑179."
fc15b39971ef481991580da9aa7cdaee,Théret 2012 — Du keynésianisme au libertarianisme,AcademicWork|Reference,2012,OUI,first+year,2,"THÉRET Bruno, 2012, « Du keynésianisme au libertarianisme. La place de la monnaie dans les transformations du savoir économique autorisé », Revue de la régulation, 2012, vol. 10."
aec5f0ef377e4ec68424fa59a7539e31,Thévenot 1986 — Économie des conventions,Reference,1986,OUI,first+year,1,"THÉVENOT Laurent, 1986, « Les Investissement de forme », Presses Universitaires de France, 1986 p. 21‑71."
60d2f0da77e54781b7962959d7e97210,Timón 2015 — Consensus rule changes in Bitcoin: BIPs and soft forks,Reference,2015,NON,,5,
f192347519d44d48934b740b73a73f27,Tirole 2017 Enigma Bitcoin,Reference,2017,OUI,first+year,5,"TIROLE Jean, 2017, « There are many reasons to be cautious about bitcoin », https://www.ft.com/content/1c034898-d50f-11e7-a303-9060cb1e5f44, 30 novembre 2017, consulté le 14 mai 20"
2f1fca7ac1ff4ab39e90612457ec8dad,Tirole 2017 — Many reasons to be cautious about bitcoin,GreyLiterature|Reference,2017,OUI,first+year,4,"TIROLE Jean, 2017, « There are many reasons to be cautious about bitcoin », https://www.ft.com/content/1c034898-d50f-11e7-a303-9060cb1e5f44, 30 novembre 2017, consulté le 14 mai 20"
b904b5171b4f4236894208cdbdc3686c,Torpey 2016 — Checks and Balances of Bitcoin Governance,IndigenousLiterature|Reference,2016,OUI,first+year,3,"TORPEY Kyle, 2016, « The Checks and Balances of Bitcoin Governance », Bitcoin Magazine, https://bitcoinmagazine.com/technical/the-checks-and-balances-of-bitcoin-governance-14546950"
54491adc29114776a8b0167125f10f5a,Torpey 2018,GreyLiterature|Reference,2018,NON,,2,
6b3c8ba8b848425893f4b36acccfb90c,TraFin 2014 — Rapport sur les monnaies virtuelles,Reference,2014,NON,,1,
390eca201244405186e29a96c1a1d82b,Trombly 2001 — CyberCash digital payment failure,Reference,2001,OUI,first+year,2,"TROMBLY Maria, 2001, « CyberCash files for bankruptcy, has new deal with Network 1 », https://www.computerworld.com/article/2591382/cybercash-files-for-bankruptcy--has-new-deal-wit"
9f8de37eda814c3089eb214ce8b8fcac,Trompette & Vinck 2009 — Retour sur la notion d'objet-frontière,AcademicWork|Reference,2009,OUI,first+year,1,"TROMPETTE Pascale et VINCK Dominique, 2009, « Retour sur la notion d’objet -frontière », Revue d’anthropologie des connaissances, 2009, vol. 3, 1, no 1, p. 5‑27."
86713c024e0248e2a5c327c6fd47d210,Tutin 2009 Histoire monnaie,Reference,2009,OUI,first+year,5,"TUTIN Christian, 2009, Une histoire des théories monétaires par les textes , Flammarion., Paris, Champs classiques, 508 p."
dcd10825d6ddd231dda4b6057d7296c1,Tyler Winklevoss,Reference,,NON,,1,
b50450f1537b4591baa08b2d3ae45c7f,Van de Sande 2016a — Draining the DAO whitehat operation,Reference,2016,OUI,first+year,5,"VAN DE SANDE Alex, 2016a, « (2) Alex Van de Sande (avsa.eth) sur X : « @SlackCryptoAlex @lambdamat because it’s not official. This is a collective action by individuals not represe"
7e8b4c7b358c40b89a584bdd94820e7c,Van de Sande 2016b — DAO hard fork decision and community consensus,Reference,2016,OUI,first+year,1,"VAN DE SANDE Alex, 2016b, « (1) Alex Van de Sande (avsa.eth) sur X : « DAO IS BEING SECURELY DRAINED. DO NOT PANIC. », X, https://x.com/avsa/status/745313647514226688, 21 juin 2016"
eee5305b0f8a4c3ca93b4a37257c1be2,Van Wirdum 2014 — The democratization of finance through Bitcoin,Reference,2014,OUI,first+year,5,"WIRDUM Aaron van, 2014, « Why Bitcoin Really Does Represent the Democratization of Money », Bitcoin Magazine , https://bitcoinmagazine.com/culture/bitcoin-really-represent-democrat"
4de0b15f142f4906a4675b400c0731d7,Van Wirdum 2016 — Ethereum Classic: the original unforked Ethereum,Reference,2016,OUI,first+year,5,"WIRDUM Aaron van, 2016, « Rejecting Today’s Hard Fork, the Ethereum Classic Project Continues on the Original Chain: Here’s Why », Bitcoin Magazine , https://bitcoinmagazine.com/cu"
9b75816e03174e6b842f30abd9eb2c55,Van Wirdum 2017 — Extension blocks proposal for Bitcoin scaling,Reference,2017,OUI,first+year,0,"WIRDUM Aaron van, 2017, « How Bitcoin Extension Blocks Are Backward Compatible — and How They’re Not », Bitcoin Magazine , https://bitcoinmagazine.com/technical/how-extension-block"
43ccc13a87df4656a4e9783a4725d5b9,Van Wirdum 2018 — Gitian: reproducible builds for Bitcoin Core,Reference,2018,OUI,first+year,5,"WIRDUM Aaron van, 2018, « What Is Gitian Building? How Bitcoin’s Security Processes Became a Model for the Open Source Community », Bitcoin Magazine, https://bitcoinmagazine.com/te"
e000d5189ed14e2ab391bd42d79a7426,Van Wirdum 2019 — Stratum V2: next generation mining protocol,Reference,2019,OUI,first+year,2,"WIRDUM Aaron van, 2019, « Stratum V2 Could Overhaul Pooled Bitcoin Mining », Bitcoin Magazine, https://bitcoinmagazine.com/articles/with-stratum-v2-braiins-plans-big-overhaul-in-po"
3184a4a7d4c0431a98858b27194f30a4,Varoufakis 2013 — Bitcoin dangerous fantasy apolitical money,GreyLiterature|Reference,2013,OUI,first+year,3,"VAROUFAKIS Yanis, 2013, « Bitcoin and the dangerous fantasy of ‘apolitical’ money », https://www.yanisvaroufakis.eu/2013/04/22/bitcoin-and-the-dangerous-fantasy-of-apolitical-money"
f218069dfe51432f98163fa6991abef1,Varoufakis 2020 — Why Bitcoin is not a socialist's ally,GreyLiterature|Reference,2020,OUI,first+year,2,"VAROUFAKIS Yanis, 2020, « Why Bitcoin is not a socialist’s ally – Reply to Ben Arc – Yanis Varoufakis », https://www.yanisvaroufakis.eu/2020/07/27/why -bitcoin-is-the-not-socialist"
57283ba8aa2c42beb27e7cb1ae91b230,Velde 2013 — Bitcoin a primer (Federal Reserve Chicago),GreyLiterature|Reference,2013,OUI,first+year,2,"VELDE François R., 2013, « Bitcoin a primer », The Federal Bank of Chicago, décembre 2013, no 317, p. 1‑4."
354839e9e88649b1bfc42d89d28d1a84,Vergne & Swain 2017 Anarchic Categories,Reference,2017,OUI,first+year,1,"VERGNE Jean Philippe et SWAIN Gautam, 2017, « Categorical Anarchy in the U.K. The British Media’s Classification of Bitcoin and the Limits of Categorization », Research in the Soci"
b84ba9333dae45b79c193be327fb769a,Vergne & Swain 2017 — Categorical Anarchy Bitcoin British Media,AcademicWork|Reference,2017,OUI,first+year,2,"VERGNE Jean Philippe et SWAIN Gautam, 2017, « Categorical Anarchy in the U.K. The British Media’s Classification of Bitcoin and the Limits of Categorization », Research in the Soci"
cd01940c904e4413a1a0324db0f042b2,Vessenes 2016a — Deconstructing The DAO attack: a brief code tour,Reference,2016,OUI,first+year,5,"VESSENES Peter, 2016a, « Deconstructing the DAO Attack : A Brief Code Tour Some Background And Where To Look », https://vessenes.com/deconstructing-thedao-attack-a-brief-code-tour/"
d3afab4dead340bea7fc4223a6cd7c87,Vessenes 2016b — More Ethereum attacks: race-to-empty is the real deal,Reference,2016,OUI,first+year,5,"VESSENES Peter, 2016b, « More Ethereum Attacks: Race -To-Empty is the Real Deal », https://vessenes.com/more-ethereum-attacks-race-to-empty-is-the-real-deal/, 9 juin 2016, consulté"
42169b253e082bb8fb8e7ccca23cd917,Viviana Zelizer,Reference,,NON,,1,
328882c6970247c19edf1db8f5d0dc60,Voell 2020 — Ethereum Classic double-spend attack,Reference,2020,OUI,first+year,0,"VOELL Zack, 2020, « Ethereum Classic Attacker Successfully Double -Spends $1.68M in Second Attack: Report », Coin Desk, https://www.coindesk.com/markets/2020/08/07/ethereum-classic"
7486621579b552edc8aed12feed95ddf,Von Mises 1912,Reference,1912,OUI,first+year,1,"VON MISES Ludwig, 1912, The theory of money and credit, New Haven, Yale University Press, 1953, Auburn, Alabama, Ludwig von Mises Institute, 505 p."
aa7f659399b34095acee25ec65ecef41,Von Mises 1912 — The Theory of Money and Credit,Reference,1912,OUI,first+year,1,"VON MISES Ludwig, 1912, The theory of money and credit, New Haven, Yale University Press, 1953, Auburn, Alabama, Ludwig von Mises Institute, 505 p."
5827f98bffe845e5b17b188531d11aa0,Voorhees 2013,GreyLiterature|Reference,2013,OUI,first+year,1,"VOORHEES Erik, 2013, « SatoshiDice Sold for $12.4 Million », Bitcoin Magazine , https://bitcoinmagazine.com/articles/satoshidice-sold-12-4-million, 28 juillet 2013, consulté le 28 "
d24f408be2c115da692d12c2ace24bdd,Walch 2017,Reference,2017,OUI,first+year,3,"WALCH Angela, 2017a, « The Path of the Blockchain Lexicon (and the Law) », 36 Rev. Banking & Fin. L, 2017, vol. 191, no 2016, p. 1‑13."
9d1b623cb2a342108c12d4218294d708,Walch 2017 Governance Blockchain,Reference,2017,OUI,first+year,4,"WALCH Angela, 2017b, « Open Source Operational Risk : Should Public Blockchains Serve as Financial Market Infrastructures ? » dans David Lee Kuo Chuen & Robert H. DengElsevier (dir"
21d453b14d7f4cdd9ff7e8afc9ba3acd,Walch 2017a — Path of the Blockchain Lexicon,AcademicWork|Reference,2017,OUI,first+year,3,"WALCH Angela, 2017a, « The Path of the Blockchain Lexicon (and the Law) », 36 Rev. Banking & Fin. L, 2017, vol. 191, no 2016, p. 1‑13."
8640638b2d78436d8b471f947583747e,Walch 2017b — Open Source Operational Risk Blockchains,AcademicWork|Reference,2017,OUI,first+year,2,"WALCH Angela, 2017b, « Open Source Operational Risk : Should Public Blockchains Serve as Financial Market Infrastructures ? » dans David Lee Kuo Chuen & Robert H. DengElsevier (dir"
e703deab353348fa820f62287c090cce,Walch 2019 — Deconstructing Decentralization,AcademicWork|Reference,2019,OUI,first+year,2,"WALCH Angela, 2019, « Deconstructing ‘Decentralization’: Exploring the Core Claim of Crypto Systems », 30 janvier 2019, p. 36."
506f3e735e6e46b287cd07376a8e6017,Walker 2017 — Understanding the Bitcoin coinbase transaction,Reference,2017,OUI,first+year,5,"WALKER, GREG, 2017, « Coinbase Transaction », https://learnmeabitcoin.com/technical/coinbase - transaction, 10 mars 2017, consulté le 12 janvier 2023."
11df7498bcf04c71b588d4bb2f6def18,Waters 2016 — The DAO and $120 million Ethereum venture fund,Reference,2016,OUI,first+year,5,"WATERS Richard, 2016, « Automated company raises equivalent of $120m in digital currency », https://www.ft.com/content/600e137a-1ba6-11e6-b286-cddde55ca122, 16 mai 2016, consulté l"
e16ccb5b8c394bf6b955596c918f6e43,Weber Beat 2014a — Bitcoin and the legitimacy crisis of money,AcademicWork|Reference,2014,OUI,first+year,6,"WEBER Beat, 2014a, « Bitcoin and the legitimacy crisis of money », Cambridge Journal of Economics, décembre 2014, vol. 40, no 1, p. 1‑25."
5ff1beb1ee0b43449c9ce88a1c21e2b6,Weber Beat 2014b — Can Bitcoin compete with money,AcademicWork|Reference,2014,OUI,first+year,6,"WEBER Beat, 2014b, « Can Bitcoin compete with money? », Journal of Peer Production, n° 4 (2014), http://peerproduction.net/issues/issue-4-value-and-currency/invited-comments/can-bi"
dea9cf055ff648a794bc6974ce67dd18,Weber Florence & Zelizer 2006 — La signification sociale de l'argent,Reference,2006,OUI,first+year,1,"WEBER Florence et ZELIZER Viviana A., 2006, « Viviana zelizer, « l’argent social » », Genèses, 2006, no 65, p. 126‑137."
8fc1fb2a7ce4494c9da4639bcc1744de,Weinstein 2013 — Ostrom and the commons: institutional diversity,Reference,2013,OUI,first+year,2,"WEINSTEIN Olivier, 2013, « Comment comprendre les « communs » : Elinor Ostrom, la propriété et la nouvelle économie institutionnelle », Revue de la régulation, 12 décembre 2013, no"
b9ac8edb6a4b486bb3dc9c5d6921b590,Whalepanda 2016 — Ethereum hard fork and DAO debate,Reference,2016,OUI,first+year,1,"WHALEPANDA, 2016, « Ethereum: Chain of liars & thieves », Medium, https://medium.com/@WhalePanda/ethereum-chain-of-liars-thieves-b04aaa0762cb, 16 août 2016, consulté le 4 février 2"
3628197fcbaa47bbb93085fedafe6462,White 2018 — The gold standard and bitcoin: comparison,Reference,2018,OUI,first+year,5,"WHITE Lawrence H., 2018, « How a Bitcoin System is Like and Unlike a Gold Standard », https://fee.org/articles/how-a-bitcoin-system-is-like-and-unlike-a-gold-standard/, 12 janvier "
fe231f15220f4192864e5010cc59299f,White 2020 — Bitcoin has succeeded as a monetary experiment,Reference,2020,OUI,first+year,5,"WHITE Lawrence H., 2020, « Has Bitcoin Succeeded ? », Cato Institute Blog, https://www.cato.org/blog/has-bitcoin-succeeded, 28 décembre 2020, consulté le 19 février 2021."
4cf7803656584b009ba11f1a99fdb6e8,Whitebbit1111 2022,GreyLiterature|Reference,2022,NON,,1,
f1ef1301990c45d889da3a8db010fbcd,Whiterabbit1111 2022 — Bitcoin NFTs and ordinal inscriptions,Reference,2022,NON,,0,
5b4b67bbe5774f5d97833c0e02d10f3a,Wilcke 2016 Hard Fork,Reference,2016,OUI,first+year,3,"WILCKE Jeffrey, 2016, « To Fork or not to Fork », https://blog.ethereum.org/2016/07/15/to-Fork-or- not-to-Fork/, 15 juillet 2016, consulté le 27 mars 2019."
b4c29d75b01748fe9b457b73e0b045f3,Wilcke 2016 — To Fork or not to Fork,IndigenousLiterature|Reference,2016,OUI,first+year,2,"WILCKE Jeffrey, 2016, « To Fork or not to Fork », https://blog.ethereum.org/2016/07/15/to-Fork-or- not-to-Fork/, 15 juillet 2016, consulté le 27 mars 2019."
59c7ed8a91e34014b89c4afcfa04abcd,Willett 2012 Mastercoin WP,Reference,2012,OUI,first+year,2,"WILLETT JR, 2012, « 2ndBitcoinWhitepaper vs 0.5 20120106 », https://drive.google.com/file/d/18iRKDmZy44YDd3jyEtafouT1PA7dEi5e/view?usp=sharing&usp=embed _facebook, 6 janvier 2012, "
44b965ba542d41738e0ad605bc0e025d,Williams 2022 — Ethereum: history of a crypto revolution,Reference,2022,OUI,first+year,7,"WILLIAMS Mandy, 2022, « Ethereum’s History: From Whitepaper to Hard Forks and the ETH Merge », https://cryptopotato.com/ethereums-history-from-whitepaper-to-hardForks-and-the-eth-m"
dd5827d0f60ca83da5c8790159348427,Wirdum 2014,Reference,2014,OUI,first+year,1,"WIRDUM Aaron van, 2014, « Why Bitcoin Really Does Represent the Democratization of Money », Bitcoin Magazine , https://bitcoinmagazine.com/culture/bitcoin-really-represent-democrat"
e57bb7366c66490b82597a1edab3d016,Wirdum 2019,GreyLiterature|Reference,2019,OUI,first+year,3,"WIRDUM Aaron van, 2019, « Stratum V2 Could Overhaul Pooled Bitcoin Mining », Bitcoin Magazine, https://bitcoinmagazine.com/articles/with-stratum-v2-braiins-plans-big-overhaul-in-po"
462ca3c2907a45f0a4ef51d3bddbf906,Wood 2014 Yellow Paper,Reference,2014,OUI,first+year,4,"WOOD Gavin, 2014b, « “Yellow paper” : Ethereum: A Secure Decentralised Generalised Transaction Ledger (Version 2020-09-05) », 2014, p. 39."
875923d6862f4f769f1606313520cf8c,Wood Gavin 2016 — Resignation as DAO curator,Reference,2016,OUI,first+year,1,"WOOD Gavin, 2016, « Why I’ve Resigned as a Curator of the DAO », Medium, https://medium.com/@gavofyork/why-ive-resigned-as-a-curator-of-the-dao-238528fbd447#.ikzzqv33z, 13 mai 2016"
72e4765043d3438f8a4f6a4ae903523e,Woodford 2000 — Monetary policy in a world without money,Reference,2000,OUI,first+year,1,"WOODFORD Michael, 2000, « Monetary Policy in a World Without Money », International Finance, 2000, vol. 3, June, p. 229-260."
628d42d25fa54a5d9aecc3c0aa14ac58,Wray 2004 — The credit money and state money approaches,Reference,2004,OUI,first+year,1,"WRAY L. Randall, 2004, « The Credit Money and State Money Approaches », SSRN Electronic Journal, avril 2004."
7ebabc5db653f3a685220ae0bbde1c52,Wray 2010,Reference,2010,OUI,coauthor+year,3,"RANDALL WRAY L, 2010, « Alternative Approaches to Money », Theoretical Inquiries in Law, 2010, vol. 11, no 1, p. 29‑49."
4d5634d4359646c9cd1ee839036724eb,"Yellow Paper (Ethereum, Gavin Wood 2014)",AcademicWork,2014,OUI,manual,5,"WOOD Gavin, 2014b, « “Yellow paper” : Ethereum: A Secure Decentralised Generalised Transaction Ledger (Version 2020-09-05) », 2014, p. 39."
0dca90d7ef1f4ec8a2c44b20b3bbf668,Yermack 2013 Real Currency,Reference,2013,OUI,first+year,2,"YERMACK David, 2013, « Is bitcoin a real currency? An economic appraisal », National Bureau of Economic Research, 2013, p. 1‑22."
cd4ebb49a5854494a4df0bb45e292369,Yermack 2013 — Is Bitcoin a real currency,AcademicWork|Reference,2013,OUI,first+year,2,"YERMACK David, 2013, « Is bitcoin a real currency? An economic appraisal », National Bureau of Economic Research, 2013, p. 1‑22."
995d0c272da14d479572f406a5cd7423,Young 2017,GreyLiterature|Reference,2017,OUI,first+year,2,"YOUNG Joseph, 2017, « Vitalik Buterin: Early Versions of Ethereum Were Supposed to Launch on Bitcoin », Coin Journal, https://coinjournal.net/news/vitalik-buterin-early-versions-et"
c847eff22b014c26a97fff81fc661719,Zamfir 2017 — Against on-chain governance,Reference,2017,OUI,first+year,2,"ZAMFIR Vlad, 2017, « Against on -chain governance », Medium https://medium.com/@Vlad_Zamfir/against-on-chain-governance-a4ceacd040ca, 3 décembre 2017, consulté le 29 mars 2022."
3e7501abd4be41d991b3915e35c24b6c,Zamfir 2019 — Against Szabo's Law For A New Crypto Legal System,GreyLiterature|Reference,2019,OUI,first+year,4,"ZAMFIR Vlad, 2019, « Against Szabo’s Law, For A New Crypto Legal System », Medium, https://medium.com/cryptolawreview/against-szabos-law-for-a-new-crypto-legal-system-d00d0f3d3827,"
c89bf93708224ac481afb22a55ca5362,Zelizer 1989,Reference,1989,OUI,first+year,4,"ZELIZER Viviana A ., 1989, « The Social Meaning of Money : “Special Monies” », The American Journal of Sociology, 1989, vol. 95, no 2, p. 342‑377."
bc1361982acc4dff8ee8d5a270e61f34,Zelizer 1989 — Social Meaning of Money Special Monies,AcademicWork|Reference,1989,OUI,first+year,4,"ZELIZER Viviana A ., 1989, « The Social Meaning of Money : “Special Monies” », The American Journal of Sociology, 1989, vol. 95, no 2, p. 342‑377."
f2a5dc7fa1ef43779bf3025412e95e60,Zelizer 1999 — Official standardization and the social meaning of money,Reference,1999,OUI,first+year,1,"ZELIZER Viviana A., 1999, « Chapitre 5. Official standardisation vs social differentiation in american’s use of money » dans Introduction- Nation-states and money, The past the pre"
30006fbecce44ddd9e82e817d2cbbc5a,Zelizer 2000 — The Purchase of Intimacy,AcademicWork|Reference,2000,OUI,first+year,2,"ZELIZER Viviana A., 2000, « The Purchase of Intimacy », Law and Social Inquiry, juillet 2000, vol. 25, no 3, p. 817‑848."
c274eca9c9e748abb5edd4e9306b4b45,Zelizer 2005 — La signification sociale de l'argent,AcademicWork|Reference,2005,OUI,first+year,3,"ZELIZER Viviana A ., 2005, La signification sociale de l’argent , traduit de l’américain par Christian Cler, Seuil., Paris, 348 p."
9f5c72eed5ce4aaab9b82b0578750bbc,Zhao et al. 2017 — The DAO paradox: code is law and its limits,Reference,2017,OUI,first+year,5,"ZHAO Xiangfu, CHEN Zhongyu, CHEN Xin, WANG Yanxia et TANG Changbing, 2017, « The DAO attack paradoxes in propositional logic », Hangzhou, IEEE."
7948e3dd75d74dc4a0cf4804d6e45811,Zhao Gloria 2020 — Bitcoin network map and node distribution,Reference,2020,OUI,first+year,6,"ZHAO Gloria, 2020, « Map of the Bitcoin Network. A beginner -friendly “map” to help you… », Medium, https://medium.com/@gloriazhao/map-of-the-bitcoin-network-c6f2619a76f3, 13 juill"
8fd6c10914b2417087d76a332dd3e433,Zolesio 2011 — L'anonymat comme protection en ethnographie,Reference,2011,OUI,first+year,1,"ZOLESIO Emmanuelle, 2011, « Anonymiser les enquêtés », Revue pluridisciplinaire de sciences humaines et sociales, 2011, (coll. « Interrogation? »), p. 174‑183."
