id;origine;date;precision;date_brute;nature;intitule;phase;domaine_8;systeme;acteur_principal;acteur_secondaire;arene;type_acte;type_acte_2;effet_prop_monetaires;crise;crisis_no;cve;fil;source;source_graphe;acteurs_graphe;occurs_in;variantes;notes;gid
G122;graphe;1998;annee;;acte;ICANN : gouvernance centralisée du DNS (cible cypherpunk);poc;vi;;;;;;;nd;non;;;;graphe v97 (Chapitre I);I.2.1 Un protocole deborde de carnavalesques improvisations d acteurs;;Phase de preuve de concept [DevelopmentPhase];;Organisme gouvernemental américain administrant le DNS. Cible des critiques cypherpunks : censure, surveillance, hégémonie américaine. Justification principale de Namecoin (DeNardi;feb3b3b528af4403a43cb63516a4f212
G127;graphe;2004;annee;;acte;RipplePay : réseau de confiance P2P précurseur de Ripple (Ryan Fugger, 2004);poc;;;;;;;;nd;non;;;;graphe v97 (Chapitre I);I.2.1 Un protocole deborde de carnavalesques improvisations d acteurs;;Phase de preuve de concept [DevelopmentPhase];;Réseau de prêts directs entre utilisateurs créé par Ryan Fugger (2004). Précurseur conceptuel de Ripple/XRP. Inspira OpenCoin (BitMEX Research 2018b).;58f3e1dccd4c42d9ba7194d20314ed57
E001;catalogue+graphe;2008-07-18;jour;;acte;Depot du nom de domaine bitcoin.org;poc;iv*;bitcoin;core_devs;;entreprises_services;innovation_infrastructurelle;;nd;non;;;genese;ch.I l.265 + l.113;III.1 Crise Bitcoin CVE 2018-17144 : d'une crise à de nombreuses autres… | III.1.1 — Présentation périodisée : une mise en crise longue et silencieuse (CVE 2018) | I.1 Quand Bitcoin définit son monde… : l'aloi politique d'une CM pionnière;;Phase de preuve de concept [DevelopmentPhase];InfrastructureEvent — Dépôt du nom de domaine bitcoin.org;borne d'ouverture de la chronologie [CHANTIER: l.113 situe l'enregistrement en janv. 2009];92481a368bd24325a8990decb62e666b
E002;catalogue;2008-10-31;jour;;acte;Publication du WP via la Cryptography Mailing List;poc;iv*;bitcoin;core_devs;;listes_forums;innovation_protocolaire;;nd;non;;;genese;ch.I l.113;;;;;;
G071;graphe;2008-10-31;jour;;acte;Publication du WP Bitcoin (mailing list);poc;iv;;;;;;;nd;non;;;;graphe v97 (chapitre nd);III.1 Crise Bitcoin CVE 2018-17144 : d'une crise à de nombreuses autres… | III.1.1 — Présentation périodisée : une mise en crise longue et silencieuse (CVE 2018) | I.1 Quand Bitcoin définit son monde… : l'aloi politique d'une CM pionnière;;Phase de preuve de concept [DevelopmentPhase];;Publication du whitepaper Bitcoin 'A Peer-to-Peer Electronic Cash System' par Satoshi Nakamoto sur la mailing list cryptographique le 31 octobre 2008.;ab2449a123164aa3adff6b180035c327
G072;graphe;2008-12-10;jour;;acte;Nakamoto annonce une liste de diffusion dédiée (SourceForge);poc;iv;;;;;;;nd;non;;;;graphe v97 (chapitre nd);I.2.1 Un protocole deborde de carnavalesques improvisations d acteurs;Martti Malmi;Phase de preuve de concept [DevelopmentPhase];;Nakamoto crée le projet Bitcoin sur SourceForge en novembre 2008, ouvrant la collaboration au public avant le lancement officiel du réseau.;031391f624304483a4b820df6efea622
E005;catalogue+graphe;2009-01;mois;;acte;Fondation du forum Bitcointalk;poc;iv*;bitcoin;core_devs;communautes_forums;listes_forums;innovation_infrastructurelle;;nd;non;;;genese;ch.I l.113;III.1 Crise Bitcoin CVE 2018-17144 : d'une crise à de nombreuses autres… | III.1.1 — Présentation périodisée : une mise en crise longue et silencieuse (CVE 2018) | I.1 Quand Bitcoin définit son monde… : l'aloi politique d'une CM pionnière;;Phase de preuve de concept [DevelopmentPhase];;;06ac37fc6cf24af49ec79ec265159ad8
E003;catalogue;2009-01-03;jour;;acte;Enregistrement de genese;poc;vi;bitcoin;core_devs;;on_chain;innovation_protocolaire;;nd;non;;;genese;ch.I l.169 + n.14 l.487;;;;;titre du Times inscrit (n.14) - encadre rouge fig.;
G013;graphe;2009-01-03;jour;;acte;Genesis Block — Lancement du protocole Bitcoin;poc;;;;;;;;nd;oui;;;;graphe v97 (chapitre nd);III.1 Crise Bitcoin CVE 2018-17144 : d'une crise à de nombreuses autres… | III.1.1 — Présentation périodisée : une mise en crise longue et silencieuse (CVE 2018) | I.1 Quand Bitcoin définit son monde… : l'aloi politique d'une CM pionnière;;;;;c8b77447d55c4ff08810620dc9370f67
G063;graphe;2009-01-03;jour;;acte;Genesis Block / lancement du protocole;poc;vi;;;;;;;nd;non;;;;graphe v97 (chapitre nd);I.2.1 Un protocole deborde de carnavalesques improvisations d acteurs;;Phase de preuve de concept [DevelopmentPhase];;Premier bloc Bitcoin miné par Satoshi Nakamoto le 3 janvier 2009, contenant la une du Times de Londres sur le renflouement des banques, message fondateur.;70d79dda054d462086a5472657b011a7
E004;catalogue+graphe;2009-01-09;jour;;acte;Publication du client Bitcoin-Qt v0.1;poc;iii;bitcoin;core_devs;;depots_de_code;innovation_protocolaire;;nd;non;;;portefeuilles;ch.I l.269;III.1 Crise Bitcoin CVE 2018-17144 : d'une crise à de nombreuses autres… | III.1.1 — Présentation périodisée : une mise en crise longue et silencieuse (CVE 2018) | I.1 Quand Bitcoin définit son monde… : l'aloi politique d'une CM pionnière;;Phase de preuve de concept [DevelopmentPhase];;le texte situe le client dans le domaine portefeuilles (orange);6c92b4f54bb54499b7e2d2c0625fccf7
G095;graphe;2009-01-09;jour;;acte;Bitcoin-QT 0.1 client lourd (9 janvier 2009);poc;iii;;;;;;;nd;non;;;;graphe v97 (Chapitre I);III.1 Crise Bitcoin CVE 2018-17144 : d'une crise à de nombreuses autres… | III.1.1 — Présentation périodisée : une mise en crise longue et silencieuse (CVE 2018) | I.1 Quand Bitcoin définit son monde… : l'aloi politique d'une CM pionnière;Satoshi Nakamoto;Phase de preuve de concept [DevelopmentPhase];;Client lourd polyvalent portant tous les composants. Injonction wallet.dat critique. Seule solution disponible a l origine.;5f86375d2ffa4575b9c1b18395bb82b1
E006;catalogue+graphe;2009-01-12;jour;;acte;Premiere transaction (10 BTC - Nakamoto vers Finney);poc;i*;bitcoin;core_devs;;on_chain;adoption;;nd;non;;;acces-usage;ch.I l.265;III.1 Crise Bitcoin CVE 2018-17144 : d'une crise à de nombreuses autres… | III.1.2 — Une remise en ordre rapide (CVE 2018) | III.3.4 — « Fork You ?! » : scission surprise fondatrice et ses enseignements;Hal Finney | Satoshi Nakamoto;Phase de preuve de concept [DevelopmentPhase];;;fb0bb535e9014c58b7fb73151258f67b
E007;catalogue+graphe;2009-10-12;jour;;acte;Premier echange BTC/dollar (Malmi - NewLibertyStandard);poc;i*;bitcoin;communautes_forums;;marches_plateformes;financiarisation;;nd;non;;;marches;ch.I n.75 l.609;I.2.1 Un protocole deborde de carnavalesques improvisations d acteurs;Martti Malmi | NewLibertyStandard;Phase de preuve de concept [DevelopmentPhase];;5050 BTC pour 5.02 dollars - reglement via PayPal;66a591458af644a9a0a83a0565e02488
G159;graphe;2009-10-30;jour;;acte;SourceForge Bitcoin repo (Martti Malmi, 2009);poc;vi;;;;;;;nd;non;;;;graphe v97 (chapitre nd);III.1 Crise Bitcoin CVE 2018-17144 : d'une crise à de nombreuses autres… | III.1.2 — Une remise en ordre rapide (CVE 2018) | III.3.4 — « Fork You ?! » : scission surprise fondatrice et ses enseignements;;Phase de preuve de concept [DevelopmentPhase];;;ef4dc40dd6a242019dc88551d68bbd7a
G141;graphe;2009-12-22;jour;;acte;Article PCWorld sur Bitcoin (décembre 2009);poc;;;;;;;;nd;non;;;;graphe v97 (chapitre nd);III.1 Crise Bitcoin CVE 2018-17144 : d'une crise à de nombreuses autres… | III.1.2 — Une remise en ordre rapide (CVE 2018) | III.3.4 — « Fork You ?! » : scission surprise fondatrice et ses enseignements;;I.4 Conclusion du Chapitre I [ThesisSection];;Article de PCWorld sur Bitcoin en décembre 2009, contribuant à la première diffusion médiatique du protocole au grand public technique.;3a7d7850c35842dc9127080eb7d30db3
E008;catalogue;2010;annee;;acte;Lancement de MtGox (McCaleb);poc;i*;bitcoin;entrepreneurs_exchanges;;marches_plateformes;financiarisation;;liquidite_convertibilite(+);non;;;marches;ch.I l.269-271;;;;;profondeur de liquidite - produit un cours (texte);
E009;catalogue;2010;annee;;seuil;MtGox concentre pres de 70 pct des volumes (2010-2014);poc;i*;bitcoin;nd;;marches_plateformes;nd;;liquidite_convertibilite(+);non;;;marches;ch.I l.269;;;;;;
E010;catalogue;2010;annee;;acte;MyBitcoin - premier portefeuille custodial;poc;iii;bitcoin;entrepreneurs_exchanges;;entreprises_services;innovation_infrastructurelle;;nd;non;;;portefeuilles;ch.I n.74 l.607;;;;;;
E011;catalogue+graphe;2010;annee;;acte;Sequestre communautaire par Theymos (frais 1 pct);poc;iii*;bitcoin;communautes_forums;;listes_forums;innovation_infrastructurelle;;conf_methodique(+);non;;;portefeuilles;ch.I n.75 l.609;I.2.1 Un protocole deborde de carnavalesques improvisations d acteurs;;Phase de preuve de concept [DevelopmentPhase];;;babc9f23c57446c88626709f94707d80
G003;graphe;2010;annee;;acte;CVE-2010-5141 (Vol de clés privées);poc;;;;;;;;nd;oui;1;CVE-2010-5141;;graphe v97 (chapitre nd);III.1 Crise Bitcoin CVE 2018-17144 : d'une crise à de nombreuses autres…;;;;;0423dfbdf0904305b1d7e48c3df78ae2
G045;graphe;2010;annee;;acte;Mt. Gox;poc;i;;;;;;;nd;non;;;;graphe v97 (Chapitre I);I.2.1 Un protocole deborde de carnavalesques improvisations d acteurs;Bourses d'échange (exchanges) | Satoshi Nakamoto | Core Developers (Bitcoin) | Mark Karpelès;Phase de maturation / Phase 3 Bitcoin [Concept];;Première véritable bourse d'échange BTC/$ à grande échelle, lancée par Jed McCaleb en 2010. Concentre jusqu'à 70% des volumes d'échange BTC/$ de 2010 à 2014. Rôle décisif dans la r;6661cad88f9145a6ad28d6c30840ef00
G119;graphe;2010;annee;;acte;Dust limit (limite de poussière Bitcoin);poc;vi;;;;;;;nd;non;;;;graphe v97 (Chapitre I);III.1 Crise Bitcoin CVE 2018-17144 : d'une crise à de nombreuses autres… | III.1.1 — Présentation périodisée : une mise en crise longue et silencieuse (CVE 2018) | I.1 Quand Bitcoin définit son monde… : l'aloi politique d'une CM pionnière;;Phase de preuve de concept [DevelopmentPhase];;Règle transactionnelle ajoutée par Nakamoto : toute UTXO inférieure à 0.01 BTC envoyé nécessite 0.01 BTC de frais. Vise à prévenir les attaques par spam de petites transactions (du;eb2cb7c7f3c44cd2b8d01fe8bbad5a5a
G092;graphe;2010-02;mois;;acte;NewLibertyStandard : modele de prix par cout minage (fev.2010);poc;i;;;;;;;nd;non;;;;graphe v97 (Chapitre I);I.2.1 Un protocole deborde de carnavalesques improvisations d acteurs;NewLibertyStandard;Phase de preuve de concept [DevelopmentPhase];;Modele de valorisation des BTC deduit du cout energetique du minage, propose sur BitcoinTalk pour depasser absence de cotation.;60b665021b014f6d9803f0e227d8d076
G073;graphe;2010-02-05;jour;;acte;Proposition du ticker BTC;poc;iv;;;;;;;nd;non;;;;graphe v97 (chapitre nd);I.2.1 Un protocole deborde de carnavalesques improvisations d acteurs;;Phase de preuve de concept [DevelopmentPhase];;Adoption du symbole BTC pour désigner le bitcoin sur les marchés de change, établissant une convention de désignation universelle pour la cryptomonnaie.;4443393ff9094574a7c2adcd5fc96162
G074;graphe;2010-03-10;jour;;acte;Premier tournoi de poker en ligne utilisant BTC;poc;i;;;;;;;nd;non;;;;graphe v97 (chapitre nd);I.2.1 Un protocole deborde de carnavalesques improvisations d acteurs;;Phase de preuve de concept [DevelopmentPhase];;Premier tournoi de poker en ligne utilisant Bitcoin, démonstration précoce de l'usage de Bitcoin pour les jeux d'argent en ligne hors juridiction.;8c6f302ba7484a718a163a6747c81fa5
E012;catalogue;2010-03-17;jour;;acte;Bitcoinmarket.com - premiere bourse et premiere cotation;poc;i*;bitcoin;entrepreneurs_exchanges;;marches_plateformes;financiarisation;;valorisation(+);non;;;marches;ch.I n.75 l.609;;;;;;
G056;graphe;2010-03-17;jour;;acte;BitcoinMarket exchange launch;poc;i;;;;;;;nd;non;;;;graphe v97 (Chapitre I);III.1 Crise Bitcoin CVE 2018-17144 : d'une crise à de nombreuses autres… | III.1.1 — Présentation périodisée : une mise en crise longue et silencieuse (CVE 2018) | I.1 Quand Bitcoin définit son monde… : l'aloi politique d'une CM pionnière;;Phase de preuve de concept [DevelopmentPhase];;BitcoinMarket.com (17 mars 2010) : première bourse d'échange Bitcoin, première cotation continue BTC/$. Dépend de PayPal pour le règlement en dollar, ce qui conduit à sa fragilisat;20dac14d83a2433fae0c7392e380bf6e
G075;graphe;2010-03-17;jour;;acte;Première plateforme d’échange BTC (BitcoinMarket.com);poc;i;;;;;;;nd;non;;;;graphe v97 (chapitre nd);III.1 Crise Bitcoin CVE 2018-17144 : d'une crise à de nombreuses autres… | III.1.1 — Présentation périodisée : une mise en crise longue et silencieuse (CVE 2018) | I.1 Quand Bitcoin définit son monde… : l'aloi politique d'une CM pionnière;;Phase de preuve de concept [DevelopmentPhase];;Lancement de BitcoinMarket.com en mars 2010 par dwdollar, première plateforme permettant l'échange BTC/USD, établissant le premier cours de marché Bitcoin.;d2a8798b6f064140851367c98162f594
G076;graphe;2010-04-01;jour;;acte;Premier minage GPU;poc;;;;;;;;nd;non;;;;graphe v97 (chapitre nd);I.2.1 Un protocole deborde de carnavalesques improvisations d acteurs;;Phase de preuve de concept [DevelopmentPhase];;Transition du minage CPU vers GPU initiée par Laszlo Hanyecz en 2010, multipliant la puissance de calcul disponible par un facteur considérable.;ef24c1fb7a7040b49a2c1e0194355cf1
G077;graphe;2010-05-21;jour;;acte;Premier échange contre marchandise (pizzas);poc;i;;;;;;;nd;non;;;;graphe v97 (chapitre nd);I.2.1 Un protocole deborde de carnavalesques improvisations d acteurs;Laszlo Hanyecz;Phase de preuve de concept [DevelopmentPhase];;Première transaction commerciale Bitcoin : Laszlo Hanyecz achète deux pizzas pour 10 000 BTC le 22 mai 2010 (Bitcoin Pizza Day), premier prix en biens réels.;09d15bd8d03c4fa38ecbd33cf5862f9b
E013;catalogue;2010-05-22;jour;;acte;Premier achat de bien physique (2 pizzas - 10000 BTC);poc;i;bitcoin;communautes_forums;;marches_plateformes;adoption;;usage_paiement(+);non;;;acces-usage;ch.I n.75 l.609;;;;;via intermediaire individuel (Hanyecz);
E014;catalogue;2010-06;mois;;acte;Premier Faucet (Andresen - 50 BTC par visite);poc;i*;bitcoin;core_devs;;entreprises_services;adoption;;usage_paiement(+);non;;;acces-usage;ch.I l.269;;;;;elargir les canaux d'acces (texte);
G055;graphe;2010-06;mois;;acte;Bitcoin Faucet;poc;i;;;;;;;nd;non;;;;graphe v97 (Chapitre I, section I.2);III.1 Crise Bitcoin CVE 2018-17144 : d'une crise à de nombreuses autres… | III.1.1 — Présentation périodisée : une mise en crise longue et silencieuse (CVE 2018) | I.1 Quand Bitcoin définit son monde… : l'aloi politique d'une CM pionnière;Bourses d'échange (exchanges);Phase de preuve de concept [DevelopmentPhase];;Premier service de distribution gratuite de bitcoins créé par Gavin Andresen en 2010 pour faciliter l'adoption, offrant 5 BTC par visiteur au début.;0ec8d4683eb14f49a2b5dd37ac2c8858
G058;graphe;2010-07;mois;;acte;GPU mining emergence;poc;;;;;;;;nd;non;;;;graphe v97 (chapitre nd);I.2.1 Un protocole deborde de carnavalesques improvisations d acteurs;;Phase de preuve de concept [DevelopmentPhase];;Passage du minage CPU au GPU en 2010 (Laszlo Hanyecz), multipliant la puissance de calcul par 100 et amorçant la course aux armements du minage.;5dfe15f31a89483aae5b75e1e60fc5ef
G078;graphe;2010-07-11;jour;;acte;Première couverture média (Slashdot);poc;iv;;;;;;;nd;non;;;;graphe v97 (chapitre nd);I.2.1 Un protocole deborde de carnavalesques improvisations d acteurs;;Phase de preuve de concept [DevelopmentPhase];;Première grande couverture médiatique de Bitcoin par Slashdot le 11 juillet 2010, déclenchant un afflux massif de nouveaux utilisateurs.;1c84e58808404ab891a1ef9b0e5d6449
G064;graphe;2010-07-15;jour;;acte;Nakamoto introduces block size limit;poc;vi;;;;;;;nd;non;;;;graphe v97 (chapitre nd);I.2.1 Un protocole deborde de carnavalesques improvisations d acteurs;;Phase de preuve de concept [DevelopmentPhase];;Satoshi Nakamoto introduit discrètement la limite de bloc de 1MB en octobre 2010 (activée le 12 septembre 2010), décision qui deviendra le cœur du Scaling Debate.;4f7fd6dcbdc349a08df4b66d92cb9cdc
G079;graphe;2010-07-15;jour;;acte;Introduction d’une limite de bloc (activée 2010-09-12);poc;vi;;;;;;;nd;non;;;;graphe v97 (chapitre nd);I.2.1 Un protocole deborde de carnavalesques improvisations d acteurs;;Phase de preuve de concept [DevelopmentPhase];;Introduction discrète par Satoshi Nakamoto d'une limite de taille de bloc à 1 MB, activée le 12 septembre 2010 comme mesure anti-spam, devenu le cœur du Scaling Debate.;69aa91b1014e4143b79c9f3547c29c6d
G114;graphe;2010-07-15;jour;;acte;Limite de taille de bloc 1 Mo (15 juillet 2010);poc;vi;;;;;;;nd;non;;;;graphe v97 (Chapitre I);I.2.1 Un protocole deborde de carnavalesques improvisations d acteurs;;Phase de preuve de concept [DevelopmentPhase];;Introduction secrète par Nakamoto de la limite de 1 Mo par bloc (version 0.3.2, publiée le 19 juillet 2010, entrée en vigueur le 07/09/2010). Une seule ligne de code (MAX_BLOCK_SIZ;646140677b0c4a67855bdb001f4680cf
G080;graphe;2010-07-18;jour;;acte;Première bourse d’échange importante (MtGox);poc;i;;;;;;;nd;non;;;;graphe v97 (chapitre nd);I.2.1 Un protocole deborde de carnavalesques improvisations d acteurs;MtGox;Phase de preuve de concept [DevelopmentPhase];;Lancement de MtGox en juillet 2010 par Jed McCaleb, première bourse Bitcoin à grande échelle permettant les échanges BTC/USD, revendue à Mark Karpelès en 2011.;9670a4beed1a47bda5628c9770dddfd1
G014;graphe;2010-07-28;jour;;acte;CVE-2010-5137 — OP_LSHIFT crash;poc;;;;;;;;nd;oui;2;CVE-2010-5137;;graphe v97 (chapitre nd);III.1 Crise Bitcoin CVE 2018-17144 : d'une crise à de nombreuses autres…;;;;;dddeabcb23464ee48e9524a6ac71c6eb
G065;graphe;2010-07-28;jour;;acte;First soft fork (Value overflow bug fix);poc;vi;;;;;;;nd;non;;;;graphe v97 (chapitre nd);I.2.1 Un protocole deborde de carnavalesques improvisations d acteurs;;Phase de preuve de concept [DevelopmentPhase];;Premier soft fork correctif Bitcoin en août 2010 pour corriger le bug d'overflow CVE-2010-5139 ayant créé 184 milliards de BTC, coordonné par Satoshi Nakamoto en 6 heures.;5b8c5959b2114befb0021a2c5d416e6f
G081;graphe;2010-07-28;jour;;acte;Soft fork : correction bug 'Void of bitcoin';poc;vi;;;;;;;nd;non;;;;graphe v97 (chapitre nd);III.1 Crise Bitcoin CVE 2018-17144 : d'une crise à de nombreuses autres… | III.1.1 — Présentation périodisée : une mise en crise longue et silencieuse (CVE 2018) | I.1 Quand Bitcoin définit son monde… : l'aloi politique d'une CM pionnière;;Phase de preuve de concept [DevelopmentPhase];;Premier soft fork correctif Bitcoin en août 2010 pour corriger le bug d'overflow ayant créé 184 milliards de BTC, coordonné par Satoshi Nakamoto en 6 heures.;714f6de9e72d4162a186c2c0e459f15f
G015;graphe;2010-07-29;jour;;acte;CVE-2010-5138 — Unlimited SigOp DoS via OP_CHECKSIG;poc;;;;;;;;nd;oui;3;CVE-2010-5138;;graphe v97 (chapitre nd);III.1 Crise Bitcoin CVE 2018-17144 : d'une crise à de nombreuses autres…;;;;;d6af94403c654e33a826339a6d612463
G094;graphe;2010-08-10;jour;;acte;Perte 9000 BTC (premier utilisateur, 10 aout 2010);poc;iii;;;;;;;nd;non;;;;graphe v97 (Chapitre I);I.2.1 Un protocole deborde de carnavalesques improvisations d acteurs;;Phase de preuve de concept [DevelopmentPhase];;Premiere perte declaree : 9000 BTC perdus par mauvaise gestion du fichier wallet.dat (Sedgwick 2019).;120e6fa2cdfa464ea7e51a34386adb73
E015;catalogue;2010-08-15;jour;;acte;Bogue Value Overflow (CVE-2010-5139 - crise n 4);poc;vi;bitcoin;core_devs;mineurs;on_chain;incident;innovation_protocolaire;nd;oui (n 4);;;crises-protocolaires;ch.III l.221 + l.237;;;;;scission de 51 blocs - remise en ordre Nakamoto et premiers devs - recensement seul (SASE);
G001;graphe;2010-08-15;jour;;acte;Bitcoin CVE 2010-5139 (Value Overflow);poc;;;;;;;;nd;oui;4;;;graphe v97 (chapitre nd);III.1 Crise Bitcoin CVE 2018-17144 : d'une crise à de nombreuses autres… | III.1.2 — Une remise en ordre rapide (CVE 2018) | III.3.4 — « Fork You ?! » : scission surprise fondatrice et ses enseignements;;;;;273237e8600e4e289cd76da835a82e67
G016;graphe;2010-09-29;jour;;acte;CVE-2010-5140 — Never confirming transactions;poc;;;;;;;;nd;oui;5;CVE-2010-5140;;graphe v97 (chapitre nd);III.1 Crise Bitcoin CVE 2018-17144 : d'une crise à de nombreuses autres…;;;;;7246b452d71d4416b146f62f42a2bb64
G121;graphe;2010-11;mois;;acte;BitDNS : projet DNS distribué précurseur de Namecoin (nov. 2010);poc;vi;;;;;;;nd;non;;;;graphe v97 (Chapitre I);I.2.1 Un protocole deborde de carnavalesques improvisations d acteurs;Hal Finney;Phase de preuve de concept [DevelopmentPhase];;Projet de DNS distribué discuté sur BitcoinTalk (nov. 2010). Nakamoto et Finney impliqués. Nakamoto propose le merge mining pour des 'destins distincts'. Précurseur direct de Namec;496ef75551f5475ab7f7ec0c6f31052a
G082;graphe;2010-11-15;jour;;acte;Correction d’un bug de type 'Inflation';poc;;;;;;;;nd;non;;;;graphe v97 (chapitre nd);I.2.1 Un protocole deborde de carnavalesques improvisations d acteurs;;Phase de preuve de concept [DevelopmentPhase];;Correction d'urgence du bug CVE-2010-5139 permettant la création de 184 milliards de BTC, résolu par Satoshi Nakamoto en moins de 6 heures via un soft fork coordonné.;e2c89bd57671472cb2f471d04c34bf76
G066;graphe;2010-11-22;jour;;acte;BitcoinTalk forum created;poc;iv;;;;;;;nd;non;;;;graphe v97 (chapitre nd);III.1 Crise Bitcoin CVE 2018-17144 : d'une crise à de nombreuses autres… | III.1.2 — Une remise en ordre rapide (CVE 2018) | III.3.4 — « Fork You ?! » : scission surprise fondatrice et ses enseignements;;Phase de preuve de concept [DevelopmentPhase];;Forum Bitcoin créé par Satoshi Nakamoto en novembre 2009 (initialement Bitcoin Forum), principal espace de délibération de la communauté Bitcoin.;0d81bba0461d49a5af8997a20663d630
E016;catalogue;2010-11-27;jour;;acte;Slushpool - premier pool de minage cooperatif;poc;ii;bitcoin;mineurs;;entreprises_services;innovation_infrastructurelle;;nd;non;;;minage;ch.I l.315;;;;;controverse indigene (minage cooperatif = communisme);
G083;graphe;2010-11-27;jour;;acte;Première pool de minage (Slush Pool);poc;;;;;;;;nd;non;;;;graphe v97 (chapitre nd);I.2.1 Un protocole deborde de carnavalesques improvisations d acteurs;Marek Palatinus (Slush) | Slush Pool;Phase de preuve de concept [DevelopmentPhase];;Première coopérative de minage Bitcoin, fondée par Marek Palatinus (Slush) fin 2010 à Prague, permettant aux petits mineurs de partager les récompenses.;cc346d7c8cdf450ca81c1cd08d65b68c
E017;catalogue+graphe;2010-12;mois;;acte;BitLaundry - premier service de mixage;poc;iii;bitcoin;entrepreneurs_exchanges;;entreprises_services;innovation_infrastructurelle;;fongibilite(+);non;;;portefeuilles;ch.I n.74 l.607;I.2.1 Un protocole deborde de carnavalesques improvisations d acteurs;;Phase de preuve de concept [DevelopmentPhase];;preserver la fongibilite (texte);64a49803ef464d83a7ae3a674d180ca8
E018;catalogue+graphe;2010-12;mois;;acte;Article PC World sur WikiLeaks - Bitcointalk sature;poc;iv*;bitcoin;medias_connaissance;;presse_medias;qualification_publique;;nd;non;;;mediatisation;ch.I l.273;"Chapitre I ; III.1 Crise Bitcoin CVE 2018-17144 : d'une crise à de nombreuses autres… | III.1.1 — Présentation périodisée : une mise en crise longue et silencieuse (CVE 2018) | I.1 Quand Bitcoin définit son monde… : l'aloi politique d'une CM pionnière";Satoshi Nakamoto | WikiLeaks;Phase de preuve de concept [DevelopmentPhase];;nid de frelons (Nakamoto);944c9169ed3d416f95bebdfd4b9b1d20
G117;graphe;2010-12;mois;;acte;Retrait de Nakamoto (décembre 2010);poc;iv;;;;;;;nd;non;;;;graphe v97 (Chapitre I);I.2.1 Un protocole deborde de carnavalesques improvisations d acteurs;Satoshi Nakamoto | Gavin Andresen | Mike Hearn | Martti Malmi;Phase de preuve de concept [DevelopmentPhase];;Dernier message public de Nakamoto le 12 décembre 2010. Retrait progressif dès fin 2010, motivé par la notoriété croissante et son refus d'être une 'mystérieuse figure d'ombre'. Pé;ae0f729d88cf472db6b6aeb80783594f
E019;catalogue;2010-12-12;jour;;acte;Dernier message public de Nakamoto;poc;vi*;bitcoin;core_devs;;listes_forums;[CHANTIER type];;nd;non;;;genese;ch.I l.113 + n.101 l.661;;;;;retrait du concepteur - hors typologie actuelle;
G067;graphe;2010-12-23;jour;;acte;First public French info site Bitcoin.fr;poc;iv;;;;;;;nd;non;;;;graphe v97 (chapitre nd);III.1 Crise Bitcoin CVE 2018-17144 : d'une crise à de nombreuses autres… | III.1.2 — Une remise en ordre rapide (CVE 2018) | III.3.4 — « Fork You ?! » : scission surprise fondatrice et ses enseignements;;Phase de preuve de concept [DevelopmentPhase];;Lancement de Bitcoin.fr, premier site francophone d'information sur Bitcoin, contribuant à la diffusion de la cryptomonnaie dans la communauté francophone.;4d123d178412441bbf33bfa8240e9c3c
E020;catalogue;2011;annee;;seuil;Parite 1 BTC = 1 dollar (saluee par Slashdot);poc;i*;bitcoin;nd;;marches_plateformes;nd;;valorisation(+);non;;;marches;ch.I l.271;;;;;debut 2011;
E021;catalogue;2011;annee;;acte;Lancement de Silk Road (Ulbricht);poc;i;bitcoin;entrepreneurs_exchanges;communautes_forums;marches_plateformes;adoption;;usage_paiement(+);non;;;peche;ch.I l.279 + fig. n 6;;;;;texte - lance a la phase precedente;
E022;catalogue;2011;annee;;acte;Creation de Bitcoin Magazine (Buterin et Alisie);poc;iv;bitcoin;medias_connaissance;;presse_medias;innovation_infrastructurelle;;nd;non;;;mediatisation;ch.I l.391 + l.281;;;;;[CHANTIER: fig. situe la premiere publication en 2012];
E023;catalogue+graphe;2011;annee;;acte;WeUseCoins - media specialise d'education;poc;iv;bitcoin;medias_connaissance;;presse_medias;adoption;;nd;non;;;mediatisation;ch.I l.271 + fig. n 6;I.2.1 Un protocole deborde de carnavalesques improvisations d acteurs;;Phase de preuve de concept [DevelopmentPhase];;date texte non donnee;17c55315ca2a45db9d1dc895fcba105d
E024;catalogue+graphe;2011;annee;;acte;Electrum - premier portefeuille leger non custodial;poc;iii;bitcoin;entrepreneurs_exchanges;;entreprises_services;innovation_infrastructurelle;;nd;non;;;portefeuilles;ch.I n.74 l.607;I.2.1 Un protocole deborde de carnavalesques improvisations d acteurs;;Phase de preuve de concept [DevelopmentPhase];;fin 2011;8bc6f2749a284bb7add34a1739cec310
E025;catalogue;2011;annee;;acte;Creation de la procedure BIP (Taaki);poc;vi*;bitcoin;core_devs;;depots_de_code;innovation_infrastructurelle;;nd;non;;;gouvernance;ch.I l.391 + ch.III l.449;;;;;[CHANTIER: date non donnee dans les fichiers autorises];
G091;graphe;2011;annee;;acte;Migration du code Bitcoin vers GitHub (2011);poc;vi;;;;;;;nd;non;;;;graphe v97 (Chapitre I);III.1 Crise Bitcoin CVE 2018-17144 : d'une crise à de nombreuses autres… | III.1.1 — Présentation périodisée : une mise en crise longue et silencieuse (CVE 2018) | I.1 Quand Bitcoin définit son monde… : l'aloi politique d'une CM pionnière;;Phase de preuve de concept [DevelopmentPhase];;Migration du dépôt de code source Bitcoin de SourceForge vers GitHub en 2011, facilitant la collaboration ouverte. Étape de structuration de la gouvernance du développement protoco;4319dfd47a434d08a9cbc371e4c05506
G096;graphe;2011;annee;;acte;Premier minage FPGA (2011);poc;;;;;;;;nd;non;;;;graphe v97 (Chapitre I);I.2.1 Un protocole deborde de carnavalesques improvisations d acteurs;;Phase de preuve de concept [DevelopmentPhase];;Etape intermediaire entre GPU et ASIC dans la specialisation du hardware de minage.;f28b9ec90edb4d7782ce4827a9cf9834
G097;graphe;2011;annee;;acte;WeUseCoins et crypto.fr, medias communautaires (2011);poc;iv;;;;;;;nd;non;;;;graphe v97 (Chapitre I);I.2.1 Un protocole deborde de carnavalesques improvisations d acteurs;;Phase de preuve de concept [DevelopmentPhase];;Emergence de medias specialises Bitcoin issus de la communaute, concurrencant les medias traditionnels.;0628e0fc39504e9e8b501e94365bbef8
G118;graphe;2011;annee;;acte;BIP-0001 : institutionnalisation du processus de développement Bitcoin;poc;vi;;;;;;;nd;non;;;;graphe v97 (Chapitre I);III.1 Crise Bitcoin CVE 2018-17144 : d'une crise à de nombreuses autres… | III.1.1 — Présentation périodisée : une mise en crise longue et silencieuse (CVE 2018) | I.1 Quand Bitcoin définit son monde… : l'aloi politique d'une CM pionnière;;Phase de péché [DevelopmentPhase];;Premier Bitcoin Improvement Proposal (BIP-0001) proposé par Amir Taaki en 2011 : établit le cadre normatif et procédural régissant les modifications du protocole Bitcoin. Les dével;fda844ff24dc4fe6882516b72e6d71ce
G120;graphe;2011;annee;;acte;Flood attacks / attaques DOS par spam de transactions;poc;;;;;;;;nd;non;;;;graphe v97 (Chapitre I);I.2.1 Un protocole deborde de carnavalesques improvisations d acteurs;;Phase de péché [DevelopmentPhase];;Attaques par envoi massif de transactions de montant infinitésimal pour surcharger les nœuds Bitcoin (flood attacks). Risque structurel inhérent à la gratuité initiale du traitemen;398e5477ea2041a1a030330178fb9c52
G123;graphe;2011;annee;;acte;Premiers NFT sur Namecoin (détournement d'usage);poc;vi;;;;;;;nd;non;;;;graphe v97 (Chapitre I);I.2.1 Un protocole deborde de carnavalesques improvisations d acteurs;;Phase de péché [DevelopmentPhase];;Détournement carnavalesque : premiers tokens non fongibles consignés sur Namecoin. Illustre la dynamique d'innovation imprévue (Whitebbit1111 2022).;500e47a7ba0346be981231b81afe7e88
G131;graphe;2011;annee;;acte;Kraken : plateforme d'échange cryptos (Jesse Powell, 2011);poc;;;;;;;;nd;non;;;;graphe v97 (Chapitre I);I.2.1 Un protocole deborde de carnavalesques improvisations d acteurs;Jesse Powell | Kraken;Phase de péché [DevelopmentPhase];;Plateforme d'échange de cryptomonnaies fondée par Jesse Powell (co-fondateur de Ripple/OpenCoin). L'une des principales de la phase de maturation.;ba1d7f22fdef48b4bbc489e736810412
G168;graphe;2011;annee;;acte;Lancement Casascius Physical Bitcoins (Mike Caldwell, 2011);poc;iii;;;;;;;nd;non;;;;graphe v97 (chapitre nd);III.1 Crise Bitcoin CVE 2018-17144 : d'une crise à de nombreuses autres… | III.1.1 — Présentation périodisée : une mise en crise longue et silencieuse (CVE 2018) | I.1 Quand Bitcoin définit son monde… : l'aloi politique d'une CM pionnière;;Phase de preuve de concept [DevelopmentPhase];;;b18c50643f6b4a59a9b06ff01ecf2e5c
G048;graphe;2011-01;mois;;acte;Mining pools emergence;poc;;;;;;;;nd;non;;;;graphe v97 (Chapitre I, section I.2);I.2.1 Un protocole deborde de carnavalesques improvisations d acteurs;Mineurs Bitcoin | Satoshi Nakamoto | Core Developers (Bitcoin);Phase de péché [DevelopmentPhase];Mining pools /// InfrastructureEvent — Mining pools (coopératives de minage);Coopératives de mineurs mutualisant leur puissance de calcul pour stabiliser leurs revenus, la première (Slush Pool) apparaissant fin 2010.;7f80094676fd44a785c6483dbee4f8c5
G093;graphe;2011-02;mois;;acte;Slashdot article parite BTC/$ (fevrier 2011);poc;iv;;;;;;;nd;non;;;;graphe v97 (Chapitre I);I.2.1 Un protocole deborde de carnavalesques improvisations d acteurs;;Phase de preuve de concept [DevelopmentPhase];InfrastructureEvent — Parite BTC/$ (1$, debut 2011);Article Slashdot saluant la parite d un BTC au dollar. Premier relais media tech mainstream de la valorisation Bitcoin.;33f6747a334543fcae909b2aaf0f04cd
G084;graphe;2011-02-01;jour;;acte;Première place d’échange illégale (Silk Road);poc;i;;;;;;;nd;non;;;;graphe v97 (chapitre nd);I.2.1 Un protocole deborde de carnavalesques improvisations d acteurs;Silk Road;Phase de péché [DevelopmentPhase];;Lancement de Silk Road en février 2011 par Ross Ulbricht (Dread Pirate Roberts), premier marché noir sur Tor exploitant Bitcoin pour l'anonymat des transactions.;a089031b82eb4c67b2cfc686016a3820
E026;catalogue+graphe;2011-04;mois;;acte;Article Forbes (Greenberg);poc;iv;bitcoin;medias_connaissance;;presse_medias;qualification_publique;;valorisation(+);non;;;mediatisation;ch.I l.271;"Chapitre I ; III.1 Crise Bitcoin CVE 2018-17144 : d'une crise à de nombreuses autres… | III.1.1 — Présentation périodisée : une mise en crise longue et silencieuse (CVE 2018) | I.1 Quand Bitcoin définit son monde… : l'aloi politique d'une CM pionnière";;Phase de preuve de concept [DevelopmentPhase];;cours pousse a 1.14 dollar;21e8e322b58f421aa3540bdeef5fde64
G085;graphe;2011-04-18;jour;;acte;Lancement de Namecoin (merge mining);poc;vii;;;;;;;nd;non;;;;graphe v97 (chapitre nd);I.2.1 Un protocole deborde de carnavalesques improvisations d acteurs;;Phase de preuve de concept [DevelopmentPhase];;Lancement de Namecoin en avril 2011, premier altcoin et premier système de nommage décentralisé basé sur le code Bitcoin, démontrant l'extensibilité du modèle.;7b73ed5f4e7149baaf8c534c809bc33f
G059;graphe;2011-05;mois;;acte;BitPay merchant payment processor;poc;iii;;;;;;;nd;non;;;;graphe v97 (chapitre nd);I.2.1 Un protocole deborde de carnavalesques improvisations d acteurs;BitPay;Phase de péché [DevelopmentPhase];;Processeur de paiements marchands Bitcoin fondé en 2011, permettant aux commerçants d'accepter BTC avec conversion automatique en dollars, facilitant l'adoption commerciale.;4e1cf0998d754fef8d8ace2d4daad389
G086;graphe;2011-06-03;jour;;acte;Service de portefeuille/paiement custodial BitPay;poc;iii;;;;;;;nd;non;;;;graphe v97 (chapitre nd);I.2.1 Un protocole deborde de carnavalesques improvisations d acteurs;BitPay;Phase de maturation [DevelopmentPhase];;Processeur de paiements marchands Bitcoin fondé en 2011, permettant aux commerçants d'accepter BTC avec conversion automatique en dollars, facilitant l'adoption commerciale.;d693882f7dc74d6cb9a875d029f155aa
E027;catalogue+graphe;2011-06-04;jour;;acte;PayPal retire de Bitcoinmarket.com (fraudes);poc;i*;bitcoin;institutions_financieres;;marches_plateformes;incident;;liquidite_convertibilite(-);non;;;marches;ch.I n.75 l.609;"Chapitre I ; III.1 Crise Bitcoin CVE 2018-17144 : d'une crise à de nombreuses autres… | III.1.2 — Une remise en ordre rapide (CVE 2018) | III.3.4 — « Fork You ?! » : scission surprise fondatrice et ses enseignements";;Phase de preuve de concept [DevelopmentPhase];;;a6db42830f81475a8050e8315e295426
G087;graphe;2011-06-13;jour;;acte;MtGox perd 25 000 BTC (vol);poc;i;;;;;;;nd;non;;;;graphe v97 (chapitre nd);I.2.1 Un protocole deborde de carnavalesques improvisations d acteurs;MtGox;Phase de preuve de concept [DevelopmentPhase];;Vol de 25 000 BTC sur MtGox en juin 2011 suite à un hack du compte administrateur, première grande crise de sécurité d'un exchange Bitcoin.;608cc2e4c58247a48f6fa317fb91cbf8
E028;catalogue+graphe;2011-06-14;jour;;acte;WikiLeaks annonce accepter les BTC;poc;i*;bitcoin;medias_connaissance;;presse_medias;adoption;;valorisation(+);non;;;acces-usage;ch.I l.271 + l.277;"Chapitre I, section I.2 ; I.2.1 Un protocole deborde de carnavalesques improvisations d acteurs";WikiLeaks;Phase de péché [DevelopmentPhase];;cours multiplie par 8 - canal financier auxiliaire (texte);78dda096c4364121988bd3fb9757c53e
E029;catalogue+graphe;2011-07;mois;;acte;Flash crash MtGox (32 vers 0.01 dollar);poc;i*;bitcoin;entrepreneurs_exchanges;;marches_plateformes;incident;;conf_methodique(-);non;;;marches;ch.I l.271;"Chapitre I ; I.2.1 Un protocole deborde de carnavalesques improvisations d acteurs";MtGox;Phase de preuve de concept [DevelopmentPhase];;problemes de securite - effet 2 valorisation(-);4f57a750014849e6b8676b66ef2aadd2
G088;graphe;2011-08-16;jour;;acte;Première bourse BTC/EUR (Paymium);poc;i;;;;;;;nd;non;;;;graphe v97 (chapitre nd);I.2.1 Un protocole deborde de carnavalesques improvisations d acteurs;Martti Malmi | Paymium;Phase de péché [DevelopmentPhase];;Lancement de Paymium, premier exchange BTC/EUR régulé en Europe, fondé par Pierre Noizat et Gonzague Grandval, précurseur de la régulation des exchanges.;ae1cb2659fd7470b8ec1aa621226b3e1
G068;graphe;2011-08-19;jour;;acte;Bitcoin Improvement Proposals standardization;poc;vi;;;;;;;nd;non;;;;graphe v97 (chapitre nd);III.1 Crise Bitcoin CVE 2018-17144 : d'une crise à de nombreuses autres… | III.1.1 — Présentation périodisée : une mise en crise longue et silencieuse (CVE 2018) | I.1 Quand Bitcoin définit son monde… : l'aloi politique d'une CM pionnière;Amir Taaki;Phase de preuve de concept [DevelopmentPhase];;Mise en place du processus BIP (Bitcoin Improvement Proposal) en 2011, standardisant la soumission et l'évaluation des changements au protocole Bitcoin.;a494e3afcd4e41b5bc9a178c8c96483c
G089;graphe;2011-08-19;jour;;acte;Standardisation des propositions protocolaires (BIP);poc;vi;;;;;;;nd;non;;;;graphe v97 (chapitre nd);III.1.2 — Une remise en ordre rapide (CVE 2018) | III.2.3 — Des acteurs au cœur de la gouvernance sur le protocole : gouvernance de huis clos | III.3.3 — Gouvernance ouverte et publique pour des forks controversés;;Phase de preuve de concept [DevelopmentPhase];;Mise en place du processus Bitcoin Improvement Proposal (BIP) en 2011 par Amir Taaki, standardisant la soumission et l'évaluation des changements protocolaires.;008274f26bfd46dcabf5589b2a1cd15f
E030;catalogue;2011-09;mois;;acte;Pieces Casascius (stockage a froid numismatique);poc;iii;bitcoin;entrepreneurs_exchanges;;entreprises_services;innovation_infrastructurelle;;nd;non;;;portefeuilles;ch.I n.74 l.607;;;;;;
E031;catalogue+graphe;2011-10;mois;;acte;Lancement de Litecoin (C. Lee);poc;vii;altcoin;core_devs;;depots_de_code;innovation_protocolaire;;nd;non;;;altcoins;ch.I l.359;I.2.1 Un protocole deborde de carnavalesques improvisations d acteurs;;I.4 Conclusion du Chapitre I [ThesisSection];;debut octobre 2011;94ce188ef0534c1e8601226fc60163dd
G017;graphe;2011-11-11;jour;;acte;CVE-2011-4447 — Wallet non-encryption;poc;;;;;;;;nd;oui;6;CVE-2011-4447;;graphe v97 (chapitre nd);III.1 Crise Bitcoin CVE 2018-17144 : d'une crise à de nombreuses autres…;;;;;3c57e750960e4e97bf6cb2ba79e9f2cd
E032;catalogue;2012;annee;;acte;Entree du capital-risque (2.1 M dollars investis);peche;i*;transversal;institutions_financieres;;marches_plateformes;financiarisation;;nd;non;;;financiarisation;ch.I n.90 l.639;;;;;annee a cheval poc/peche - phase indicative;
E033;catalogue+graphe;2012;annee;;acte;SatoshiDice lance (Voorhees);peche;i;bitcoin;entrepreneurs_exchanges;;entreprises_services;adoption;;usage_paiement(+);non;;;peche;ch.I l.279 + fig. n 6;"Chapitre I ; I.2.1 Un protocole deborde de carnavalesques improvisations d acteurs";;Phase de péché [DevelopmentPhase];;date texte non donnee;4af2142b31984dc280cf51546cf08e9c
E034;catalogue;2012;annee;;acte;Creation de Coinbase;peche;i*;bitcoin;entrepreneurs_exchanges;;marches_plateformes;financiarisation;;nd;non;;;marches;fig. n 6 + ch.I l.287;;;;;[CHANTIER: localisation texte de la creation];
E035;catalogue+graphe;2012;annee;;acte;Lancement de la Fondation Bitcoin;peche;viii*;bitcoin;communautes_forums;entrepreneurs_exchanges;entreprises_services;innovation_infrastructurelle;;nd;non;;;representation;ch.I l.281 + n.84 l.627;"Chapitre I ; III.1 Crise Bitcoin CVE 2018-17144 : d'une crise à de nombreuses autres… | III.1.1 — Présentation périodisée : une mise en crise longue et silencieuse (CVE 2018) | I.1 Quand Bitcoin définit son monde… : l'aloi politique d'une CM pionnière";Mark Karpelès | Gavin Andresen | Charlie Shrem | Adam Back;Phase de péché [DevelopmentPhase];;fin 2012 - CA Karpeles Andresen Shrem;f9f289de35d14463999022184a680479
G004;graphe;2012;annee;;acte;Bogue Bitcoin-Qt Windows 2012 (Crash nœuds);poc;;;;;;;;nd;oui;8;CVE-2012-1910;;graphe v97 (chapitre nd);III.1 Crise Bitcoin CVE 2018-17144 : d'une crise à de nombreuses autres… | III.1.1 — Présentation périodisée : une mise en crise longue et silencieuse (CVE 2018) | I.1 Quand Bitcoin définit son monde… : l'aloi politique d'une CM pionnière;;;;;2e5d597d1add45de83a060caea9a05c3
G101;graphe;2012;annee;;acte;Emergence services KYC/AML (2012-2013);poc;v;;;;;;;nd;non;;;;graphe v97 (Chapitre I);I.2.1 Un protocole deborde de carnavalesques improvisations d acteurs;;Phase de péché [DevelopmentPhase];;Emergence des premiers services de conformite KYC (Know Your Customer) et AML (Anti-Money Laundering) guidant les entreprises Bitcoin dans un cadre reglementaire encore flou, suite;e94f426ef4b24efdb0a936bc1f5ee5ad
G109;graphe;2012;annee;;acte;Capital-risque dans l ecosysteme Bitcoin (2012-2015);poc;i;;;;;;;nd;non;;;;graphe v97 (Chapitre I);III.1 Crise Bitcoin CVE 2018-17144 : d'une crise à de nombreuses autres… | III.1.1 — Présentation périodisée : une mise en crise longue et silencieuse (CVE 2018) | I.1 Quand Bitcoin définit son monde… : l'aloi politique d'une CM pionnière;;Phase de maturation / Phase 3 Bitcoin [Concept];;2012: 2.1M$ (premiers VC). 2013: 93M$ dans 38 entreprises. 2014: 369M$ dans 69. 2015: 448M$ dans 96 (record), dont Coinbase 75M$. Supplante le financement interne (Rauchs 2016, p. ;7387a5055a284717a5e8221d0bbd216d
G115;graphe;2012;annee;;acte;Introduction des frais relais minimums (protocole);poc;vi;;;;;;;nd;non;;;;graphe v97 (Chapitre I);I.2.1 Un protocole deborde de carnavalesques improvisations d acteurs;;Phase de péché [DevelopmentPhase];;Ajout protocolaire d'un seuil minimum de frais relais pour prévenir les flood attacks (envoi massif de transactions infinitésimales). Paramètres modifiés plusieurs fois (versions 0;644be87209214927af0a4ffb959df6d8
G128;graphe;2012;annee;;acte;OpenCoin / Ripple Labs : fondation de Ripple (2012);poc;;;;;;;;nd;non;;;;graphe v97 (Chapitre I);I.2.1 Un protocole deborde de carnavalesques improvisations d acteurs;;Phase de péché [DevelopmentPhase];;Société fondée par Jed McCaleb, Chris Larsen, Arthur Britto, Jesse Powell et David Schwartz. Premine total de 100 Mds XRP, 45 Mds en circulation (BitMEX Research 2018).;9041eaed3b7f4e1d9d276f5ca1b42d0e
E036;catalogue;2012-01;mois;;acte;The Second Bitcoin Whitepaper (Willett);poc;vii;altcoin;core_devs;;listes_forums;innovation_protocolaire;;nd;non;;;ico;ch.I l.373;;;;;conception du metaprotocole Mastercoin;
G018;graphe;2012-03-07;jour;;acte;CVE-2012-1909 — Transaction overwriting;poc;;;;;;;;nd;oui;7;CVE-2012-1909;;graphe v97 (chapitre nd);III.1 Crise Bitcoin CVE 2018-17144 : d'une crise à de nombreuses autres…;;;;;a9f76f92c83143479499d10b87c6fe77
G099;graphe;2012-04;mois;;acte;BIP 16 : Pay-to-Script-Hash (avril 2012);peche;vi;;;;;;;nd;non;;;;graphe v97 (Chapitre I);III.1.2 — Une remise en ordre rapide (CVE 2018) | III.2.3 — Des acteurs au cœur de la gouvernance sur le protocole : gouvernance de huis clos | III.3.3 — Gouvernance ouverte et publique pour des forks controversés;;Phase de péché [DevelopmentPhase] | I.4 Conclusion du Chapitre I [ThesisSection];;BIP 16 introduit le standard P2SH qui inverse la charge de la preuve d'acces au UTXO de l'expediteur vers le receveur, permettant les transactions multi-signatures. Implementee en ;1eb70d76b39b4a86a102b5d42063c3ed
G019;graphe;2012-05-12;jour;;acte;CVE-2012-3789 — (Lack of) orphan txn resource limits;peche;;;;;;;;nd;oui;10;CVE-2012-3789;;graphe v97 (chapitre nd);III.1 Crise Bitcoin CVE 2018-17144 : d'une crise à de nombreuses autres…;;;;;522baf7957ec403bb149dd90adb1ba6e
G020;graphe;2012-05-14;jour;;acte;CVE-2012-2459 — Block hash collision (via merkle root);peche;;;;;;;;nd;oui;11;CVE-2012-2459;;graphe v97 (chapitre nd);III.1 Crise Bitcoin CVE 2018-17144 : d'une crise à de nombreuses autres…;;;;;69b8894ae6764333a270770b1fd661f3
G143;graphe;2012-08-19;jour;;acte;Lancement Peercoin (PoS) par Sunny King / Scott Nadal (2012);peche;;;;;;;;nd;non;;;;graphe v97 (chapitre nd);I.2.1 Un protocole deborde de carnavalesques improvisations d acteurs;;I.4 Conclusion du Chapitre I [ThesisSection];;Lancement de Peercoin (PPC) le 19 août 2012 par Sunny King et Scott Nadal, première cryptomonnaie à utiliser le Proof-of-Stake comme mécanisme de consensus alternatif au Proof-of-W;af85b2621cb14132a88ffcb4e8185ac9
G021;graphe;2012-08-23;jour;;acte;CVE-2012-4683 — Targeted DoS by CPU exhaustion using alerts;peche;;;;;;;;nd;oui;12;CVE-2012-4683;;graphe v97 (chapitre nd);III.1 Crise Bitcoin CVE 2018-17144 : d'une crise à de nombreuses autres…;;;;;07328e2856b1462d882bd1a6a7dfdafa
G022;graphe;2012-08-24;jour;;acte;CVE-2012-4684 — Network-wide DoS using malleable signatures in alerts;peche;;;;;;;;nd;oui;13;CVE-2012-4684;;graphe v97 (chapitre nd);III.1 Crise Bitcoin CVE 2018-17144 : d'une crise à de nombreuses autres…;;;;;f5fd3b0f03fa4e11af9b54455a81cdd7
G023;graphe;2012-09-16;jour;;acte;CVE-2012-4682 — DOS (manque d'informations);peche;;;;;;;;nd;oui;14;CVE-2012-4682;;graphe v97 (chapitre nd);III.1 Crise Bitcoin CVE 2018-17144 : d'une crise à de nombreuses autres…;;;;;65b41c49b2244a85ab136ed849d95b6b
G070;graphe;2012-09-27;jour;;acte;Bitcoin Foundation creation;peche;;;;;;;;nd;non;;;;graphe v97 (chapitre nd);III.1 Crise Bitcoin CVE 2018-17144 : d'une crise à de nombreuses autres… | III.1.1 — Présentation périodisée : une mise en crise longue et silencieuse (CVE 2018) | I.1 Quand Bitcoin définit son monde… : l'aloi politique d'une CM pionnière;;Phase de péché [DevelopmentPhase];;Création de la Bitcoin Foundation en septembre 2012, organisation à but non lucratif chargée de promouvoir et de standardiser Bitcoin, rapidement affaiblie par des scandales.;6c9b59cca3a544afac57f19fac6e0393
G142;graphe;2012-09-27;jour;;acte;Colored Coins (protocole méta-token sur Bitcoin, 2012);peche;;;;;;;;nd;non;;;;graphe v97 (chapitre nd);III.1 Crise Bitcoin CVE 2018-17144 : d'une crise à de nombreuses autres… | III.1.1 — Présentation périodisée : une mise en crise longue et silencieuse (CVE 2018) | I.1 Quand Bitcoin définit son monde… : l'aloi politique d'une CM pionnière;;I.4 Conclusion du Chapitre I [ThesisSection];;Proposition des Colored Coins par Yoni Assia et Meni Rosenfeld (2012) : représentation d'actifs réels sur la blockchain Bitcoin en associant une signification à des satoshis spécif;2a82b098ae8c4ec2ba420111cfe9493d
G145;graphe;2012-10-01;jour;;acte;Rapport BCE sur les monnaies virtuelles (octobre 2012);peche;;;;;;;;nd;non;;;;graphe v97 (chapitre nd);I.2.1 Un protocole deborde de carnavalesques improvisations d acteurs;;I.4 Conclusion du Chapitre I [ThesisSection];;Publication par la Banque Centrale Européenne de son premier rapport sur les monnaies virtuelles (Virtual Currency Schemes, octobre 2012), première analyse institutionnelle europée;75f5c97d0a2648aea297475fa514300a
E037;catalogue;2012-10-29;jour;;acte;Rapport BCE Virtual Currency Schemes;peche;v*;transversal;regulateurs_etats;;instances_publiques;qualification_publique;;nd;non;;;conformite;ch.I l.281 + fig. n 6 (date);;;;;pousse a l'emergence de services de conformite (texte);
G061;graphe;2012-11;mois;;acte;First Bitcoin halving;peche;v;;;;;;;nd;non;;;;graphe v97 (chapitre nd);III.1 Crise Bitcoin CVE 2018-17144 : d'une crise à de nombreuses autres… | III.1.1 — Présentation périodisée : une mise en crise longue et silencieuse (CVE 2018) | I.1 Quand Bitcoin définit son monde… : l'aloi politique d'une CM pionnière;;Phase de péché [DevelopmentPhase];;Premier halving Bitcoin le 28 novembre 2012, réduisant la récompense minière de 50 à 25 BTC, confirmant le calendrier d'émission prévu par le protocole.;3f908f24165e4c248f55a7f93baab9d6
G144;graphe;2012-11-15;jour;;acte;WordPress accepte les paiements en Bitcoin (2012);peche;;;;;;;;nd;non;;;;graphe v97 (chapitre nd);III.1 Crise Bitcoin CVE 2018-17144 : d'une crise à de nombreuses autres… | III.1.1 — Présentation périodisée : une mise en crise longue et silencieuse (CVE 2018) | I.1 Quand Bitcoin définit son monde… : l'aloi politique d'une CM pionnière;WordPress;I.4 Conclusion du Chapitre I [ThesisSection];;WordPress.com annonce l'acceptation des paiements en Bitcoin en novembre 2012 via BitPay, première grande plateforme web à adopter le BTC comme moyen de paiement pour les abonnemen;04de601cb8024a0a9e9f81974f1c8116
G069;graphe;2012-11-28;jour;;acte;First Bitcoin halving;peche;v;;;;;;;nd;non;;;;graphe v97 (chapitre nd);III.1 Crise Bitcoin CVE 2018-17144 : d'une crise à de nombreuses autres… | III.1.2 — Une remise en ordre rapide (CVE 2018) | III.3.4 — « Fork You ?! » : scission surprise fondatrice et ses enseignements;;Phase de péché [DevelopmentPhase];;Premier halving Bitcoin le 28 novembre 2012, réduisant la récompense minière de 50 à 25 BTC, confirmant le calendrier d'émission prévu par le protocole.;45cd642a1b8b411092e611c51acdb791
E038;catalogue;2013;annee;;seuil;Pic des activites pecheresses (env. 51 pct on chain);peche;i*;bitcoin;nd;;on_chain;nd;;nd;non;;;peche;ch.I l.279;;;;;pic sur la phase de peche (Tasca et Liu);
E039;catalogue;2013;annee;;acte;Scission de chaine v0.8 (crise n 19);peche;vi;bitcoin;core_devs;mineurs;on_chain;incident;;nd;oui (n 19);;;crises-protocolaires;ch.I n.104 l.667;;;;;etiquetee CVE 2013 3220 par le texte - mars 2013 (fig.) - recensement seul;
E040;catalogue;2013;annee;;acte;Publication du WP d'Ethereum (Buterin);maturation;vii;ethereum;core_devs;;listes_forums;innovation_protocolaire;;nd;non;;;ethereum;ch.I l.399;;;;;WP de 2013 - phase indicative (fin 2013);
E041;catalogue+graphe;2013;annee;;acte;Saisie de Silk Road (FBI) - arrestation d'Ulbricht;peche;v;bitcoin;regulateurs_etats;;instances_publiques;regulation;;valorisation(-);non;;;conformite;ch.I l.281;"Chapitre I ; I.2.1 Un protocole deborde de carnavalesques improvisations d acteurs";Ross Ulbricht | Adrian Chen | Silk Road;Phase de maturation / Phase 3 Bitcoin [Concept] | Phase de péché [DevelopmentPhase];;fin 2013 - chute brutale du cours (texte) - declin des flux illegaux;1a666b0913364cc39236ea82f4d73ef5
E042;catalogue;2013;annee;;acte;Nasdaq publie des cotations agregees;maturation;i*;bitcoin;institutions_financieres;;marches_plateformes;financiarisation;;nd;non;;;financiarisation;ch.I l.289;;;;;fin 2013 - phase indicative;
E043;catalogue;2013;annee;;seuil;Transactions illegales sous 1 pct (fin 2013-2018);maturation;i*;bitcoin;nd;;on_chain;nd;;nd;non;;;peche;ch.I l.287;;;;;Chainalysis;
G006;graphe;2013;annee;;acte;CVE-2013-3220 (Netsplit BIP-0050);peche;;;;;;;;nd;oui;19;CVE-2013-3220;;graphe v97 (chapitre nd);III.1.2 — Une remise en ordre rapide (CVE 2018) | III.2.3 — Des acteurs au cœur de la gouvernance sur le protocole : gouvernance de huis clos | III.3.3 — Gouvernance ouverte et publique pour des forks controversés;;;;;72ed5cce1e98494385ca4eb091d6707c
G011;graphe;2013;annee;;acte;Fermeture Silk Road par le FBI (octobre 2013);peche;v;;;;;;;nd;oui;;;;graphe v97 (Chapitre I / Conclusion Chapitre III);III.1 Crise Bitcoin CVE 2018-17144 : d'une crise à de nombreuses autres…;Ross Ulbricht;;;;272f2d17b89d4912aca1c4f7b77b7332
G060;graphe;2013;annee;;acte;ASIC mining introduction;peche;;;;;;;;nd;non;;;;graphe v97 (chapitre nd);I.2.1 Un protocole deborde de carnavalesques improvisations d acteurs;;Phase de péché [DevelopmentPhase];;Introduction des circuits intégrés spécialisés (ASIC) pour le minage Bitcoin en 2013, remplaçant les GPU et concentrant la production de blocs entre quelques fabricants.;1dc7f42c96c142b2a30e7c36f5c6b290
G103;graphe;2013;annee;;acte;Trezor (premier hardware wallet, SatoshiLabs, 2013);peche;iii;;;;;;;nd;non;;;;graphe v97 (Chapitre I);I.2.1 Un protocole deborde de carnavalesques improvisations d acteurs;Trezor;Phase de maturation / Phase 3 Bitcoin [Concept];;Premier portefeuille physique Bitcoin (hardware wallet) lance par SatoshiLabs. Cles cryptographiques stockees hors ligne. Suivi par Ledger (2014).;f0da0d7be8df47b98cdb86fd6ee83033
G104;graphe;2013;annee;;acte;Nasdaq publie donnees de prix Bitcoin (fin 2013);peche;i;;;;;;;nd;non;;;;graphe v97 (Chapitre I);III.1 Crise Bitcoin CVE 2018-17144 : d'une crise à de nombreuses autres… | III.1.2 — Une remise en ordre rapide (CVE 2018) | III.3.4 — « Fork You ?! » : scission surprise fondatrice et ses enseignements;;Phase de maturation / Phase 3 Bitcoin [Concept];;Le Nasdaq publie des donnees de prix agreges sur Bitcoin fin 2013 : premiere integration indirecte dans la finance institutionnelle.;62d87c74d3504d84bfee3d8d5fb44f4d
G124;graphe;2013;annee;;acte;CoinMarketCap : plateforme données cryptomarché (2013);peche;vi;;;;;;;nd;non;;;;graphe v97 (Chapitre I);I.2.1 Un protocole deborde de carnavalesques improvisations d acteurs;;Phase de péché [DevelopmentPhase];;Première plateforme de référence pour les données de capitalisation des CM. Source pour ElBahrawy et al. 2017 (1469 cryptoactifs 2013-2017).;de8f9cb71cfd4d75bd5129622d3eace7
G126;graphe;2013;annee;;acte;BTCC : plateforme d'échange Bitcoin chinoise (Bobby Lee);peche;;;;;;;;nd;non;;;;graphe v97 (Chapitre I);III.1 Crise Bitcoin CVE 2018-17144 : d'une crise à de nombreuses autres… | III.1.1 — Présentation périodisée : une mise en crise longue et silencieuse (CVE 2018) | I.1 Quand Bitcoin définit son monde… : l'aloi politique d'une CM pionnière;;Phase de péché [DevelopmentPhase];;Plateforme d'échange Bitcoin fondée par Bobby Lee (frère de Charlie Lee). L'une des premières plateformes majeures asiatiques (Sedgwick 2018d).;75ac54bedbfb4fe5a5f32aa8f0e74677
G162;graphe;2013;annee;;acte;BIP-39 : phrases mnémoniques (wallets HD);peche;iii;;;;;;;nd;non;;;;graphe v97 (chapitre nd);III.1.2 — Une remise en ordre rapide (CVE 2018) | III.2.3 — Des acteurs au cœur de la gouvernance sur le protocole : gouvernance de huis clos | III.3.3 — Gouvernance ouverte et publique pour des forks controversés;;Phase de péché [DevelopmentPhase];;;22355ecc9bf04737be7e071a871509f3
G163;graphe;2013;annee;;acte;Vente de SatoshiDice par Voorhees (2013, 12,4M$);peche;i;;;;;;;nd;non;;;;graphe v97 (chapitre nd);I.2.1 Un protocole deborde de carnavalesques improvisations d acteurs;SatoshiDice;Phase de péché [DevelopmentPhase];;;96d4a9ccc4d542dc938d1aa9d6399339
G024;graphe;2013-01-09;jour;;acte;CVE-2013-2293 — Continuous hard disk seek;peche;;;;;;;;nd;oui;15;CVE-2013-2293;;graphe v97 (chapitre nd);III.1 Crise Bitcoin CVE 2018-17144 : d'une crise à de nombreuses autres…;;;;;ce0f6a5e811447c8ba4674075a6cf057
G025;graphe;2013-01-11;jour;;acte;CVE-2013-2272 — Remote discovery of node's wallet addresses;peche;;;;;;;;nd;oui;16;CVE-2013-2272;;graphe v97 (chapitre nd);III.1 Crise Bitcoin CVE 2018-17144 : d'une crise à de nombreuses autres…;;;;;ee9911c3aa4c435582ccca09979c5000
G026;graphe;2013-01-30;jour;;acte;CVE-2013-2292 — A transaction that takes at least 3 minutes to verify;peche;;;;;;;;nd;oui;17;CVE-2013-2292;;graphe v97 (chapitre nd);III.1 Crise Bitcoin CVE 2018-17144 : d'une crise à de nombreuses autres…;;;;;896936e6d50b46f89947a60e01aa584a
G027;graphe;2013-01-30;jour;;acte;CVE-2013-2273 — Predictable change output;peche;;;;;;;;nd;oui;18;CVE-2013-2273;;graphe v97 (chapitre nd);III.1 Crise Bitcoin CVE 2018-17144 : d'une crise à de nombreuses autres…;;;;;580caacd80b14170b0d6dc071106071b
G029;graphe;2013-02-08;jour;;acte;CVE-2013-4627 — Memory exhaustion with excess tx message data;peche;;;;;;;;nd;oui;21;CVE-2013-4627;;graphe v97 (chapitre nd);III.1 Crise Bitcoin CVE 2018-17144 : d'une crise à de nombreuses autres…;;;;;eb0766a0711945a08d6e4c526615bfd7
G057;graphe;2013-03;mois;;acte;Cyprus banking crisis Bitcoin spike;peche;i;;;;;;;nd;non;;;;graphe v97 (chapitre nd);III.1 Crise Bitcoin CVE 2018-17144 : d'une crise à de nombreuses autres… | III.1.1 — Présentation périodisée : une mise en crise longue et silencieuse (CVE 2018) | I.1 Quand Bitcoin définit son monde… : l'aloi politique d'une CM pionnière;;Phase de péché [DevelopmentPhase];InfrastructureEvent — Cyprus banking crisis (price episode);La crise bancaire chypriote de mars 2013 (confiscation partielle des dépôts) provoque un afflux d'intérêt pour Bitcoin comme valeur refuge hors système bancaire.;a2202dfdedd543b1a937ca4759b26b4d
G028;graphe;2013-03-11;jour;;acte;CVE-2013-3219 — Unenforced block protocol rule;peche;;;;;;;;nd;oui;20;CVE-2013-3219;;graphe v97 (chapitre nd);III.1 Crise Bitcoin CVE 2018-17144 : d'une crise à de nombreuses autres…;;;;;0d3e806ee1f94421b7ff458eedc65ffa
G090;graphe;2013-03-15;jour;;acte;Split de chaîne (bug de consensus, 15/03/2013);peche;vi;;;;;;;nd;non;;;;graphe v97 (Chapitre I / Chapitre III);I.2.1 Un protocole deborde de carnavalesques improvisations d acteurs;;Phase de preuve de concept [DevelopmentPhase];;Bug de consensus provoquant un split de chaîne (fork non intentionnel) entre les clients Bitcoin 0.7 et 0.8. Résolution d'urgence coordonnée par les Core Devs. Mentionné dans la th;5eeed0a89f93410184336105b8e4ec33
G042;graphe;2013-03-24;jour;;acte;BIP-0034 — Mandatory block protocol update (Height in coinbase);peche;;;;;;;;nd;oui;0034;;;graphe v97 (chapitre nd);III.1.2 — Une remise en ordre rapide (CVE 2018) | III.2.3 — Des acteurs au cœur de la gouvernance sur le protocole : gouvernance de huis clos | III.3.3 — Gouvernance ouverte et publique pour des forks controversés;;;;;eeece02d7bd2411f94b4cffa2d816367
E044;catalogue;2013-04;mois;;acte;BIP16 (P2SH) implementee - multi-signatures;peche;vi;bitcoin;core_devs;;depots_de_code;innovation_protocolaire;;conf_methodique(+);non;;;portefeuilles;ch.I l.277 + n.80 l.619;;;;;en rouge (texte) - BIP39 associee - integree par BitGo des aout;
E045;catalogue;2013-04;mois;;seuil;Crise chypriote - BTC valeur refuge a 230 dollars;peche;i*;bitcoin;nd;;marches_plateformes;nd;;valorisation(+);non;;;marches;ch.I l.281;;;;;capitalisation vers 1 Md dollars;
E046;catalogue+graphe;2013-05;mois;;acte;Attaque DDOS sur MtGox - chute a 76 dollars;peche;i*;bitcoin;entrepreneurs_exchanges;;marches_plateformes;incident;;valorisation(-);non;;;marches;ch.I l.281;"Chapitre I ; III.1 Crise Bitcoin CVE 2018-17144 : d'une crise à de nombreuses autres…";;;;effet 2 conf_methodique(-);4e1a794249594b368e13e558174dea38
E047;catalogue;2013-07;mois;;acte;Comite interprofessionnel DATA cree;peche;v*;bitcoin;entrepreneurs_exchanges;;entreprises_services;innovation_infrastructurelle;;nd;non;;;representation;ch.I l.281;;;;;;
G100;graphe;2013-07;mois;;acte;Digital Asset Transfer Authority (juillet 2013);peche;v;;;;;;;nd;non;;;;graphe v97 (Chapitre I);I.2.1 Un protocole deborde de carnavalesques improvisations d acteurs;;Phase de péché [DevelopmentPhase] | I.4 Conclusion du Chapitre I [ThesisSection];;Comite interprofessionnel cree en juillet 2013 pour representer les interets de l'ecosysteme Bitcoin face au cadre reglementaire emergent. Illustre l'institutionnalisation croissan;61c00091249c44d88bc06e678331e6dc
G030;graphe;2013-07-20;jour;;acte;CVE-2013-4165 — Timing leak in RPC authentication;peche;;;;;;;;nd;oui;22;CVE-2013-4165;;graphe v97 (chapitre nd);III.1 Crise Bitcoin CVE 2018-17144 : d'une crise à de nombreuses autres…;;;;;78dcb8a0af094eb0a1cea842f7f97212
E048;catalogue+graphe;2013-07-31;jour;;acte;Lancement du reseau Mastercoin - premiere ICO (5120 BTC);peche;vii;altcoin;core_devs;entrepreneurs_exchanges;marches_plateformes;financiarisation;innovation_protocolaire;nd;non;;;ico;ch.I l.373;"Chapitre I ; I.2.1 Un protocole deborde de carnavalesques improvisations d acteurs";Mastercoin;Phase de péché [DevelopmentPhase];;premine critiquee (Buterin 2013a);cb4acdc336754f22840ba9a4192a941e
G031;graphe;2013-09-04;jour;;acte;CVE-2013-5700 — Remote p2p crash via bloom filters;peche;;;;;;;;nd;oui;23;CVE-2013-5700;;graphe v97 (chapitre nd);III.1 Crise Bitcoin CVE 2018-17144 : d'une crise à de nombreuses autres…;;;;;00586d082e964abab5d9f45c73948400
G054;graphe;2013-10-02;jour;;acte;Démantèlement de Silk Road;peche;i;;;;;;;nd;non;;;;graphe v97 (Chapitre I, section I.2);I.2.1 Un protocole deborde de carnavalesques improvisations d acteurs;Silk Road;;;Fermeture de Silk Road par le FBI le 2 octobre 2013, premier démantèlement d'une infrastructure criminelle Bitcoin par les forces de l'ordre.;39fdc0aac1f74b8daad7a5227b99c8a5
E049;catalogue+graphe;2013-11-19;jour;;acte;Audition au Senat americain (Bitcoin Foundation);maturation;v*;bitcoin;regulateurs_etats;communautes_forums;instances_publiques;qualification_publique;;conf_hierarchique(+);non;;;conformite;ch.I l.293;"Chapitre I ; III.1 Crise Bitcoin CVE 2018-17144 : d'une crise à de nombreuses autres… | III.1.2 — Une remise en ordre rapide (CVE 2018) | III.3.4 — « Fork You ?! » : scission surprise fondatrice et ses enseignements";Bitcoin Foundation;Phase de maturation / Phase 3 Bitcoin [Concept];;affermissement de sa reconnaissance (texte) - effet 2 valorisation(+);1a363b7013534bfd9bd949c6d69c4a19
E050;catalogue;2013-12;mois;;seuil;Cours proche de 1000 dollars;maturation;i*;bitcoin;nd;;marches_plateformes;nd;;valorisation(+);non;;;marches;ch.I l.293;;;;;;
G140;graphe;2013-12;mois;;acte;HODL : naissance d'un mème et d'une pratique communautaire (décembre 2013);maturation;;;;;;;;nd;non;;;;graphe v97 (Chapitre II);I.2.1 Un protocole deborde de carnavalesques improvisations d acteurs;;Phase de péché [DevelopmentPhase];;Naissance du terme 'HODL' sur le forum Bitcointalk (décembre 2013) : faute de frappe de l'utilisateur GameKyuubi ('I AM HODLING' au lieu de 'I AM HOLDING'). Devient signe de rallie;1ec1befcb68c4886917b9b37f1ac4fed
G147;graphe;2013-12-05;jour;;acte;Chine interdit les institutions d'utiliser Bitcoin (décembre 2013);maturation;;;;;;;;nd;non;;;;graphe v97 (chapitre nd);III.1 Crise Bitcoin CVE 2018-17144 : d'une crise à de nombreuses autres… | III.1.1 — Présentation périodisée : une mise en crise longue et silencieuse (CVE 2018) | I.1 Quand Bitcoin définit son monde… : l'aloi politique d'une CM pionnière;;I.4 Conclusion du Chapitre I [ThesisSection];;La Banque Populaire de Chine interdit aux institutions financières chinoises d'utiliser Bitcoin le 5 décembre 2013, provoquant une chute de 30% du cours. Première grande interventi;3198fc1ff3d748b78f220b5699264a44
E051;catalogue;2014;annee;;acte;Fixation effective du cap des 21 M (2e crise faux monnayage);maturation;vi;bitcoin;core_devs;;depots_de_code;incident;innovation_protocolaire;nd;oui;;;crises-protocolaires;ch.III l.223 + l.219;;;;;[CHANTIER: n (24 ?) a confirmer] - recensement seul;
E052;catalogue+graphe;2014;annee;;acte;Tether (USDT) - premier stablecoin dollar via Omni;maturation;vii;altcoin;entrepreneurs_exchanges;;marches_plateformes;financiarisation;;nd;non;;;stablecoins;ch.I l.373 + l.289 + n.87 l.633;"Chapitre I ; I.2.1 Un protocole deborde de carnavalesques improvisations d acteurs";Mastercoin;Phase de maturation / Phase 3 Bitcoin [Concept];;[CHANTIER: date non donnee dans le texte] - dollarisation de Bitcoin (Koning 2015);364977fb9ed943a2bac1688d22ffe1c5
E053;catalogue;2014;annee;;acte;Ledger apres Trezor - portefeuilles physiques;maturation;iii;bitcoin;entrepreneurs_exchanges;;entreprises_services;innovation_infrastructurelle;;conf_methodique(+);non;;;portefeuilles;ch.I l.289;;;;;des 2014 - Entretien n 8 cite par le texte;
G098;graphe;2014;annee;;acte;Dark Wallet (2014);maturation;iii;;;;;;;nd;non;;;;graphe v97 (Chapitre I);I.2.1 Un protocole deborde de carnavalesques improvisations d acteurs;;Phase de péché [DevelopmentPhase];;Portefeuille sans conservation (non-custodial), open source, integre aux navigateurs, avec options de mixage. Developpe par Cody Wilson, Amir Taaki et Vitalik Buterin a destination;28ed228eed8c48fab1e63d381096e357
G102;graphe;2014;annee;;acte;ShapeShift (exchange non-custodial, Voorhees, 2014);maturation;i;;;;;;;nd;non;;;;graphe v97 (Chapitre I);I.2.1 Un protocole deborde de carnavalesques improvisations d acteurs;ShapeShift;Phase de maturation / Phase 3 Bitcoin [Concept];;Premiere plateforme d'echange crypto sans conservation, fondee par Eric Voorhees. Pionnier des echanges decentralises (DEX).;6c666e14270942a08b5d8908b5cd908d
G108;graphe;2014;annee;;acte;Levee de fonds Ethereum en BTC (2014);maturation;vii;;;;;;;nd;non;;;;graphe v97 (Chapitre I);III.1.2 — Une remise en ordre rapide (CVE 2018) | III.2.1 — De la diversité des crises aux crises protocolaires des CM | III.3.1 — Une mise en crise brutale, publique et tapageuse (The DAO);;Phase de maturation / Phase 3 Bitcoin [Concept];;Ethereum finance son lancement via une ICO en BTC (2014). Les BTC sont le vehicule d'investissement de la premiere grande ICO alternative. Role d'etalon pivot des BTC.;5f06214e17074a14874220ed7195ded9
G116;graphe;2014;annee;;acte;Op_Return War (conflit sur les usages non-monétaires de Bitcoin);maturation;vi;;;;;;;nd;non;;;;graphe v97 (Chapitre I);III.1 Crise Bitcoin CVE 2018-17144 : d'une crise à de nombreuses autres… | III.1.1 — Présentation périodisée : une mise en crise longue et silencieuse (CVE 2018) | I.1 Quand Bitcoin définit son monde… : l'aloi politique d'une CM pionnière;;Phase de maturation / Phase 3 Bitcoin [Concept];;Conflit entre bitcoiners sur l'opcode OP_RETURN permettant d'inscrire des données arbitraires dans la blockchain Bitcoin. Débat sur les usages légitimes du protocole, cristallisati;e7825fb2b95343959119bcc866c0390f
G125;graphe;2014;annee;;acte;CoinGecko : plateforme données cryptomarché;maturation;vi;;;;;;;nd;non;;;;graphe v97 (Chapitre I);I.2.1 Un protocole deborde de carnavalesques improvisations d acteurs;;Phase de maturation / Phase 3 Bitcoin [Concept];;Plateforme données cryptomarché. Données thèse (01/09/2020) : ~6868 CM, ~383 bourses, ~400 Mds$. Bitcoin ~55%, Ethereum ~12,91%.;08a230a6d478497b8a2d0b155bc89db1
G132;graphe;2014;annee;;acte;Doge4Water et campagnes caritatives Dogecoin (2014);maturation;;;;;;;;nd;non;;;;graphe v97 (Chapitre I);I.2.1 Un protocole deborde de carnavalesques improvisations d acteurs;;Phase de péché [DevelopmentPhase];;Campagnes caritatives de la communauté Dogecoin : Kenyan Water Charity, JO Sochi (bobsleigh jamaïcain, ~50 000$), sponsoring NASCAR Josh Wise. Illustre la dimension sociale et comm;fa805d2b30894bf0a39d621406b22cbe
G166;graphe;2014;annee;;acte;Ledger (premier hardware wallet français, 2014);maturation;iii;;;;;;;nd;non;;;;graphe v97 (chapitre nd);I.2.1 Un protocole deborde de carnavalesques improvisations d acteurs;Ledger;Phase de maturation / Phase 3 Bitcoin [Concept];;;c4f2c47e95f2452daed330139fd8691f
G112;graphe;2014-01;mois;;acte;Incident Ghash.io : dépassement 51% (janvier 2014);maturation;;;;;;;;nd;non;;;;graphe v97 (Chapitre I);I.2.1 Un protocole deborde de carnavalesques improvisations d acteurs;Nermin Hajdarbegovic;;;En janvier 2014, le pool de minage Ghash.io dépasse brièvement 51% de la puissance de hachage totale du réseau Bitcoin. Premier test grandeur nature du risque de 51%. Résolu par re;09746caaab9347219a82b622960f3b49
G130;graphe;2014-01;mois;;acte;Lancement de Counterparty / XCP (janvier 2014);maturation;;;;;;;;nd;non;;;;graphe v97 (Chapitre I);I.2.1 Un protocole deborde de carnavalesques improvisations d acteurs;;Phase de péché [DevelopmentPhase];;Lancement de Counterparty (Krellenstein, Slama, Dermody). Émission par proof of burn : 2 131 BTC brûlés, ~2,6 M XCP. Introduit smart contracts sur Bitcoin, premier DEX, DApps (Brok;56a70d9580224ae6b51334139b921ee0
G146;graphe;2014-01-18;jour;;acte;Lancement Darkcoin / Dash (2014);maturation;;;;;;;;nd;non;;;;graphe v97 (chapitre nd);I.2.1 Un protocole deborde de carnavalesques improvisations d acteurs;;I.4 Conclusion du Chapitre I [ThesisSection];;Lancement de Darkcoin (renommé Dash en 2015) par Evan Duffield le 18 janvier 2014, altcoin axé sur la confidentialité via le protocole PrivateSend (CoinJoin automatisé) et InstantS;f5161f664dbd43929b59d560548ddd87
E054;catalogue;2014-01-26;jour;;acte;Annonce publique d'Ethereum (Miami);maturation;vii;ethereum;core_devs;;evenements_conferences;innovation_protocolaire;;nd;non;;;ethereum;ch.I l.399;;;;;North American Bitcoin Conference;
E055;catalogue+graphe;2014-02;mois;;acte;Faillite de MtGox;maturation;viii*;bitcoin;entrepreneurs_exchanges;;marches_plateformes;incident;;nd;non;;;marches;fig. n 6 + ch.I l.313;"Chapitre I / Chapitre III ; III.1 Crise Bitcoin CVE 2018-17144 : d'une crise à de nombreuses autres…";;Phase de maturation / Phase 3 Bitcoin [Concept];;[CHANTIER: localisation texte hors fichiers autorises] - faillites et hacks en violet (l.313);63ef4f3d8f584d9b90e351ab7c7c4b39
G129;graphe;2014-03;mois;;acte;Bitcoin Core 0.9.0 : OP_RETURN limité à 40 octets (mars 2014);maturation;;;;;;;;nd;non;;;;graphe v97 (Chapitre I);III.1 Crise Bitcoin CVE 2018-17144 : d'une crise à de nombreuses autres… | III.1.1 — Présentation périodisée : une mise en crise longue et silencieuse (CVE 2018) | I.1 Quand Bitcoin définit son monde… : l'aloi politique d'une CM pionnière;;Phase de péché [DevelopmentPhase];;Version Bitcoin Core (mars 2014) rendant OP_RETURN standard mais limité à 40 octets. Lutte contre le stockage de données dans l'UTXO. Rend difficile le fonctionnement de Counterpar;a1135fa80cde427d9d7ca42e4b494a04
G007;graphe;2014-04-01;jour;;acte;BIP-0042 — Bitcoin Fixed Monetary Supply (Inflation Bug);maturation;;;;;;;;nd;oui;24;;;graphe v97 (chapitre nd);III.1 Crise Bitcoin CVE 2018-17144 : d'une crise à de nombreuses autres… | III.1.1 — Présentation périodisée : une mise en crise longue et silencieuse (CVE 2018) | I.1 Quand Bitcoin définit son monde… : l'aloi politique d'une CM pionnière;;;;;3952cb540d924df7a70f267da5d5009b
G149;graphe;2014-05-13;jour;;acte;BitGo lève 12 millions $ (portefeuille multi-sig, 2014);maturation;;;;;;;;nd;non;;;;graphe v97 (chapitre nd);I.2.1 Un protocole deborde de carnavalesques improvisations d acteurs;;I.4 Conclusion du Chapitre I [ThesisSection];;BitGo, spécialiste des portefeuilles multi-signatures pour entreprises, lève 12 millions de dollars en mai 2014. Signal du capital-risque institutionnel dans l'infrastructure Bitco;fcddab6ea50c4380a94c2d5dc8b00480
G032;graphe;2014-07-04;jour;;acte;CVE-2014-0160 — Remote memory leak via payment protocol (Heartbleed);maturation;;;;;;;;nd;oui;25;CVE-2014-0160;;graphe v97 (chapitre nd);III.1 Crise Bitcoin CVE 2018-17144 : d'une crise à de nombreuses autres…;;;;;ca278d213d804294a2c5a672d52808e4
G148;graphe;2014-07-11;jour;;acte;France rapport TraFin et régime fiscal du Bitcoin (2014);maturation;;;;;;;;nd;non;;;;graphe v97 (chapitre nd);III.1 Crise Bitcoin CVE 2018-17144 : d'une crise à de nombreuses autres… | III.1.1 — Présentation périodisée : une mise en crise longue et silencieuse (CVE 2018) | I.1 Quand Bitcoin définit son monde… : l'aloi politique d'une CM pionnière;;I.4 Conclusion du Chapitre I [ThesisSection];;Publication en France du rapport sur le régime fiscal des bitcoins et du rapport TraFin (Tracfin), établissant le cadre juridique et fiscal français des cryptomonnaies, les traitan;d7fdcd25ac024e799bbaa6c9bda0a607
E056;catalogue+graphe;2014-07-22;jour;;acte;Ether Genesis Sale (42 jours - 31725 BTC);maturation;vii;ethereum;core_devs;;marches_plateformes;financiarisation;;nd;non;;;ico;ch.I l.399;III.1.2 — Une remise en ordre rapide (CVE 2018) | III.2.1 — De la diversité des crises aux crises protocolaires des CM | III.3.1 — Une mise en crise brutale, publique et tapageuse (The DAO);;;;prevente en BTC sous egide de la Fondation Ethereum (Zoug);d0f3f4e1a1796c486a136d142127c321
G152;graphe;2014-09-08;jour;;acte;eBay / PayPal intègre Bitcoin (2014-2015);maturation;;;;;;;;nd;non;;;;graphe v97 (chapitre nd);III.1 Crise Bitcoin CVE 2018-17144 : d'une crise à de nombreuses autres… | III.1.1 — Présentation périodisée : une mise en crise longue et silencieuse (CVE 2018) | I.1 Quand Bitcoin définit son monde… : l'aloi politique d'une CM pionnière;;I.4 Conclusion du Chapitre I [ThesisSection];;PayPal (filiale d'eBay) annonce un partenariat avec des processeurs de paiement Bitcoin (BitPay, Coinbase, GoCoin) en septembre 2014 pour les marchands numériques, signal d'adoptio;3dd742f499c64c5ba60e874c0435e859
G151;graphe;2014-11-07;jour;;acte;France audition Commission des Finances sur les cryptomonnaies (2015);maturation;;;;;;;;nd;non;;;;graphe v97 (chapitre nd);I.2.1 Un protocole deborde de carnavalesques improvisations d acteurs;;I.4 Conclusion du Chapitre I [ThesisSection];;Audition par la Commission des Finances de l'Assemblée nationale française sur les monnaies virtuelles (2014-2015), étape du processus de cadrage réglementaire français des cryptom;544943d3d87a4c898c5e706622b2df97
E057;catalogue;2014-11-24;jour;;acte;Devcon-0 (Berlin);maturation;vii;ethereum;core_devs;;evenements_conferences;innovation_infrastructurelle;;nd;non;;;ethereum;ch.I l.399;;;;;;
G150;graphe;2014-12-01;jour;;acte;ASIC Antminer S5 (1 TH/s) par Bitmain (2014);maturation;;;;;;;;nd;non;;;;graphe v97 (chapitre nd);I.2.1 Un protocole deborde de carnavalesques improvisations d acteurs;;I.4 Conclusion du Chapitre I [ThesisSection];;Commercialisation de l'Antminer S5 par Bitmain fin 2014 (1 TH/s, 590W), symbolisant la maturation industrielle du minage Bitcoin et la concentration croissante du hashrate entre le;d02f0c0a011a4ca09cf826f684f10222
E058;catalogue;2015;annee;;acte;NYSE publie des cotations;maturation;i*;bitcoin;institutions_financieres;;marches_plateformes;financiarisation;;nd;non;;;financiarisation;ch.I l.289;;;;;;
E059;catalogue;2015;annee;;acte;Levee record Coinbase (75 M dollars);maturation;i*;bitcoin;institutions_financieres;entrepreneurs_exchanges;marches_plateformes;financiarisation;;nd;non;;;financiarisation;ch.I n.90 l.639;;;;;;
E060;catalogue;2015;annee;;acte;Pivot blockchain sans les UCN (acteurs financiers et medias);maturation;iv*;transversal;institutions_financieres;medias_connaissance;presse_medias;qualification_publique;;nd;non;;;mediatisation;ch.I l.289;;;;;disqualification des UCN - annee charniere (texte);
G002;graphe;2015;annee;;acte;Bitcoin Scaling Debate;maturation;;;;;;;;nd;oui;;;;graphe v97 (chapitre nd);III.1 Crise Bitcoin CVE 2018-17144 : d'une crise à de nombreuses autres… | III.1.1 — Présentation périodisée : une mise en crise longue et silencieuse (CVE 2018) | I.1 Quand Bitcoin définit son monde… : l'aloi politique d'une CM pionnière;;;Scaling Debate;;e3742113c4674c52930e54ff203f0ac6
G110;graphe;2015;annee;;acte;Coinbase : croissance et levee de fonds 75M$ (2015);maturation;i;;;;;;;nd;non;;;;graphe v97 (Chapitre I);I.2.1 Un protocole deborde de carnavalesques improvisations d acteurs;Coinbase;Phase de maturation / Phase 3 Bitcoin [Concept];;Coinbase s'impose comme principale plateforme d'echange. Levee de fonds record de 75M$ (2015). Indicateur off-chain de la croissance Bitcoin (comptes utilisateurs, Annexe n°2).;7cda4562e3ee4e9c8bf969bdf639994a
G133;graphe;2015;annee;;acte;Lancement de Tether / USDT via Mastercoin/Omni (2015);maturation;;;;;;;;nd;non;;;;graphe v97 (Chapitre I);I.2.1 Un protocole deborde de carnavalesques improvisations d acteurs;Mastercoin;Phase de maturation / Phase 3 Bitcoin [Concept];;Premier stablecoin adossé au dollar, émis via Mastercoin/Omni. Amorce la 'dollarisation de Bitcoin' : la majorité des volumes libellée en USDT et non BTC (Jp Koning 2015).;dbf09eba683d492da97f27513d7a4752
G134;graphe;2015;annee;;acte;Bitcoin XT : fork Big Blockers (2015);maturation;;;;;;;;nd;non;;;;graphe v97 (Chapitre II);III.1 Crise Bitcoin CVE 2018-17144 : d'une crise à de nombreuses autres… | III.1.1 — Présentation périodisée : une mise en crise longue et silencieuse (CVE 2018) | I.1 Quand Bitcoin définit son monde… : l'aloi politique d'une CM pionnière;Gavin Andresen | Mike Hearn;Phase de péché [DevelopmentPhase];;Fork de Bitcoin proposé par Gavin Andresen et Mike Hearn en 2015. Augmentation de la taille des blocs dans le cadre du Scaling Debate. Échoue par manque de soutien de la communauté;b3d5131dbe224d39bf4527581dd095c9
G165;graphe;2015;annee;;acte;NYSE publie données de prix Bitcoin (2015);maturation;i;;;;;;;nd;non;;;;graphe v97 (chapitre nd);III.1 Crise Bitcoin CVE 2018-17144 : d'une crise à de nombreuses autres… | III.1.2 — Une remise en ordre rapide (CVE 2018) | III.3.4 — « Fork You ?! » : scission surprise fondatrice et ses enseignements;;Phase de maturation / Phase 3 Bitcoin [Concept];;;60fec4fa361140efbaa72b212c415e9f
E061;catalogue;2015-05-09;jour;;acte;Testnet Olympic (9e iteration);maturation;vii;ethereum;core_devs;;depots_de_code;innovation_protocolaire;;nd;non;;;ethereum;ch.I l.399;;;;;;
G034;graphe;2015-06-27;jour;;acte;CVE-2015-3641 — OOM via p2p — Unspecified yet;maturation;;;;;;;;nd;oui;27;CVE-2015-3641;;graphe v97 (chapitre nd);III.1 Crise Bitcoin CVE 2018-17144 : d'une crise à de nombreuses autres…;;;;;5062acdef7964498a764823149c32127
G033;graphe;2015-07-04;jour;;acte;BIP-66 — Strict DER signatures — Fake Conf & Chain Split;maturation;;;;;;;;nd;oui;26;;;graphe v97 (chapitre nd);III.1.2 — Une remise en ordre rapide (CVE 2018) | III.2.3 — Des acteurs au cœur de la gouvernance sur le protocole : gouvernance de huis clos | III.3.3 — Gouvernance ouverte et publique pour des forks controversés;;;;;d1961d60a3fc43bb996bf52e14c24193
E062;catalogue+graphe;2015-07-20;jour;;acte;Lancement d'Ethereum Frontier (mainnet);maturation;vii;ethereum;core_devs;;on_chain;innovation_protocolaire;;nd;non;;;ethereum;ch.I l.399;III.1.2 — Une remise en ordre rapide (CVE 2018) | III.2.1 — De la diversité des crises aux crises protocolaires des CM | III.3.1 — Une mise en crise brutale, publique et tapageuse (The DAO);;I.4 Conclusion du Chapitre I [ThesisSection];;[CHANTIER: fig. indique 30/07 - divergence avec le texte 20/07] - encadre rouge fig.;3c3d4fec977c4e788b850a0ea5cbebfa
G138;graphe;2015-09;mois;;acte;Conférence Scaling Bitcoin, Montréal (septembre 2015);maturation;;;;;;;;nd;non;;;;graphe v97 (Chapitre II);III.1 Crise Bitcoin CVE 2018-17144 : d'une crise à de nombreuses autres… | III.1.1 — Présentation périodisée : une mise en crise longue et silencieuse (CVE 2018) | I.1 Quand Bitcoin définit son monde… : l'aloi politique d'une CM pionnière;Gavin Andresen | Greg Maxwell;Phase de péché [DevelopmentPhase];;Conférence dédiée au Scaling Debate de Bitcoin. Les deux camps représentés : Gavin Andresen pour les Big Blockers et Gregory Maxwell pour les Small Blockers. Marque l'intensificati;c485443e2a604bc98eb6826417438bfb
G043;graphe;2015-09-15;jour;;acte;CVE-2015-6031 — MiniUPnPc buffer overflow (LAN);maturation;;;;;;;;nd;oui;;CVE-2015-6031;;graphe v97 (chapitre nd);III.1 Crise Bitcoin CVE 2018-17144 : d'une crise à de nombreuses autres…;;;;;170ed4f7fcfb4531b7c872cb84cc8f80
G035;graphe;2015-11-12;jour;;acte;BIP-65 — Soft fork: OP_CHECKLOCKTIMEVERIFY;maturation;;;;;;;;nd;oui;28;;;graphe v97 (chapitre nd);III.1.2 — Une remise en ordre rapide (CVE 2018) | III.2.3 — Des acteurs au cœur de la gouvernance sur le protocole : gouvernance de huis clos | III.3.3 — Gouvernance ouverte et publique pour des forks controversés;;;;;6daefcd122a24b3589c41fcddd3732aa
G135;graphe;2016;annee;;acte;Bitcoin Classic : fork Big Blockers (2016);maturation;;;;;;;;nd;non;;;;graphe v97 (Chapitre II);III.1 Crise Bitcoin CVE 2018-17144 : d'une crise à de nombreuses autres… | III.1.1 — Présentation périodisée : une mise en crise longue et silencieuse (CVE 2018) | I.1 Quand Bitcoin définit son monde… : l'aloi politique d'une CM pionnière;;Phase de péché [DevelopmentPhase];;Fork de Bitcoin proposé dans le cadre du Scaling Debate. Augmentation de la taille des blocs à 2 Mo. Échoue par manque de soutien.;af1041289a1847b0890e7d76bcb856cd
G036;graphe;2016-04-11;jour;;acte;BIPs 68, 112 & 113 — Soft forks: Rel locktime, CSV & MTP locktime;maturation;;;;;;;;nd;oui;29;;;graphe v97 (chapitre nd);III.1.2 — Une remise en ordre rapide (CVE 2018) | III.2.3 — Des acteurs au cœur de la gouvernance sur le protocole : gouvernance de huis clos | III.3.3 — Gouvernance ouverte et publique pour des forks controversés;;;;;1aa79f912b8c4aadb5bde9c7435b32d0
E063;catalogue;2016-04-30;jour;;acte;Mise en ligne de The DAO - crowdsale de 28 jours;maturation;vii;ethereum;entrepreneurs_exchanges;communautes_forums;on_chain;financiarisation;;nd;oui (sequence DAO);;;dao;ch.III l.549 + l.535-543;;;;;date deduite (cloture 28 mai moins 28 jours - l.549) [CHANTIER: a verifier] - recensement seul;
E064;catalogue+graphe;2016-05;mois;;acte;Appel a moratoire sur The DAO (papier d'alerte);maturation;vii;ethereum;medias_connaissance;;presse_medias;qualification_publique;;nd;oui (sequence DAO);;;dao;ch.III l.553-557;III.2.1 — De la diversité des crises aux crises protocolaires des CM | III.2.3 — Des acteurs au cœur de la gouvernance sur le protocole : gouvernance de huis clos | III.3 Une gouvernance publique d’exception : le hard fork d’Ethereum consécutif à l’attaque de “The DAO”;;;;experts et chercheurs (cf. Q6) - fin mai 2016 - recensement seul;6b444dfd2cfe4786a214e3edef593d35
G153;graphe;2016-06-12;jour;;acte;ASIC Antminer S9 (14 TH/s) par Bitmain (2016);maturation;;;;;;;;nd;non;;;;graphe v97 (chapitre nd);I.2.1 Un protocole deborde de carnavalesques improvisations d acteurs;;I.4 Conclusion du Chapitre I [ThesisSection];;Commercialisation de l'Antminer S9 par Bitmain en juin 2016 (14 TH/s, 1375W) : ASIC le plus efficace de son époque, dominant le minage mondial Bitcoin et consolidant la position hé;07715d5ff1d647e88fa6a2f94be1a102
E065;catalogue+graphe;2016-06-17;jour;;acte;Attaque de The DAO (drainage des fonds);maturation;vii;ethereum;nd;;on_chain;incident;;nd;oui;;;dao;ch.III l.561 + l.565;III.2.1 — De la diversité des crises aux crises protocolaires des CM | III.2.3 — Des acteurs au cœur de la gouvernance sur le protocole : gouvernance de huis clos | III.3 Une gouvernance publique d’exception : le hard fork d’Ethereum consécutif à l’attaque de “The DAO”;;;;attaquant anonyme hors typologie - recensement seul (SASE);c4eab4f4b3f54162b2404b3da684b840
E067;catalogue+graphe;2016-07;mois;;acte;Hard Fork d'Ethereum (restitution des fonds);maturation;vii;ethereum;core_devs;communautes_forums;on_chain;innovation_protocolaire;;nd;oui;;;dao;ch.III section III.3 (l.657-731);III.1.2 — Une remise en ordre rapide (CVE 2018) | III.2.1 — De la diversité des crises aux crises protocolaires des CM | III.3.1 — Une mise en crise brutale, publique et tapageuse (The DAO);;Sphère d’usage [InfrastructureDomain];;[CHANTIER: date exacte a relever] - entre le 10 et le 22 juillet (l.733 l.735) - recensement seul;e2cdb978bbdd4119aa946a271051a753
G155;graphe;2016-07-01;jour;;acte;Lancement bourse d'échange Bitcoin en Inde (2016);maturation;;;;;;;;nd;non;;;;graphe v97 (chapitre nd);III.1 Crise Bitcoin CVE 2018-17144 : d'une crise à de nombreuses autres… | III.1.1 — Présentation périodisée : une mise en crise longue et silencieuse (CVE 2018) | I.1 Quand Bitcoin définit son monde… : l'aloi politique d'une CM pionnière;;I.4 Conclusion du Chapitre I [ThesisSection];;Lancement de plateformes d'échange Bitcoin en Inde (dont Zebpay et Unocoin) en 2016, signalant l'expansion géographique de l'infrastructure d'exchange vers les marchés émergents.;55f0a933c1f6483f80adda294c744961
E066;catalogue;2016-07-10;jour;;acte;Creation du depot GitHub Ethereum Classic;maturation;vii;ethereum;communautes_forums;;depots_de_code;innovation_protocolaire;;nd;oui (sequence DAO);;;dao;ch.III l.733;;;;;cree par un anonyme - recensement seul;
E068;catalogue+graphe;2016-07-22;jour;;acte;Adoption du ticker ETC - secession Ethereum Classic;maturation;vii;ethereum;communautes_forums;entrepreneurs_exchanges;marches_plateformes;innovation_protocolaire;;nd;oui (post-fork);;;dao;ch.III l.735;III.1.2 — Une remise en ordre rapide (CVE 2018) | III.2.1 — De la diversité des crises aux crises protocolaires des CM | III.2.3 — Des acteurs au cœur de la gouvernance sur le protocole : gouvernance de huis clos;;;;recensement seul;4d915f21188945fbb8c5b856f1362640
E069;catalogue;2016-10;mois;;acte;PR 9049 (Corallo) - insemination de CVE-2018;maturation;vi;bitcoin;core_devs;;depots_de_code;innovation_protocolaire;;nd;oui (sequence CVE-2018);;;crises-protocolaires;ch.III l.87;;;;;recensement seul (analyse SASE);
G154;graphe;2016-10-06;jour;;acte;BitGo lève 49 millions $ (octobre 2016);maturation;;;;;;;;nd;non;;;;graphe v97 (chapitre nd);I.2.1 Un protocole deborde de carnavalesques improvisations d acteurs;;I.4 Conclusion du Chapitre I [ThesisSection];;BitGo lève 49 millions de dollars en octobre 2016 auprès de Goldman Sachs et Craft Ventures, confirmant l'intérêt du capital institutionnel pour l'infrastructure de garde sécurisée;75ca941e17f4489fa47ced4aeafdd2f8
G037;graphe;2016-10-27;jour;;acte;CVE-2016-8889 — Debug console history storing sensitive info;maturation;;;;;;;;nd;oui;30;CVE-2016-8889;;graphe v97 (chapitre nd);III.1 Crise Bitcoin CVE 2018-17144 : d'une crise à de nombreuses autres…;;;;;5656bd5a2f974bbdb8d82530cdf936f3
G044;graphe;2016-10-27;jour;;acte;BIPs 141, 143 & 147 — Soft fork: SegWit;maturation;;;;;;;;nd;oui;;;;graphe v97 (chapitre nd);III.1.2 — Une remise en ordre rapide (CVE 2018) | III.2.3 — Des acteurs au cœur de la gouvernance sur le protocole : gouvernance de huis clos | III.3.3 — Gouvernance ouverte et publique pour des forks controversés;;;;;d25e5ffe06df4701bfc3755bdc9d1b31
E070;catalogue;2017;annee;;seuil;Franchissement durable des 1000 dollars (debut 2017);maturation;i*;bitcoin;nd;;marches_plateformes;nd;;valorisation(+);non;;;marches;ch.I l.293;;;;;;
E071;catalogue+graphe;2017;annee;;acte;Congestion - saturation des capacites et frais en hausse;maturation;ii*;bitcoin;communautes_forums;;on_chain;incident;;usage_paiement(-);non;;;scaling;ch.I l.293;I.2.1 Un protocole deborde de carnavalesques improvisations d acteurs;;;;usage lent et cher (texte);cd6241f420a940b6904326b1fa207646
E072;catalogue+graphe;2017;annee;;acte;Fork contentieux - creation de Bitcoin Cash;maturation;vi;bitcoin;communautes_forums;mineurs;on_chain;innovation_protocolaire;;nd;non;;;scaling;ch.I l.295;"Chapitre I ; III.1 Crise Bitcoin CVE 2018-17144 : d'une crise à de nombreuses autres… | III.1.2 — Une remise en ordre rapide (CVE 2018) | III.3.4 — « Fork You ?! » : scission surprise fondatrice et ses enseignements";;Phase de maturation / Phase 3 Bitcoin [Concept];;schisme protocolaire et communautaire - jalons fins au ch.II II.3.3 [hors perimetre];318b090059f34be4b52d389f0b38c3a7
E073;catalogue;2017;annee;;acte;Futures Bitcoin (CBOE et CME);maturation;i*;bitcoin;institutions_financieres;;marches_plateformes;financiarisation;;nd;non;;;financiarisation;ch.I l.289;;;;;courant 2017;
G008;graphe;2017;annee;;acte;CVE-2017-9230 (ASICboost);maturation;;;;;;;;nd;oui;31;CVE-2017-9230;;graphe v97 (chapitre nd);III.1 Crise Bitcoin CVE 2018-17144 : d'une crise à de nombreuses autres…;;;;;6159fc6febc14b1fa512e41f7a6308b6
G105;graphe;2017;annee;;acte;CBOE : marches futurs Bitcoin (2017);maturation;i;;;;;;;nd;non;;;;graphe v97 (Chapitre I);III.1 Crise Bitcoin CVE 2018-17144 : d'une crise à de nombreuses autres… | III.1.1 — Présentation périodisée : une mise en crise longue et silencieuse (CVE 2018) | I.1 Quand Bitcoin définit son monde… : l'aloi politique d'une CM pionnière;;Phase de maturation / Phase 3 Bitcoin [Concept];;Le Chicago Board Option Exchange ouvre des marches a terme sur Bitcoin en 2017. Premiere integration directe dans les derives financiers institutionnels.;82349be91da44883961b469695426d85
G164;graphe;2017;annee;;acte;CME : marchés futurs Bitcoin (2017);maturation;i;;;;;;;nd;non;;;;graphe v97 (chapitre nd);III.1 Crise Bitcoin CVE 2018-17144 : d'une crise à de nombreuses autres… | III.1.1 — Présentation périodisée : une mise en crise longue et silencieuse (CVE 2018) | I.1 Quand Bitcoin définit son monde… : l'aloi politique d'une CM pionnière;;Phase de maturation / Phase 3 Bitcoin [Concept];;;3097f3ada89146d89f300ae74fb85ada
G157;graphe;2017-01-08;jour;;acte;Coinbase atteint 5 millions utilisateurs (2017);maturation;;;;;;;;nd;non;;;;graphe v97 (chapitre nd);I.2.1 Un protocole deborde de carnavalesques improvisations d acteurs;Coinbase;I.4 Conclusion du Chapitre I [ThesisSection];;Coinbase annonce avoir dépassé 5 millions d'utilisateurs enregistrés en janvier 2017, signal de la croissance exponentielle de l'adoption grand public des cryptomonnaies aux États-;bcadca2adf144ddbb061b722a8c85a80
G038;graphe;2017-03-12;jour;;acte;BIP-148 — Soft fork: SegWit UASF;maturation;;;;;;;;nd;oui;32;;;graphe v97 (chapitre nd);III.1.2 — Une remise en ordre rapide (CVE 2018) | III.2.3 — Des acteurs au cœur de la gouvernance sur le protocole : gouvernance de huis clos | III.3.3 — Gouvernance ouverte et publique pour des forks controversés;;;;;f979ff6cc3cd4861b1de30ec72463c7c
G136;graphe;2017-05;mois;;acte;New York Agreement : tentative de conciliation Scaling Debate (mai 2017);maturation;;;;;;;;nd;non;;;;graphe v97 (Chapitre II);I.2.1 Un protocole deborde de carnavalesques improvisations d acteurs | II.3.3 — Les CM réactivent un débat monétaire ancien : conflit autour de la « bonne » gouvernance;Bitmain;Phase de péché [DevelopmentPhase];;Accord initié par Barry Silbert (DCG, mai 2017) : 58 entreprises dans 22 pays, 83,28% du hashrate, 5,1 milliards USD de volume mensuel. Propose SegWit2X : activation de SegWit + au;f535babd17f4456bae93f6e02cb93337
G158;graphe;2017-07-14;jour;;acte;Lancement Binance (plateforme d'échange mondiale, 2017);maturation;;;;;;;;nd;non;;;;graphe v97 (chapitre nd);I.2.1 Un protocole deborde de carnavalesques improvisations d acteurs;;I.4 Conclusion du Chapitre I [ThesisSection];;Lancement de Binance par Changpeng Zhao (CZ) le 14 juillet 2017, rapidement devenue la plus grande plateforme d'échange de cryptomonnaies au monde en volume, basée à Malte puis aux;b3e21da76d6548fda0625c0410af758c
G137;graphe;2017-08-01;jour;;acte;Activation de SegWit via UASF (1er août 2017);maturation;vi;;;;;;;nd;non;;;;graphe v97 (Chapitre II);I.2.1 Un protocole deborde de carnavalesques improvisations d acteurs;Pieter Wuille | Shaolin Fry;Phase de péché [DevelopmentPhase];;Activation de SegWit le 1er août 2017 sans l'augmentation de taille des blocs de SegWit2X, via l'User Activated Soft Fork (UASF). Redistribue le pouvoir de gouvernance aux utilisat;9aac15db0a154d50855a24fca026aab4
G169;graphe;2017-11-06;jour;;acte;Parity Multisig Freeze (novembre 2017);maturation;;;;;;;;nd;oui;;;;graphe v97 (chapitre nd);III.1 Crise Bitcoin CVE 2018-17144 : d'une crise à de nombreuses autres…;;;;;fc5ad50cc59d417c9afd05b437a42366
G156;graphe;2017-11-11;jour;;acte;Annulation du New York Agreement / SegWit2x (novembre 2017);maturation;;;;;;;;nd;non;;;;graphe v97 (chapitre nd);I.2.1 Un protocole deborde de carnavalesques improvisations d acteurs;;I.4 Conclusion du Chapitre I [ThesisSection];;Annulation de SegWit2x le 11 novembre 2017 par ses promoteurs (Jeff Garzik, Mike Belshe) après l'opposition massive des utilisateurs et développeurs Bitcoin Core. Fin du compromis ;fb4d19f9cec5420fbadd1b074d7872a4
E074;catalogue;2017-12;mois;;seuil;Cours proche de 20000 dollars (fin 2017);maturation;i*;bitcoin;nd;;marches_plateformes;nd;;valorisation(+);non;;;marches;ch.I l.293;;;;;prix multiplie par 20 sur l'annee;
E075;catalogue;2018;annee;;acte;Implementation du Lightning Network;maturation;vi;bitcoin;core_devs;;depots_de_code;innovation_protocolaire;;nd;non;;;scaling;ch.I l.295;;;;;en rouge (texte) - promesse de resolution non codee en effet;
E076;catalogue;2018;annee;;seuil;Point bas vers 3300 dollars (2018-2019);maturation;i*;bitcoin;nd;;marches_plateformes;nd;;valorisation(-);non;;;marches;ch.I l.293;;;;;;
G009;graphe;2018;annee;;acte;CVE-2018-20587 (Vol, Luke Dashjr);maturation;;;;;;;;nd;oui;36;CVE-2018-20587;;graphe v97 (chapitre nd);III.1 Crise Bitcoin CVE 2018-17144 : d'une crise à de nombreuses autres…;;;;;c6389ffe8f7a48668883b4845808c388
G010;graphe;2018;annee;;acte;CVE-2018-20586 (Tromperie, injection journal);maturation;;;;;;;;nd;oui;38;CVE-2018-20586;;graphe v97 (chapitre nd);III.1 Crise Bitcoin CVE 2018-17144 : d'une crise à de nombreuses autres…;;;;;19907a993e6c4b2392f503ec1863df9e
G106;graphe;2018-03;mois;;acte;Lightning Labs (premiere implementation LN, mars 2018);maturation;vi;;;;;;;nd;non;;;;graphe v97 (Chapitre I);I.2.1 Un protocole deborde de carnavalesques improvisations d acteurs;Jack Dorsey | David Sacks | Vlad Tenev | Joseph Poon;Phase de maturation / Phase 3 Bitcoin [Concept];;Premiere implementation logicielle du LN par Lightning Labs (mars 2018). Fondateurs: Poon, Dryja + investisseurs Dorsey, Sacks, Tenev. 500 BTC dans le reseau fin 2018 (Torpey 2018);2ec8857fa7a24c70804d6a3a3e9d4d55
G039;graphe;2018-06-09;jour;;acte;CVE-2017-12842 — No commitment to block merkle tree depth;maturation;;;;;;;;nd;oui;33;CVE-2017-12842;;graphe v97 (chapitre nd);III.1 Crise Bitcoin CVE 2018-17144 : d'une crise à de nombreuses autres…;;;;;232fdda1778043d9b168884c0caad3a5
G040;graphe;2018-07-02;jour;;acte;CVE-2016-10724 & CVE-2016-10725 — Alert system — Memory exhaustion & Final alert cancellation;maturation;;;;;;;;nd;oui;34;CVE-2016-10724 & CVE-2016-10725;;graphe v97 (chapitre nd);III.1 Crise Bitcoin CVE 2018-17144 : d'une crise à de nombreuses autres…;;;;;cfdb999d9b1c4989b7424a931fef16c4
E077;catalogue+graphe;2018-09;mois;;acte;CVE-2018-17144 - divulgation responsable et correctif secret;maturation;vi;bitcoin;core_devs;;depots_de_code;incident;innovation_protocolaire;nd;oui;35;CVE-2018-17144;crises-protocolaires;ch.III l.11 + l.39 + l.476;III.1 Crise Bitcoin CVE 2018-17144 : d'une crise à de nombreuses autres… | III.1.1 — Présentation périodisée : une mise en crise longue et silencieuse (CVE 2018) | I.1 Quand Bitcoin définit son monde… : l'aloi politique d'une CM pionnière;Core Developers (Bitcoin) | Pieter Wuille | Greg Maxwell;Protocole et couche de base [InfrastructureDomain] | GitHub Bitcoin Core [GovernanceArena];;IRC 18/09 - recensement seul (analyse SASE);db9a125c4c7a4d03bd19d3dc8c474a9e
E078;catalogue;2019;annee;;seuil;Stabilisation vers 8000 dollars (2019-2020);maturation;i*;bitcoin;nd;;marches_plateformes;nd;;nd;non;;;marches;ch.I l.293;;;;;;
G107;graphe;2019;annee;;acte;Wrapped Bitcoin / WBTC (2019);maturation;vii;;;;;;;nd;non;;;;graphe v97 (Chapitre I);III.1 Crise Bitcoin CVE 2018-17144 : d'une crise à de nombreuses autres… | III.1.2 — Une remise en ordre rapide (CVE 2018) | III.3.4 — « Fork You ?! » : scission surprise fondatrice et ses enseignements;;Phase de maturation / Phase 3 Bitcoin [Concept];;Token ERC-20 representant 1 BTC sur Ethereum, emis par BitGo/KyberNetwork. IOU synthetique permettant aux BTC de circuler dans la DeFi (Redman 2019b).;2322a151c17c456484772d74a4cfa78a
G111;graphe;2019;annee;;acte;Braiins / Stratum V2 (protocole communication hashers/pools);maturation;vi;;;;;;;nd;non;;;;graphe v97 (Chapitre I);I.2.1 Un protocole deborde de carnavalesques improvisations d acteurs;;;;Entreprise liée à Slushpool développant Stratum V2 : amélioration du protocole de communication entre hashers et pools de minage. Objectif : redonner aux hashers la capacité de cho;52825e0addb24136bf45eace9724984b
G139;graphe;2019-01-03;jour;;acte;Proof of Keys Day (3 janvier, annuel depuis 2019);maturation;;;;;;;;nd;non;;;;graphe v97 (Chapitre II);I.2.1 Un protocole deborde de carnavalesques improvisations d acteurs;;Phase de maturation / Phase 3 Bitcoin [Concept];;Pratique rituelle annuelle des bitcoiners chaque 3 janvier (date d'anniversaire du bloc de genèse Bitcoin). Retrait coordonné des fonds des bourses et passerelles. Objectifs : clam;0eb8e8c40dca46c0b2a860444b29a454
G041;graphe;2019-06-22;jour;;acte;CVE-2017-18350 — Buffer overflow from SOCKS proxy;maturation;;;;;;;;nd;oui;37;CVE-2017-18350;;graphe v97 (chapitre nd);III.1 Crise Bitcoin CVE 2018-17144 : d'une crise à de nombreuses autres…;;;;;fc33fb06d95b42a09a1e08dae5fe8c87
G170;graphe;2022-09-15;jour;;acte;The Merge (transition Ethereum PoW → PoS, septembre 2022);maturation;;;;;;;;nd;non;;;;graphe v97 (chapitre nd);III.1.2 — Une remise en ordre rapide (CVE 2018) | III.2.1 — De la diversité des crises aux crises protocolaires des CM | III.2.3 — Des acteurs au cœur de la gouvernance sur le protocole : gouvernance de huis clos;;;;;c5b853a4aa0447ed88bc11828a8c805c
G113;graphe;2024;annee;;acte;Figure 5 — Division sociale du travail protocolaire et spécialisation des acteurs;maturation;iii;;;;;;;nd;non;;;;graphe v97 (Chapitre I);III.1.1 — Présentation périodisée : une mise en crise longue et silencieuse (CVE 2018) | III.3.2 — Une remise en ordre complexe, contrainte et controversée | I.2.1 Un protocole deborde de carnavalesques improvisations d acteurs;;;;Figure originale de Maël Rolland illustrant la spécialisation des acteurs et des fonctions dans l'écosystème Bitcoin : (0) fonctions portefeuille, (1) diffusion, (2) traitement/min;da2c1b40ca374770836b98990bb6d55a
G005;graphe;;;;acte;Crise BIP-0016 (Attaque P2SH);;;;;;;;;nd;oui;9;;;graphe v97 (chapitre nd);III.1.2 — Une remise en ordre rapide (CVE 2018) | III.2.3 — Des acteurs au cœur de la gouvernance sur le protocole : gouvernance de huis clos | III.3.3 — Gouvernance ouverte et publique pour des forks controversés;;;;;1204a4726caa4f95801cbb04aa5a1d3c
G012;graphe;;;;acte;Séries China BAN (2013-2021);;;;;;;;;nd;oui;;;;graphe v97 (Chapitre I (note 67));III.1 Crise Bitcoin CVE 2018-17144 : d'une crise à de nombreuses autres…;;;;;86b6f7211dc94792b7efa288317a811e
G046;graphe;;;;acte;Multisig wallet;;iii;;;;;;;nd;non;;;;graphe v97 (Chapitre I, section I.2);I.2.1 Un protocole deborde de carnavalesques improvisations d acteurs;Bourses d'échange (exchanges);;;Portefeuille multi-signatures nécessitant plusieurs clés pour autoriser une transaction (ex. 2-of-3), améliorant la sécurité des fonds.;4d131ce65c0e4ed4ac4da539f21979a2
G047;graphe;;;;acte;Satoshi Dice;;i;;;;;;;nd;non;;;;graphe v97 (Chapitre I, section I.2);I.2.1 Un protocole deborde de carnavalesques improvisations d acteurs | I.4 Conclusion du Chapitre I;Satoshi Nakamoto | Core Developers (Bitcoin);Phase de péché [DevelopmentPhase];;Jeu de hasard Bitcoin basé sur la blockchain, lancé en 2012, représentant à son apogée plus de 50% des transactions Bitcoin.;a972e3e3220d450d9b9fca39df08dc25
G049;graphe;;;;acte;Bitcoin-Qt (client lourd);;vi;;;;;;;nd;non;;;;graphe v97 (Chapitre I, section I.2);III.1 Crise Bitcoin CVE 2018-17144 : d'une crise à de nombreuses autres… | III.1.2 — Une remise en ordre rapide (CVE 2018) | III.3.4 — « Fork You ?! » : scission surprise fondatrice et ses enseignements;;Phase de preuve de concept [DevelopmentPhase];;Client de référence Bitcoin avec interface graphique, renommé Bitcoin Core en 2014, incarnant la continuité du logiciel originel de Satoshi Nakamoto.;4ece5d2077c14b558480a3a80a7a550f
G050;graphe;;;;acte;ASICs (spécialisation du minage);;;;;;;;;nd;non;;;;graphe v97 (Chapitre I, section I.2);I.2.1 Un protocole deborde de carnavalesques improvisations d acteurs;;Phase de preuve de concept [DevelopmentPhase];;Introduction des ASIC pour le minage Bitcoin en 2013, remplaçant les GPU et concentrant la production de blocs entre quelques fabricants.;a1d764bf362646b7822bf199bf9ca6c6
G051;graphe;;;;acte;Crise chypriote (référence dans la monétisation);;i;;;;;;;nd;non;;;;graphe v97 (Chapitre I, section I.2);I.2.1 Un protocole deborde de carnavalesques improvisations d acteurs;;;;La crise bancaire chypriote de mars 2013, avec confiscation partielle des dépôts, favorise l'intérêt pour Bitcoin comme valeur refuge décentralisée.;6ce7c70a40f34ef3bf06889bc177511b
G052;graphe;;;;acte;Fermeture de SilkRoad (FBI);;i;;;;;;;nd;non;;;;graphe v97 (Chapitre I, section I.2);I.2.1 Un protocole deborde de carnavalesques improvisations d acteurs;;;;Fermeture de Silk Road par le FBI le 2 octobre 2013, arrestation de Ross Ulbricht, première confrontation majeure entre Bitcoin et les autorités américaines.;673e389578a2423ea211086b2dfcdb05
G053;graphe;;;;acte;Session Sénat US sur Bitcoin (19 novembre 2013);;v;;;;;;;nd;non;;;;graphe v97 (Chapitre I, section I.2);III.1 Crise Bitcoin CVE 2018-17144 : d'une crise à de nombreuses autres… | III.1.1 — Présentation périodisée : une mise en crise longue et silencieuse (CVE 2018) | I.1 Quand Bitcoin définit son monde… : l'aloi politique d'une CM pionnière;Bitcoin Foundation;Phase de maturation / Phase 3 Bitcoin [Concept];;Auditions du Sénat américain sur Bitcoin le 19 novembre 2013, premier signal d'une possible légitimation réglementaire et contribution à la hausse vers 1000$.;6b451a405b334281ae174f5836b73eb1
G062;graphe;;;;acte;MyBitcoin (custodial wallet);;iii;;;;;;;nd;non;;;;graphe v97 (chapitre nd);III.1 Crise Bitcoin CVE 2018-17144 : d'une crise à de nombreuses autres… | III.1.1 — Présentation périodisée : une mise en crise longue et silencieuse (CVE 2018) | I.1 Quand Bitcoin définit son monde… : l'aloi politique d'une CM pionnière;MyBitcoin;Phase de preuve de concept [DevelopmentPhase];;Portefeuille custodial en ligne lancé en 2010, disparu en 2011 avec les fonds de ses utilisateurs (78 000 BTC perdus), premier cas majeur de risque de contrepartie.;30ea73371bad42b3b9e4b58649050ac4
G160;graphe;;;;acte;Expansion services monétaires et financiers Bitcoin (2012-2013);;i;;;;;;;nd;non;;;;graphe v97 (Rauchs 2016 p.54-58);III.1 Crise Bitcoin CVE 2018-17144 : d'une crise à de nombreuses autres… | III.1.1 — Présentation périodisée : une mise en crise longue et silencieuse (CVE 2018) | I.1 Quand Bitcoin définit son monde… : l'aloi politique d'une CM pionnière;;Phase de péché [DevelopmentPhase];;;c59f0db4315f46c98458d6893b1d297f
G161;graphe;;;;acte;Innovations de métaprotocole Bitcoin (2012-2014);;vi;;;;;;;nd;non;;;;graphe v97 (chapitre nd);III.1 Crise Bitcoin CVE 2018-17144 : d'une crise à de nombreuses autres… | III.1.1 — Présentation périodisée : une mise en crise longue et silencieuse (CVE 2018) | I.1 Quand Bitcoin définit son monde… : l'aloi politique d'une CM pionnière;;Phase de péché [DevelopmentPhase];;;0b78cd80142143b8a879845debb6c3c6
G167;graphe;;;;acte;Migration DApps Counterparty vers Ethereum (2014-2015);;;;;;;;;nd;non;;;;graphe v97 (chapitre nd);III.1.2 — Une remise en ordre rapide (CVE 2018) | III.2.1 — De la diversité des crises aux crises protocolaires des CM | III.3.1 — Une mise en crise brutale, publique et tapageuse (The DAO);;;;;c501df1a0cb5496588d3806003d6f6d3
G171;graphe;;;;acte;Crise bancaire et financière de 2008;;;;;;;;;nd;oui;;;;graphe v97 (chapitre nd);III.1 Crise Bitcoin CVE 2018-17144 : d'une crise à de nombreuses autres…;;;;;bc083765c6c20c4840d5eef4873c9814
G172;graphe;;;;acte;North American Bitcoin Conference (Miami 2014);;;;;;;;;nd;non;;;;graphe v97 (chapitre nd);III.1 Crise Bitcoin CVE 2018-17144 : d'une crise à de nombreuses autres… | III.1.1 — Présentation périodisée : une mise en crise longue et silencieuse (CVE 2018) | I.1 Quand Bitcoin définit son monde… : l'aloi politique d'une CM pionnière;;;;;344cef0c6643488946ab489f73e2e97f
G173;graphe;;;;acte;Campagne de financement Ethereum (ICO 2014);;;;;;;;;nd;non;;;;graphe v97 (chapitre nd);III.1.2 — Une remise en ordre rapide (CVE 2018) | III.2.1 — De la diversité des crises aux crises protocolaires des CM | III.3.1 — Une mise en crise brutale, publique et tapageuse (The DAO);;;;;647cfd915fa09e9703fa8cbd1e60e819
G174;graphe;;;;acte;Frontier (lancement mainnet Ethereum, juillet 2015);;;;;;;;;nd;non;;;;graphe v97 (chapitre nd);III.1.2 — Une remise en ordre rapide (CVE 2018) | III.2.1 — De la diversité des crises aux crises protocolaires des CM | III.3.1 — Une mise en crise brutale, publique et tapageuse (The DAO);;;;;6cbe860718afbd70507b3dc92aba5973
G175;graphe;;;;acte;Op_Return War;;;;;;;;;nd;oui;;;;graphe v97 (chapitre nd);I.2.2 — Un protocole Bitcoin qui s'adapte : régulations transactionnelles très politiques | III.2.1 — De la diversité des crises aux crises protocolaires des CM;;;;;43188ec45e15dbb64adc77e81b89dacd
