entity_id,entity_name,entity_types,cle_date,date_graphe,dateSource_graphe,fichier_these,ligne_these,citation_verbatim,date_dans_le_texte,statut,ecart,decision_requise,question_pour_mael,notes
d35d720e1fa24d9fbe665a90ac0abc73,Bitcoin,Protocol,launchYear,2009-01-03T00:00:00.000Z,,assets/MD/01_chapitre_I.md,169,"…opérations de production d'un enregistrement candidat[^51]. À la suite de l'enregistrement de genèse du 3 janvier 2009[^52], chaque nouveau bloc qui devient canonique donne lieu au versement de…",3 janvier 2009,accord,,non,,"launchYear=2009-01-03 : date de l'enregistrement de genese, confirmee aussi 00_introduction.md l.308 et 01_chapitre_I.md l.487."
2956b3b87db1448f8a2ddde82d39e9c9,Ethereum,Protocol,launchYear,2015-07-30T00:00:00.000Z,,assets/MD/03_chapitre_III.md,529,"…la remise en ordre. Nous démarrons la périodisation au lancement du protocole Ethereum, le 30 juillet 2015, pour souligner que le contexte de cette crise est celui des premiers temps du protocole…",30 juillet 2015 (ch.III) / 20 juillet 2015 (ch.I l.399 et l.443),desaccord_these_probablement_fausse,10 jours,oui,"La these se contredit sur la date de lancement d'Ethereum : ch.I l.399 et l.443 disent 20/07/2015, ch.III l.529 et les annexes (05_glossaire_annexes.md l.337 et l.569) disent 30/07/2015. Le graphe suit 30/07. Confirmez-vous que 30/07/2015 est la bonne date et que le ch.I porte une coquille ?",CONTRADICTION INTERNE A LA THESE. 3 occurrences 30/07 (ch.III l.529 ; annexes l.337 ; annexes l.569) contre 2 occurrences 20/07 (ch.I l.399 ; ch.I l.443). Le graphe n'est pas en cause.
db9a125c4c7a4d03bd19d3dc8c474a9e,Bitcoin CVE 2018-17144,CrisisEvent,date,2018-09-01T00:00:00.000Z,,assets/MD/03_chapitre_III.md,39,"…une poignée d'acteurs de confiance. Cette faille Bitcoin CVE 2018 doit sa découverte, le 17 septembre 2018, à « *Awemany* », un développeur « extérieur » à Bitcoin (Awemany 2018 ; Bitcoin Core…","17 septembre 2018 (decouverte) ; 20 septembre 2018 (divulgation complete, 07_bibliographie.md l.148)",accord_granularite_differente,,non,,Le graphe porte 2018-09-01 : le 01 est un remplissage de mois (la description dit « septembre 2018 »). Le texte ne date jamais la crise au 1er septembre.
6213eb5f73954b8e957f5649a854c578,Lightning Network,Protocol,launchYear,2018-03-15T00:00:00.000Z,,assets/MD/01_chapitre_I.md,645,"…ainsi constitués. La première implémentation logicielle de ce système est publiée en mars 2018 par « Lightning Labs », entreprise fondée par des Bitcoiners de la première heure rejoints par des…",mars 2018,accord_granularite_differente,,non,,Le graphe date launchYear=2018-03-15 ; le texte dit « mars 2018 » sans jour. Le meme passage date la formalisation du protocole « dès 2015 » (Poon & Dryja).
a4553092b4a94a52a56858474c8da2c9,Bitcoin Cash,Protocol,launchYear | fork_date,2017-08-01T00:00:00.000Z | Août 2017,,assets/MD/02_chapitre_II.md,402,"…exclusive des mineurs. Cette initiative conduira à l'adoption effective de SegWit le 1^er^ août 2017, sans l'augmentation de la taille des blocs prévue par SEGWIT2X. En réponse, les « *Big…",août 2017,accord,,non,,launchYear=2017-08-01 et fork_date='Août 2017' concordent avec le texte (mois seul dans la these).
273237e8600e4e289cd76da835a82e67,Bitcoin CVE 2010-5139 (Value Overflow),CrisisEvent,date,15/08/2010,,assets/MD/03_chapitre_III.md,221,"…c'est S. Nakamoto et les premiers développeurs qui se chargeront de la remise en ordre. Le 15 août, un « *enregistrement étrange* \[, le\] *74638* »[^47] est pointé par J. Garzik sur…",août 2010 ; « Le 15 août »,accord,,non,,"Le meme paragraphe donne « (crise n°4) d'août 2010 » puis « Le 15 août, un enregistrement étrange [, le] 74638 »."
c4eab4f4b3f54162b2404b3da684b840,Attaque de The DAO,CrisisEvent,date,17/06/2016,,assets/MD/03_chapitre_III.md,559,"…un «* exploit similaire dans la fonction splitDAO* » (*Ibid.*). Au petit matin du 17 juin, une attaque est lancée impliquant cette fonction, qui est un dispositif innovant conçut par «…","17 juin (annee 2016 etablie par le contexte, ch.III l.553 « En cette fin du mois de mai 2016 »)",accord,,non,,Le millesime n'est pas repete sur la ligne de l'attaque ; il est porte par le paragraphe precedent (l.553).
e3742113c4674c52930e54ff203f0ac6,Bitcoin Scaling Debate,CrisisEvent,date,2015-2017,,assets/MD/02_chapitre_II.md,406,"…l'écosystème. La première augmentation de la limite est proposée en 2013, mais les débats s'intensifient en 2015 (Wirdum 2017). Des projets de nouvelles implémentations révèlent des divisions au…",2013 (première proposition) – 2015 (intensification) – 2017,accord_granularite_differente,,non,,"Le graphe porte l'intervalle 2015-2017 ; le texte situe la premiere proposition en 2013 et l'intensification en 2015. Bornes compatibles, pas identiques."
5ea44d21a07d4d13a6f1d6677936b8e7,Ethereum Classic (ETHC),Protocol,launchYear,2016-07-20T00:00:00.000Z,,assets/MD/03_chapitre_III.md,733,"Le 10 juillet, en amont du *Fork*, un anonyme avait créé un répertoire Github appelé « *Ethereum Classic* » (ETHC). Dans un article de *Bitcoin Magazine*, Wirdum (2016) souligne que, si « *Ethereum…",10 juillet 2016 (creation du repertoire Github ETHC),two_distinct_events_possible,10 jours,oui,Le graphe date Ethereum Classic au 20/07/2016 (jour du Hard Fork) ; la these date au 10 juillet 2016 la creation du repertoire Github « Ethereum Classic ». Faut-il distinguer deux actes (creation du projet / naissance de la chaine par le fork) ou garder une seule date ?,"Deux actes distincts et tous deux attestes : 10/07/2016 (repertoire Github, ch.III l.733) et 20/07/2016 (Hard Fork). 07_bibliographie.md l.1292 (Wirdum) est date du 20 juillet 2016."
bf9931aa5cec4f87ae0edce43a1907ea,Go-Ethereum (Geth),SoftwareClient,launchYear,2015-07-30T00:00:00.000Z,,assets/MD/03_chapitre_III.md,686,"| **Geth** | 97,44% | **Geth** | 79,52% | |",,absent_du_texte,,non,,"Geth est cite (tableau des implementations clientes, ch.III l.686 et l.1071) mais AUCUNE date de lancement n'est donnee dans la these. Le launchYear=2015-07-30 du graphe n'est ni confirme ni refute par le texte."
a4a78c8ef9174d968ca142d6d5b9f409,Bitcoin-QT / Bitcoin Core (client),SoftwareClient,launchYear,2009-01-09T00:00:00.000Z,,assets/MD/01_chapitre_I.md,305,"…accessible par un client logiciel unique, Bitcoin QT dans sa version 0.1, publiée le 9 janvier 2009 et rédigée en langage de programmation C++[^94]. Tout utilisateur participe *à* et…",9 janvier 2009,desaccord_these_probablement_fausse,,oui,Le meme evenement est date « 9 janvier 2009 » au ch.I (l.269 et l.305) et « février 2009 » au ch.III l.61 (« publiée par S. Nakamoto en février 2009 (Song 2018) »). Laquelle fait foi ?,"CONTRADICTION INTERNE : ch.I l.269 et l.305 = 9 janvier 2009 ; ch.III l.61 = fevrier 2009. Le graphe (2009-01-09) suit le ch.I, majoritaire."
5203960e41d1470fb6cda90d1da326d5,OpenEthereum / Parity,SoftwareClient,launchYear,2016-01-01T00:00:00.000Z,,assets/MD/05_glossaire_annexes.md,624,"…développa le langage de programmation natif d'Ethereum : ""Solidity"". Il est CTO de la fondation Ethereum jusqu'en 2016 ; CEO de Parity technology, qui développe un client logiciel Ethereum codé en…",,absent_du_texte,,non,,"Parity/OpenEthereum est cite (ch.III l.690, l.1069, l.1071 ; annexes l.624) mais sa date de lancement n'apparait pas. La seule date attachee est l'abandon par EthCore le 02/06/2020 (ch.III l.1069)."
6dfc61f0e6b34ad4a8ed3f1a4f2b06fc,Pyethereum,ActorNonHuman,launchYear,2015-01-01T00:00:00.000Z,,assets/MD/07_bibliographie.md,254,"BUTERIN Vitalik, 2014g, « Pyethereum and Serpent Programming Guide », https://blog.ethereum.org/2014/04/10/pyethereum-and-serpent-programming-guide/, 10 avril 2014, consulté le 11 octobre 2020.",,absent_du_texte,,non,,Pyethereum n'apparait qu'en bibliographie (l.254) et dans une enumeration de clients (ch.III l.1071). Aucune date de lancement.
9536efd0cb5742e1a3777e4b7e02be49,cpp-ethereum (Aleth),ActorNonHuman,launchYear,2015-07-30T00:00:00.000Z,,assets/MD/05_glossaire_annexes.md,1036,…activités : il travaillera sur le code source d'un client Ethereum en langage C++ («* cpp-ethereum»*) dans l'équipe de C. Reitwiessner ; participera au développement de la première plateforme…,,absent_du_texte,,non,,"Le client C++ est cite dans la fiche d'entretien #26 (annexes l.1036) et ch.III l.1071 ; aucune date de lancement. Le 30/07/2015 du graphe est une deduction, pas une lecture."
026703922bb14846947d61d047329236,Nethermind,ActorNonHuman,launchYear,2018-01-01T00:00:00.000Z,,assets/MD/03_chapitre_III.md,700,| | | **Nethermind** | 2.05% | |,,absent_du_texte,,non,,Nethermind n'apparait que dans le tableau des parts de reseau au 09/06/2022 (ch.III l.700). Aucune date de lancement.
0403f5fe541b458481734f825d0a0aad,Besu (Hyperledger Besu),ActorNonHuman,launchYear,2019-01-01T00:00:00.000Z,,assets/MD/03_chapitre_III.md,698,| | | **Hyperledger / Besu** | 2.92% | |,,absent_du_texte,,non,,Besu n'apparait que dans le tableau des parts de reseau au 09/06/2022 (ch.III l.698). Aucune date de lancement.
ecb160978b5840e896ee6b720724ec6d,Erigon,ActorNonHuman,launchYear,2021-01-01T00:00:00.000Z,,assets/MD/03_chapitre_III.md,696,"…[\[consultation au 09/06/2022\]]{.mark}, traitement de l'auteur. | | **Erigon** | 9.34% | |",,absent_du_texte,,non,,Erigon n'apparait que dans le tableau des parts de reseau au 09/06/2022 (ch.III l.696). Aucune date de lancement.
a40240f9516249d68b83ae69141164f9,Bitcoin Knots,ActorNonHuman,launchYear,2011-01-01T00:00:00.000Z,,assets/MD/03_chapitre_III.md,907,"[^72]: « Bitcoin Knot », par exemple, développé dès décembre 2011 sous le nom de Bitcoin Next-Test par Luke jr, fut concernée par la faille CVE 2018. Cette implémentation dérive directement de la…",décembre 2011,desaccord_graphe_probablement_faux,~11 mois,oui,Le graphe date Bitcoin Knots a 2011-01-01 ; la note 72 du ch.III (l.907) dit « développé dès décembre 2011 sous le nom de Bitcoin Next-Test par Luke jr ». Faut-il corriger le launchYear en 2011-12 ?,Le 2011-01-01 du graphe ressemble a un remplissage d'annee. Le texte donne un mois.
c157790787f842a385fe46a62f07fd43,Bitcoin Unlimited,ActorNonHuman,launchYear,2015-01-01T00:00:00.000Z,,assets/MD/02_chapitre_II.md,406,"…8 Mo. Sans adhésion, elle est abandonnée en janvier 2016. D'autres propositions, comme « Bitcoin Unlimited », « Bitcoin Classic », connaîtront le même sort : les mineurs et les utilisateurs…",,absent_du_texte,,non,,"Bitcoin Unlimited est cite (ch.II l.406 ; ch.III l.809) mais sans date de lancement. Le passage date Bitcoin XT (aout 2015) et son abandon (janvier 2016), pas Bitcoin Unlimited."
7153c1bc2e43406f897ef422fe555a5d,BTCD,ActorNonHuman,launchYear,2013-01-01T00:00:00.000Z,,,,,,absent_du_texte,,non,,BTCD (implementation Go de Bitcoin) : aucune occurrence dans les 8 fichiers FR de la these.
72ed5cce1e98494385ca4eb091d6707c,CVE-2013-3220 (Netsplit BIP-0050),CrisisEvent,date,Mars 2013,,assets/MD/01_chapitre_I.md,667,"…par la communauté qu'en 2013, suite à la survenue d'une scission de chaîne (crise n°19, CVE 2013 #3220) consécutive à une incompatibilité entre ladite limite et l'ancienne version de la…",mars 2013 (ch.III l.237 : « les 11 et 12 mars 2013 »),accord_granularite_differente,,non,,"Le graphe porte « Mars 2013 » ; la these date le declenchement « en mars 2013 » (ch.III l.237) et precise « les 11 et 12 mars 2013 » dans la citation de Musiani, Mallard et Meadel."
3952cb540d924df7a70f267da5d5009b,BIP-0042 — Bitcoin Fixed Monetary Supply (Inflation Bug),CrisisEvent,date,01/04/2014,,assets/MD/03_chapitre_III.md,223,"…« faux monnayage ». Elle renvoie au *« Bitcoin Improvement Proposal #0042 »* (crise n°24) d'avril 2014, qui la corrigera. Latente, cette vulnérabilité n'a pas conduit à une émission…",avril 2014,accord_granularite_differente,,non,,"Le graphe porte 01/04/2014 : le jour est un remplissage, la these ne donne que le mois."
4e1a794249594b368e13e558174dea38,Attaque DDoS MtGox (mai 2013),CrisisEvent,date,Mai 2013,,assets/MD/03_chapitre_III.md,209,"Grâce aux données de Bitcoin Wiki croisées avec d'autres sources, nous avons répertorié [^45] pas moins de 38 crises entre 2009 et la fin 2019 (cf. chronologie n°2 suivante). Chaque crise répertoriée…",,figure_non_verifiable_dans_le_MD,,non,,"Crise issue du recensement des 38 crises du wiki Bitcoin. Le texte annonce le recensement (ch.III l.209) mais les dates individuelles sont portees par la chronologie n°2, une image (media/image8.png, ch.III l.215). Seules 4 des 38 crises sont datees dans le texte courant (n°4 CVE 2010-5139, n°19 CVE 2013-3220, n°24 BIP-0042, CVE 2018-17144)."
272f2d17b89d4912aca1c4f7b77b7332,Fermeture Silk Road par le FBI (octobre 2013),CrisisEvent,date,Octobre 2013,,assets/MD/03_chapitre_III.md,209,"Grâce aux données de Bitcoin Wiki croisées avec d'autres sources, nous avons répertorié [^45] pas moins de 38 crises entre 2009 et la fin 2019 (cf. chronologie n°2 suivante). Chaque crise répertoriée…",,figure_non_verifiable_dans_le_MD,,non,,"Crise issue du recensement des 38 crises du wiki Bitcoin. Le texte annonce le recensement (ch.III l.209) mais les dates individuelles sont portees par la chronologie n°2, une image (media/image8.png, ch.III l.215). Seules 4 des 38 crises sont datees dans le texte courant (n°4 CVE 2010-5139, n°19 CVE 2013-3220, n°24 BIP-0042, CVE 2018-17144)."
63ef4f3d8f584d9b90e351ab7c7c4b39,Hack et faillite MtGox (février 2014),CrisisEvent,date,Février 2014,,assets/MD/03_chapitre_III.md,209,"Grâce aux données de Bitcoin Wiki croisées avec d'autres sources, nous avons répertorié [^45] pas moins de 38 crises entre 2009 et la fin 2019 (cf. chronologie n°2 suivante). Chaque crise répertoriée…",,figure_non_verifiable_dans_le_MD,,non,,"Crise issue du recensement des 38 crises du wiki Bitcoin. Le texte annonce le recensement (ch.III l.209) mais les dates individuelles sont portees par la chronologie n°2, une image (media/image8.png, ch.III l.215). Seules 4 des 38 crises sont datees dans le texte courant (n°4 CVE 2010-5139, n°19 CVE 2013-3220, n°24 BIP-0042, CVE 2018-17144)."
86b6f7211dc94792b7efa288317a811e,Séries China BAN (2013-2021),CrisisEvent,period,2013-2021 (multiple épisodes),,assets/MD/03_chapitre_III.md,209,"Grâce aux données de Bitcoin Wiki croisées avec d'autres sources, nous avons répertorié [^45] pas moins de 38 crises entre 2009 et la fin 2019 (cf. chronologie n°2 suivante). Chaque crise répertoriée…",,figure_non_verifiable_dans_le_MD,,non,,"Crise issue du recensement des 38 crises du wiki Bitcoin. Le texte annonce le recensement (ch.III l.209) mais les dates individuelles sont portees par la chronologie n°2, une image (media/image8.png, ch.III l.215). Seules 4 des 38 crises sont datees dans le texte courant (n°4 CVE 2010-5139, n°19 CVE 2013-3220, n°24 BIP-0042, CVE 2018-17144)."
c8b77447d55c4ff08810620dc9370f67,Genesis Block — Lancement du protocole Bitcoin,CrisisEvent,date,03/01/2009,,assets/MD/01_chapitre_I.md,169,"…opérations de production d'un enregistrement candidat[^51]. À la suite de l'enregistrement de genèse du 3 janvier 2009[^52], chaque nouveau bloc qui devient canonique donne lieu au versement de…",3 janvier 2009,accord,,non,,
dddeabcb23464ee48e9524a6ac71c6eb,CVE-2010-5137 — OP_LSHIFT crash,CrisisEvent,date,28/07/2010,,assets/MD/03_chapitre_III.md,209,"Grâce aux données de Bitcoin Wiki croisées avec d'autres sources, nous avons répertorié [^45] pas moins de 38 crises entre 2009 et la fin 2019 (cf. chronologie n°2 suivante). Chaque crise répertoriée…",,figure_non_verifiable_dans_le_MD,,non,,"Crise issue du recensement des 38 crises du wiki Bitcoin. Le texte annonce le recensement (ch.III l.209) mais les dates individuelles sont portees par la chronologie n°2, une image (media/image8.png, ch.III l.215). Seules 4 des 38 crises sont datees dans le texte courant (n°4 CVE 2010-5139, n°19 CVE 2013-3220, n°24 BIP-0042, CVE 2018-17144)."
d6af94403c654e33a826339a6d612463,CVE-2010-5138 — Unlimited SigOp DoS via OP_CHECKSIG,CrisisEvent,date,29/07/2010,,assets/MD/03_chapitre_III.md,209,"Grâce aux données de Bitcoin Wiki croisées avec d'autres sources, nous avons répertorié [^45] pas moins de 38 crises entre 2009 et la fin 2019 (cf. chronologie n°2 suivante). Chaque crise répertoriée…",,figure_non_verifiable_dans_le_MD,,non,,"Crise issue du recensement des 38 crises du wiki Bitcoin. Le texte annonce le recensement (ch.III l.209) mais les dates individuelles sont portees par la chronologie n°2, une image (media/image8.png, ch.III l.215). Seules 4 des 38 crises sont datees dans le texte courant (n°4 CVE 2010-5139, n°19 CVE 2013-3220, n°24 BIP-0042, CVE 2018-17144)."
7246b452d71d4416b146f62f42a2bb64,CVE-2010-5140 — Never confirming transactions,CrisisEvent,date,29/09/2010,,assets/MD/03_chapitre_III.md,209,"Grâce aux données de Bitcoin Wiki croisées avec d'autres sources, nous avons répertorié [^45] pas moins de 38 crises entre 2009 et la fin 2019 (cf. chronologie n°2 suivante). Chaque crise répertoriée…",,figure_non_verifiable_dans_le_MD,,non,,"Crise issue du recensement des 38 crises du wiki Bitcoin. Le texte annonce le recensement (ch.III l.209) mais les dates individuelles sont portees par la chronologie n°2, une image (media/image8.png, ch.III l.215). Seules 4 des 38 crises sont datees dans le texte courant (n°4 CVE 2010-5139, n°19 CVE 2013-3220, n°24 BIP-0042, CVE 2018-17144)."
3c57e750960e4e97bf6cb2ba79e9f2cd,CVE-2011-4447 — Wallet non-encryption,CrisisEvent,date,11/11/2011,,assets/MD/03_chapitre_III.md,209,"Grâce aux données de Bitcoin Wiki croisées avec d'autres sources, nous avons répertorié [^45] pas moins de 38 crises entre 2009 et la fin 2019 (cf. chronologie n°2 suivante). Chaque crise répertoriée…",,figure_non_verifiable_dans_le_MD,,non,,"Crise issue du recensement des 38 crises du wiki Bitcoin. Le texte annonce le recensement (ch.III l.209) mais les dates individuelles sont portees par la chronologie n°2, une image (media/image8.png, ch.III l.215). Seules 4 des 38 crises sont datees dans le texte courant (n°4 CVE 2010-5139, n°19 CVE 2013-3220, n°24 BIP-0042, CVE 2018-17144)."
a9f76f92c83143479499d10b87c6fe77,CVE-2012-1909 — Transaction overwriting,CrisisEvent,date,07/03/2012,,assets/MD/03_chapitre_III.md,209,"Grâce aux données de Bitcoin Wiki croisées avec d'autres sources, nous avons répertorié [^45] pas moins de 38 crises entre 2009 et la fin 2019 (cf. chronologie n°2 suivante). Chaque crise répertoriée…",,figure_non_verifiable_dans_le_MD,,non,,"Crise issue du recensement des 38 crises du wiki Bitcoin. Le texte annonce le recensement (ch.III l.209) mais les dates individuelles sont portees par la chronologie n°2, une image (media/image8.png, ch.III l.215). Seules 4 des 38 crises sont datees dans le texte courant (n°4 CVE 2010-5139, n°19 CVE 2013-3220, n°24 BIP-0042, CVE 2018-17144)."
522baf7957ec403bb149dd90adb1ba6e,CVE-2012-3789 — (Lack of) orphan txn resource limits,CrisisEvent,date,12/05/2012,,assets/MD/03_chapitre_III.md,209,"Grâce aux données de Bitcoin Wiki croisées avec d'autres sources, nous avons répertorié [^45] pas moins de 38 crises entre 2009 et la fin 2019 (cf. chronologie n°2 suivante). Chaque crise répertoriée…",,figure_non_verifiable_dans_le_MD,,non,,"Crise issue du recensement des 38 crises du wiki Bitcoin. Le texte annonce le recensement (ch.III l.209) mais les dates individuelles sont portees par la chronologie n°2, une image (media/image8.png, ch.III l.215). Seules 4 des 38 crises sont datees dans le texte courant (n°4 CVE 2010-5139, n°19 CVE 2013-3220, n°24 BIP-0042, CVE 2018-17144)."
69b8894ae6764333a270770b1fd661f3,CVE-2012-2459 — Block hash collision (via merkle root),CrisisEvent,date,14/05/2012,,assets/MD/03_chapitre_III.md,209,"Grâce aux données de Bitcoin Wiki croisées avec d'autres sources, nous avons répertorié [^45] pas moins de 38 crises entre 2009 et la fin 2019 (cf. chronologie n°2 suivante). Chaque crise répertoriée…",,figure_non_verifiable_dans_le_MD,,non,,"Crise issue du recensement des 38 crises du wiki Bitcoin. Le texte annonce le recensement (ch.III l.209) mais les dates individuelles sont portees par la chronologie n°2, une image (media/image8.png, ch.III l.215). Seules 4 des 38 crises sont datees dans le texte courant (n°4 CVE 2010-5139, n°19 CVE 2013-3220, n°24 BIP-0042, CVE 2018-17144)."
07328e2856b1462d882bd1a6a7dfdafa,CVE-2012-4683 — Targeted DoS by CPU exhaustion using alerts,CrisisEvent,date,23/08/2012,,assets/MD/03_chapitre_III.md,209,"Grâce aux données de Bitcoin Wiki croisées avec d'autres sources, nous avons répertorié [^45] pas moins de 38 crises entre 2009 et la fin 2019 (cf. chronologie n°2 suivante). Chaque crise répertoriée…",,figure_non_verifiable_dans_le_MD,,non,,"Crise issue du recensement des 38 crises du wiki Bitcoin. Le texte annonce le recensement (ch.III l.209) mais les dates individuelles sont portees par la chronologie n°2, une image (media/image8.png, ch.III l.215). Seules 4 des 38 crises sont datees dans le texte courant (n°4 CVE 2010-5139, n°19 CVE 2013-3220, n°24 BIP-0042, CVE 2018-17144)."
f5fd3b0f03fa4e11af9b54455a81cdd7,CVE-2012-4684 — Network-wide DoS using malleable signatures in alerts,CrisisEvent,date,24/08/2012,,assets/MD/03_chapitre_III.md,209,"Grâce aux données de Bitcoin Wiki croisées avec d'autres sources, nous avons répertorié [^45] pas moins de 38 crises entre 2009 et la fin 2019 (cf. chronologie n°2 suivante). Chaque crise répertoriée…",,figure_non_verifiable_dans_le_MD,,non,,"Crise issue du recensement des 38 crises du wiki Bitcoin. Le texte annonce le recensement (ch.III l.209) mais les dates individuelles sont portees par la chronologie n°2, une image (media/image8.png, ch.III l.215). Seules 4 des 38 crises sont datees dans le texte courant (n°4 CVE 2010-5139, n°19 CVE 2013-3220, n°24 BIP-0042, CVE 2018-17144)."
65b41c49b2244a85ab136ed849d95b6b,CVE-2012-4682 — DOS (manque d'informations),CrisisEvent,date,16/09/2012,,assets/MD/03_chapitre_III.md,209,"Grâce aux données de Bitcoin Wiki croisées avec d'autres sources, nous avons répertorié [^45] pas moins de 38 crises entre 2009 et la fin 2019 (cf. chronologie n°2 suivante). Chaque crise répertoriée…",,figure_non_verifiable_dans_le_MD,,non,,"Crise issue du recensement des 38 crises du wiki Bitcoin. Le texte annonce le recensement (ch.III l.209) mais les dates individuelles sont portees par la chronologie n°2, une image (media/image8.png, ch.III l.215). Seules 4 des 38 crises sont datees dans le texte courant (n°4 CVE 2010-5139, n°19 CVE 2013-3220, n°24 BIP-0042, CVE 2018-17144)."
ce0f6a5e811447c8ba4674075a6cf057,CVE-2013-2293 — Continuous hard disk seek,CrisisEvent,date,09/01/2013,,assets/MD/03_chapitre_III.md,209,"Grâce aux données de Bitcoin Wiki croisées avec d'autres sources, nous avons répertorié [^45] pas moins de 38 crises entre 2009 et la fin 2019 (cf. chronologie n°2 suivante). Chaque crise répertoriée…",,figure_non_verifiable_dans_le_MD,,non,,"Crise issue du recensement des 38 crises du wiki Bitcoin. Le texte annonce le recensement (ch.III l.209) mais les dates individuelles sont portees par la chronologie n°2, une image (media/image8.png, ch.III l.215). Seules 4 des 38 crises sont datees dans le texte courant (n°4 CVE 2010-5139, n°19 CVE 2013-3220, n°24 BIP-0042, CVE 2018-17144)."
ee9911c3aa4c435582ccca09979c5000,CVE-2013-2272 — Remote discovery of node's wallet addresses,CrisisEvent,date,11/01/2013,,assets/MD/03_chapitre_III.md,209,"Grâce aux données de Bitcoin Wiki croisées avec d'autres sources, nous avons répertorié [^45] pas moins de 38 crises entre 2009 et la fin 2019 (cf. chronologie n°2 suivante). Chaque crise répertoriée…",,figure_non_verifiable_dans_le_MD,,non,,"Crise issue du recensement des 38 crises du wiki Bitcoin. Le texte annonce le recensement (ch.III l.209) mais les dates individuelles sont portees par la chronologie n°2, une image (media/image8.png, ch.III l.215). Seules 4 des 38 crises sont datees dans le texte courant (n°4 CVE 2010-5139, n°19 CVE 2013-3220, n°24 BIP-0042, CVE 2018-17144)."
896936e6d50b46f89947a60e01aa584a,CVE-2013-2292 — A transaction that takes at least 3 minutes to verify,CrisisEvent,date,30/01/2013,,assets/MD/03_chapitre_III.md,209,"Grâce aux données de Bitcoin Wiki croisées avec d'autres sources, nous avons répertorié [^45] pas moins de 38 crises entre 2009 et la fin 2019 (cf. chronologie n°2 suivante). Chaque crise répertoriée…",,figure_non_verifiable_dans_le_MD,,non,,"Crise issue du recensement des 38 crises du wiki Bitcoin. Le texte annonce le recensement (ch.III l.209) mais les dates individuelles sont portees par la chronologie n°2, une image (media/image8.png, ch.III l.215). Seules 4 des 38 crises sont datees dans le texte courant (n°4 CVE 2010-5139, n°19 CVE 2013-3220, n°24 BIP-0042, CVE 2018-17144)."
580caacd80b14170b0d6dc071106071b,CVE-2013-2273 — Predictable change output,CrisisEvent,date,30/01/2013,,assets/MD/03_chapitre_III.md,209,"Grâce aux données de Bitcoin Wiki croisées avec d'autres sources, nous avons répertorié [^45] pas moins de 38 crises entre 2009 et la fin 2019 (cf. chronologie n°2 suivante). Chaque crise répertoriée…",,figure_non_verifiable_dans_le_MD,,non,,"Crise issue du recensement des 38 crises du wiki Bitcoin. Le texte annonce le recensement (ch.III l.209) mais les dates individuelles sont portees par la chronologie n°2, une image (media/image8.png, ch.III l.215). Seules 4 des 38 crises sont datees dans le texte courant (n°4 CVE 2010-5139, n°19 CVE 2013-3220, n°24 BIP-0042, CVE 2018-17144)."
0d3e806ee1f94421b7ff458eedc65ffa,CVE-2013-3219 — Unenforced block protocol rule,CrisisEvent,date,11/03/2013,,assets/MD/03_chapitre_III.md,209,"Grâce aux données de Bitcoin Wiki croisées avec d'autres sources, nous avons répertorié [^45] pas moins de 38 crises entre 2009 et la fin 2019 (cf. chronologie n°2 suivante). Chaque crise répertoriée…",,figure_non_verifiable_dans_le_MD,,non,,"Crise issue du recensement des 38 crises du wiki Bitcoin. Le texte annonce le recensement (ch.III l.209) mais les dates individuelles sont portees par la chronologie n°2, une image (media/image8.png, ch.III l.215). Seules 4 des 38 crises sont datees dans le texte courant (n°4 CVE 2010-5139, n°19 CVE 2013-3220, n°24 BIP-0042, CVE 2018-17144)."
eb0766a0711945a08d6e4c526615bfd7,CVE-2013-4627 — Memory exhaustion with excess tx message data,CrisisEvent,date,08/02/2013,,assets/MD/03_chapitre_III.md,209,"Grâce aux données de Bitcoin Wiki croisées avec d'autres sources, nous avons répertorié [^45] pas moins de 38 crises entre 2009 et la fin 2019 (cf. chronologie n°2 suivante). Chaque crise répertoriée…",,figure_non_verifiable_dans_le_MD,,non,,"Crise issue du recensement des 38 crises du wiki Bitcoin. Le texte annonce le recensement (ch.III l.209) mais les dates individuelles sont portees par la chronologie n°2, une image (media/image8.png, ch.III l.215). Seules 4 des 38 crises sont datees dans le texte courant (n°4 CVE 2010-5139, n°19 CVE 2013-3220, n°24 BIP-0042, CVE 2018-17144)."
78dcb8a0af094eb0a1cea842f7f97212,CVE-2013-4165 — Timing leak in RPC authentication,CrisisEvent,date,20/07/2013,,assets/MD/03_chapitre_III.md,209,"Grâce aux données de Bitcoin Wiki croisées avec d'autres sources, nous avons répertorié [^45] pas moins de 38 crises entre 2009 et la fin 2019 (cf. chronologie n°2 suivante). Chaque crise répertoriée…",,figure_non_verifiable_dans_le_MD,,non,,"Crise issue du recensement des 38 crises du wiki Bitcoin. Le texte annonce le recensement (ch.III l.209) mais les dates individuelles sont portees par la chronologie n°2, une image (media/image8.png, ch.III l.215). Seules 4 des 38 crises sont datees dans le texte courant (n°4 CVE 2010-5139, n°19 CVE 2013-3220, n°24 BIP-0042, CVE 2018-17144)."
00586d082e964abab5d9f45c73948400,CVE-2013-5700 — Remote p2p crash via bloom filters,CrisisEvent,date,04/09/2013,,assets/MD/03_chapitre_III.md,209,"Grâce aux données de Bitcoin Wiki croisées avec d'autres sources, nous avons répertorié [^45] pas moins de 38 crises entre 2009 et la fin 2019 (cf. chronologie n°2 suivante). Chaque crise répertoriée…",,figure_non_verifiable_dans_le_MD,,non,,"Crise issue du recensement des 38 crises du wiki Bitcoin. Le texte annonce le recensement (ch.III l.209) mais les dates individuelles sont portees par la chronologie n°2, une image (media/image8.png, ch.III l.215). Seules 4 des 38 crises sont datees dans le texte courant (n°4 CVE 2010-5139, n°19 CVE 2013-3220, n°24 BIP-0042, CVE 2018-17144)."
ca278d213d804294a2c5a672d52808e4,CVE-2014-0160 — Remote memory leak via payment protocol (Heartbleed),CrisisEvent,date,04/07/2014,,assets/MD/03_chapitre_III.md,209,"Grâce aux données de Bitcoin Wiki croisées avec d'autres sources, nous avons répertorié [^45] pas moins de 38 crises entre 2009 et la fin 2019 (cf. chronologie n°2 suivante). Chaque crise répertoriée…",,figure_non_verifiable_dans_le_MD,,non,,"Crise issue du recensement des 38 crises du wiki Bitcoin. Le texte annonce le recensement (ch.III l.209) mais les dates individuelles sont portees par la chronologie n°2, une image (media/image8.png, ch.III l.215). Seules 4 des 38 crises sont datees dans le texte courant (n°4 CVE 2010-5139, n°19 CVE 2013-3220, n°24 BIP-0042, CVE 2018-17144)."
d1961d60a3fc43bb996bf52e14c24193,BIP-66 — Strict DER signatures — Fake Conf & Chain Split,CrisisEvent,date,04/07/2015,,assets/MD/03_chapitre_III.md,209,"Grâce aux données de Bitcoin Wiki croisées avec d'autres sources, nous avons répertorié [^45] pas moins de 38 crises entre 2009 et la fin 2019 (cf. chronologie n°2 suivante). Chaque crise répertoriée…",,figure_non_verifiable_dans_le_MD,,non,,"Crise issue du recensement des 38 crises du wiki Bitcoin. Le texte annonce le recensement (ch.III l.209) mais les dates individuelles sont portees par la chronologie n°2, une image (media/image8.png, ch.III l.215). Seules 4 des 38 crises sont datees dans le texte courant (n°4 CVE 2010-5139, n°19 CVE 2013-3220, n°24 BIP-0042, CVE 2018-17144)."
5062acdef7964498a764823149c32127,CVE-2015-3641 — OOM via p2p — Unspecified yet,CrisisEvent,date,27/06/2015,,assets/MD/03_chapitre_III.md,209,"Grâce aux données de Bitcoin Wiki croisées avec d'autres sources, nous avons répertorié [^45] pas moins de 38 crises entre 2009 et la fin 2019 (cf. chronologie n°2 suivante). Chaque crise répertoriée…",,figure_non_verifiable_dans_le_MD,,non,,"Crise issue du recensement des 38 crises du wiki Bitcoin. Le texte annonce le recensement (ch.III l.209) mais les dates individuelles sont portees par la chronologie n°2, une image (media/image8.png, ch.III l.215). Seules 4 des 38 crises sont datees dans le texte courant (n°4 CVE 2010-5139, n°19 CVE 2013-3220, n°24 BIP-0042, CVE 2018-17144)."
6daefcd122a24b3589c41fcddd3732aa,BIP-65 — Soft fork: OP_CHECKLOCKTIMEVERIFY,CrisisEvent,date,12/11/2015,,assets/MD/03_chapitre_III.md,209,"Grâce aux données de Bitcoin Wiki croisées avec d'autres sources, nous avons répertorié [^45] pas moins de 38 crises entre 2009 et la fin 2019 (cf. chronologie n°2 suivante). Chaque crise répertoriée…",,figure_non_verifiable_dans_le_MD,,non,,"Crise issue du recensement des 38 crises du wiki Bitcoin. Le texte annonce le recensement (ch.III l.209) mais les dates individuelles sont portees par la chronologie n°2, une image (media/image8.png, ch.III l.215). Seules 4 des 38 crises sont datees dans le texte courant (n°4 CVE 2010-5139, n°19 CVE 2013-3220, n°24 BIP-0042, CVE 2018-17144)."
1aa79f912b8c4aadb5bde9c7435b32d0,"BIPs 68, 112 & 113 — Soft forks: Rel locktime, CSV & MTP locktime",CrisisEvent,date,11/04/2016,,assets/MD/03_chapitre_III.md,209,"Grâce aux données de Bitcoin Wiki croisées avec d'autres sources, nous avons répertorié [^45] pas moins de 38 crises entre 2009 et la fin 2019 (cf. chronologie n°2 suivante). Chaque crise répertoriée…",,figure_non_verifiable_dans_le_MD,,non,,"Crise issue du recensement des 38 crises du wiki Bitcoin. Le texte annonce le recensement (ch.III l.209) mais les dates individuelles sont portees par la chronologie n°2, une image (media/image8.png, ch.III l.215). Seules 4 des 38 crises sont datees dans le texte courant (n°4 CVE 2010-5139, n°19 CVE 2013-3220, n°24 BIP-0042, CVE 2018-17144)."
5656bd5a2f974bbdb8d82530cdf936f3,CVE-2016-8889 — Debug console history storing sensitive info,CrisisEvent,date,27/10/2016,,assets/MD/03_chapitre_III.md,209,"Grâce aux données de Bitcoin Wiki croisées avec d'autres sources, nous avons répertorié [^45] pas moins de 38 crises entre 2009 et la fin 2019 (cf. chronologie n°2 suivante). Chaque crise répertoriée…",,figure_non_verifiable_dans_le_MD,,non,,"Crise issue du recensement des 38 crises du wiki Bitcoin. Le texte annonce le recensement (ch.III l.209) mais les dates individuelles sont portees par la chronologie n°2, une image (media/image8.png, ch.III l.215). Seules 4 des 38 crises sont datees dans le texte courant (n°4 CVE 2010-5139, n°19 CVE 2013-3220, n°24 BIP-0042, CVE 2018-17144)."
f979ff6cc3cd4861b1de30ec72463c7c,BIP-148 — Soft fork: SegWit UASF,CrisisEvent,date,12/03/2017,,assets/MD/03_chapitre_III.md,209,"Grâce aux données de Bitcoin Wiki croisées avec d'autres sources, nous avons répertorié [^45] pas moins de 38 crises entre 2009 et la fin 2019 (cf. chronologie n°2 suivante). Chaque crise répertoriée…",,figure_non_verifiable_dans_le_MD,,non,,"Crise issue du recensement des 38 crises du wiki Bitcoin. Le texte annonce le recensement (ch.III l.209) mais les dates individuelles sont portees par la chronologie n°2, une image (media/image8.png, ch.III l.215). Seules 4 des 38 crises sont datees dans le texte courant (n°4 CVE 2010-5139, n°19 CVE 2013-3220, n°24 BIP-0042, CVE 2018-17144)."
232fdda1778043d9b168884c0caad3a5,CVE-2017-12842 — No commitment to block merkle tree depth,CrisisEvent,date,09/06/2018,,assets/MD/03_chapitre_III.md,209,"Grâce aux données de Bitcoin Wiki croisées avec d'autres sources, nous avons répertorié [^45] pas moins de 38 crises entre 2009 et la fin 2019 (cf. chronologie n°2 suivante). Chaque crise répertoriée…",,figure_non_verifiable_dans_le_MD,,non,,"Crise issue du recensement des 38 crises du wiki Bitcoin. Le texte annonce le recensement (ch.III l.209) mais les dates individuelles sont portees par la chronologie n°2, une image (media/image8.png, ch.III l.215). Seules 4 des 38 crises sont datees dans le texte courant (n°4 CVE 2010-5139, n°19 CVE 2013-3220, n°24 BIP-0042, CVE 2018-17144)."
cfdb999d9b1c4989b7424a931fef16c4,CVE-2016-10724 & CVE-2016-10725 — Alert system — Memory exhaustion & Final alert cancellation,CrisisEvent,date,02/07/2018,,assets/MD/03_chapitre_III.md,209,"Grâce aux données de Bitcoin Wiki croisées avec d'autres sources, nous avons répertorié [^45] pas moins de 38 crises entre 2009 et la fin 2019 (cf. chronologie n°2 suivante). Chaque crise répertoriée…",,figure_non_verifiable_dans_le_MD,,non,,"Crise issue du recensement des 38 crises du wiki Bitcoin. Le texte annonce le recensement (ch.III l.209) mais les dates individuelles sont portees par la chronologie n°2, une image (media/image8.png, ch.III l.215). Seules 4 des 38 crises sont datees dans le texte courant (n°4 CVE 2010-5139, n°19 CVE 2013-3220, n°24 BIP-0042, CVE 2018-17144)."
fc33fb06d95b42a09a1e08dae5fe8c87,CVE-2017-18350 — Buffer overflow from SOCKS proxy,CrisisEvent,date,22/06/2019,,assets/MD/03_chapitre_III.md,209,"Grâce aux données de Bitcoin Wiki croisées avec d'autres sources, nous avons répertorié [^45] pas moins de 38 crises entre 2009 et la fin 2019 (cf. chronologie n°2 suivante). Chaque crise répertoriée…",,figure_non_verifiable_dans_le_MD,,non,,"Crise issue du recensement des 38 crises du wiki Bitcoin. Le texte annonce le recensement (ch.III l.209) mais les dates individuelles sont portees par la chronologie n°2, une image (media/image8.png, ch.III l.215). Seules 4 des 38 crises sont datees dans le texte courant (n°4 CVE 2010-5139, n°19 CVE 2013-3220, n°24 BIP-0042, CVE 2018-17144)."
eeece02d7bd2411f94b4cffa2d816367,BIP-0034 — Mandatory block protocol update (Height in coinbase),CrisisEvent,date,24/03/2013,,assets/MD/03_chapitre_III.md,209,"Grâce aux données de Bitcoin Wiki croisées avec d'autres sources, nous avons répertorié [^45] pas moins de 38 crises entre 2009 et la fin 2019 (cf. chronologie n°2 suivante). Chaque crise répertoriée…",,figure_non_verifiable_dans_le_MD,,non,,"Crise issue du recensement des 38 crises du wiki Bitcoin. Le texte annonce le recensement (ch.III l.209) mais les dates individuelles sont portees par la chronologie n°2, une image (media/image8.png, ch.III l.215). Seules 4 des 38 crises sont datees dans le texte courant (n°4 CVE 2010-5139, n°19 CVE 2013-3220, n°24 BIP-0042, CVE 2018-17144)."
170ed4f7fcfb4531b7c872cb84cc8f80,CVE-2015-6031 — MiniUPnPc buffer overflow (LAN),CrisisEvent,date,15/09/2015,,assets/MD/03_chapitre_III.md,209,"Grâce aux données de Bitcoin Wiki croisées avec d'autres sources, nous avons répertorié [^45] pas moins de 38 crises entre 2009 et la fin 2019 (cf. chronologie n°2 suivante). Chaque crise répertoriée…",,figure_non_verifiable_dans_le_MD,,non,,"Crise issue du recensement des 38 crises du wiki Bitcoin. Le texte annonce le recensement (ch.III l.209) mais les dates individuelles sont portees par la chronologie n°2, une image (media/image8.png, ch.III l.215). Seules 4 des 38 crises sont datees dans le texte courant (n°4 CVE 2010-5139, n°19 CVE 2013-3220, n°24 BIP-0042, CVE 2018-17144)."
d25e5ffe06df4701bfc3755bdc9d1b31,"BIPs 141, 143 & 147 — Soft fork: SegWit",CrisisEvent,date,27/10/2016,,assets/MD/03_chapitre_III.md,209,"Grâce aux données de Bitcoin Wiki croisées avec d'autres sources, nous avons répertorié [^45] pas moins de 38 crises entre 2009 et la fin 2019 (cf. chronologie n°2 suivante). Chaque crise répertoriée…",,figure_non_verifiable_dans_le_MD,,non,,"Crise issue du recensement des 38 crises du wiki Bitcoin. Le texte annonce le recensement (ch.III l.209) mais les dates individuelles sont portees par la chronologie n°2, une image (media/image8.png, ch.III l.215). Seules 4 des 38 crises sont datees dans le texte courant (n°4 CVE 2010-5139, n°19 CVE 2013-3220, n°24 BIP-0042, CVE 2018-17144)."
5d58d0b8ec2440059a6be390aa1bdfe6,Mist,ActorNonHuman,launchYear,2015,,,,,,absent_du_texte,,non,,Mist (navigateur/portefeuille Ethereum) : aucune occurrence dans la these (les correspondances brutes de « mist » sont des sous-chaines de mots francais).
6661cad88f9145a6ad28d6c30840ef00,Mt. Gox,InfrastructureEvent,date,2010,Sedgwick 2018b ; Sedgwick 2019g ; Sedgwick 2019h,assets/MD/01_chapitre_I.md,271,"Avant MtGox et sans espace de conversion suffisant, la valeur des UCN se fait dilemme de la « *poule et de l'œuf* » puisque sans valeur, pas d'acceptation en échange et sans échanges, pas…",,absent_du_texte,,non,,MtGox est omnipresent mais sa date de creation (2010 dans le graphe) n'est jamais ecrite. Le texte dit seulement que son apparition marque un tournant.
d969f6bc7b0444db8d228a13173b1b74,WikiLeaks,Organization,date,2011-06-14,"Banque de France 2013, p. 4 ; Sedgwick 2019e",assets/MD/01_chapitre_I.md,271,"…l'illustre sa poussée à 1\$14 suite à la publication d'un article de *Forbes* le concernant en avril 2011 (Greenberg 2011)... ou sa multiplication par 8 le 14 juin, suite à l'annonce très médiatique…",avril 2011 (article Forbes) ; « début 2011 » (parité),absent_du_texte,,non,,"Le graphe date l'entite WikiLeaks au 2011-06-14 (episode de prix x8). Le texte cite WikiLeaks (ch.I l.271, l.277, l.293) mais jamais le 14 juin 2011 : cette date ne repose que sur la chronologie figuree."
39fdc0aac1f74b8daad7a5227b99c8a5,InfrastructureEvent — Démantèlement de Silk Road,InfrastructureEvent,date,2013-10-02,,assets/MD/01_chapitre_I.md,281,"…: l'écho du premier article sur Silk Road de Chen (2011) conduit, fin 2013, à la saisie du site et à l'arrestation du créateur (Musiani, Mallard et Méadel 2018, p. 145). Cela précipite le…",fin 2013,accord_granularite_differente,,non,,Le graphe porte 2013-10-02 ; la these dit « fin 2013 » sans jour ni mois.
0ec8d4683eb14f49a2b5dd37ac2c8858,InfrastructureEvent — Bitcoin Faucet,InfrastructureEvent,date,2010-06,,assets/MD/01_chapitre_I.md,269,"…l'activité minière et à ces opérateurs. Pour toucher de nouveaux usagers, G. Andresen lance en juin 2010 le premier site de « *Faucet* », dont les visiteurs reçoivent gratuitement des UCN [(50 BTC…",juin 2010,accord,,non,,
20dac14d83a2433fae0c7392e380bf6e,BitcoinMarket exchange launch,InfrastructureEvent,date,2010-03-17,Sedgwick 2018b,assets/MD/01_chapitre_I.md,609,"…[(Sedgwick 2019h)](https://www.zotero.org/google-docs/?3tnwbk). « Bitcoinmarket.com », lancé le 17 mars 2010, est la première bourse d'échange (Sedgwick 2018b) et s'érige en première cotation…",17 mars 2010,accord,,non,,
a2202dfdedd543b1a937ca4759b26b4d,Cyprus banking crisis Bitcoin spike,InfrastructureEvent,date,2013-03,,,,,,figure_non_verifiable_dans_le_MD,,non,,La crise bancaire chypriote et le pic de prix associe n'apparaissent pas dans le texte courant des 8 fichiers FR. La date 2013-03 ne repose que sur la chronologie figuree du ch. I.2.
5dfe15f31a89483aae5b75e1e60fc5ef,GPU mining emergence,InfrastructureEvent,date,2010-07,,assets/MD/01_chapitre_I.md,269,"…fin 2010) et la compétition accrue oppose des machines de plus en plus spécialisées (GPU, FGPA puis ASICS ; Sedgwick 2019c; cf. section suivante). Aussi, ouvrir d'autres voies d'accès à Bitcoin…",,figure_non_verifiable_dans_le_MD,,non,,Le texte mentionne la succession GPU/FPGA/ASIC (ch.I l.269) sans la dater. 2010-07 ne repose que sur la chronologie figuree.
7f80094676fd44a785c6483dbee4f8c5,Mining pools emergence,InfrastructureEvent,date,2011-01,,assets/MD/01_chapitre_I.md,269,"…l'activité devient collective, suivant la constitution de coopératives (« pools », apparues fin 2010) et la compétition accrue oppose des machines de plus en plus spécialisées (GPU,…",fin 2010,desaccord_non_arbitrable,,oui,"Le graphe date l'emergence des pools a 2011-01 ; la these ecrit « (« pools », apparues fin 2010) » (ch.I l.269) et date la premiere pool, Slush, au 27 novembre 2010 (ch.I l.315). Faut-il ramener l'emergence a fin 2010 ?",Deux lectures possibles : « fin 2010 » (apparition) ou janvier 2011 (generalisation). Le texte ne tranche pas.
4e1cf0998d754fef8d8ace2d4daad389,BitPay merchant payment processor,InfrastructureEvent,date,2011-05,,assets/MD/01_chapitre_I.md,619,"…Implémentée dans la version logicielle Bitcoin d'avril 2013, elle est intégrée dès août par l'entreprise BitGo dans une solution de garde (O'Brien 2014) et essaime (Bitpay, Coinbase,…",,figure_non_verifiable_dans_le_MD,,non,,BitPay est cite (ch.I l.619 ; ch.II l.567) sans date de lancement. 2011-05 ne repose que sur la chronologie figuree.
1dc7f42c96c142b2a30e7c36f5c6b290,ASIC mining introduction,InfrastructureEvent,date,2013,,assets/MD/01_chapitre_I.md,269,"…fin 2010) et la compétition accrue oppose des machines de plus en plus spécialisées (GPU, FGPA puis ASICS ; Sedgwick 2019c; cf. section suivante). Aussi, ouvrir d'autres voies d'accès à Bitcoin…",,figure_non_verifiable_dans_le_MD,,non,,L'introduction du minage ASIC n'est pas datee dans le texte courant. 2013 ne repose que sur la chronologie figuree.
3f908f24165e4c248f55a7f93baab9d6,First Bitcoin halving,InfrastructureEvent,date,2012-11,,,,,,figure_non_verifiable_dans_le_MD,,non,,"Le premier halving n'est pas date dans le texte courant (le mot n'apparait qu'en bibliographie, l.1056). 2012-11 ne repose que sur la chronologie figuree."
70d79dda054d462086a5472657b011a7,InfrastructureEvent — Genesis Block / lancement du protocole,InfrastructureEvent,date,2009-01-03,Thèse — Chronologie 2 (p.88),assets/MD/01_chapitre_I.md,169,"…opérations de production d'un enregistrement candidat[^51]. À la suite de l'enregistrement de genèse du 3 janvier 2009[^52], chaque nouveau bloc qui devient canonique donne lieu au versement de…",3 janvier 2009,accord,,non,,Doublon fonctionnel de l'entite #26 (Genesis Block CrisisEvent).
4f7fd6dcbdc349a08df4b66d92cb9cdc,InfrastructureEvent — Nakamoto introduces block size limit,InfrastructureEvent,date,2010-07-15,Thèse — Chronologie 2 (p.88),assets/MD/01_chapitre_I.md,327,"…de « *verrous de base de données* ») était passée inaperçue[^104]. La limite de 1 Mo n'a été introduite que le 15 juillet 2010[^105] et fut dissimulée par Nakamoto (Apodaca 2015), qui demande…",15 juillet 2010,accord,,non,,
5b8c5959b2114befb0021a2c5d416e6f,InfrastructureEvent — First soft fork (Value overflow bug fix),InfrastructureEvent,date,2010-07-28,Thèse — Chronologie 2 (p.88),assets/MD/03_chapitre_III.md,221,"…c'est S. Nakamoto et les premiers développeurs qui se chargeront de la remise en ordre. Le 15 août, un « *enregistrement étrange* \[, le\] *74638* »[^47] est pointé par J. Garzik sur…",août 2010 (« Le 15 août »),desaccord_non_arbitrable,~13 jours,oui,"Le graphe date le premier soft fork correctif (bug Value Overflow) au 2010-07-28, soit AVANT l'apparition du bogue que la these situe au 15 aout 2010. Le 28/07/2010 est-il une confusion avec CVE-2010-5137 (OP_LSHIFT, meme date dans le graphe) ?",INCOHERENCE D'ORDRE : le correctif est date avant le bogue qu'il corrige. Le texte ne date pas le correctif ; il date le bogue au 15 aout 2010.
0d81bba0461d49a5af8997a20663d630,InfrastructureEvent — BitcoinTalk forum created,InfrastructureEvent,date,2010-11-22,Thèse — Chronologie 2 (p.88),assets/MD/01_chapitre_I.md,113,"…l'enregistrement de genèse\*, enregistre le nom de domaine Bitcoin.org[^11] et fonde le forum *Bitcointalk*[^12], sur lequel il reste actif jusqu'au 12 décembre 2010 (Champagne 2014).…",janvier 2009,desaccord_non_arbitrable,~1 an et 10 mois,oui,"Le graphe porte DEUX dates pour la creation de Bitcointalk : 2010-11-22 (cette entite) et 2009-11-22 (entite #85). Le texte dit « janvier 2009 » (ch.I l.113), ce que sa propre note 12 (l.483) contredit en datant de mai 2009 le forum ANTERIEUR. Quelle date retenir, et faut-il fusionner les deux entites ?","DOUBLON DANS LE GRAPHE + contradiction interne a la these. Trois dates en presence : janvier 2009 (texte), 2009-11-22 et 2010-11-22 (graphe)."
4d123d178412441bbf33bfa8240e9c3c,InfrastructureEvent — First public French info site Bitcoin.fr,InfrastructureEvent,date,2010-12-23,Thèse — Chronologie 2 (p.88),assets/MD/01_chapitre_I.md,271,"…cercle des Bitcoiners. À côté de Bitcointalk, des médias spécialisés sont apparus (*WeUseCoins,* crypto.fr) qui, s'ils émanent encore de membres d'une communauté Bitcoin grandissante, seront de…",,figure_non_verifiable_dans_le_MD,,non,,"Bitcoin.fr est cite 12 fois dans la these (dont ch.I l.251, l.281 comme source de chronologie) mais sa date de creation n'y figure pas. 2010-12-23 ne repose que sur la chronologie n°2 (p.88), une image."
a494e3afcd4e41b5bc9a178c8c96483c,InfrastructureEvent — Bitcoin Improvement Proposals standardization,InfrastructureEvent,date,2011-08-19,Thèse — Chronologie 2 (p.88),assets/MD/01_chapitre_I.md,267,"…et de proposer des modifications protocolaires est tôt encadré, avec la mise en place en 2011 des « *Bitcoin Improvement Proposals* », ou « BIP »[^72], par exemple (cf. Chap. III). Ce sont eux aussi…",2011,accord_granularite_differente,,non,,Le graphe porte 2011-08-19 ; le texte ne donne que l'annee (ch.I l.267 ; ch.III l.449 « dès 2011 »).
45cd642a1b8b411092e611c51acdb791,InfrastructureEvent — First Bitcoin halving,InfrastructureEvent,date,2012-11-28,Thèse — Chronologie 2 (p.88),,,,,figure_non_verifiable_dans_le_MD,,non,,Doublon de #69. Le premier halving n'est pas date dans le texte courant ; 2012-11-28 ne repose que sur la chronologie n°2 (p.88).
6c9b59cca3a544afac57f19fac6e0393,InfrastructureEvent — Bitcoin Foundation creation,InfrastructureEvent,date,2012-09-27,Thèse — Chronologie 2 (p.88),assets/MD/01_chapitre_I.md,627,"…et les dons reçus par les contributeurs volontaires. La Fondation Bitcoin, société à but non lucratif créée fin 2012, représente une tentative d'acteurs de l'écosystème d'instituer une…",fin 2012,accord_granularite_differente,,non,,"Le graphe porte 2012-09-27 ; la these dit « fin 2012 » (note 84, l.627 ; egalement l.281 « fin 2012 est lancée la « Fondation Bitcoin » »). « Fin 2012 » et le 27 septembre sont en tension legere mais non contradictoires."
db5981176f4948e29da8342ed543bc5f,InfrastructureEvent — Cyprus banking crisis (price episode),InfrastructureEvent,date,2013-03,Thèse — Chronologie 2 (p.88),,,,,figure_non_verifiable_dans_le_MD,,non,,Doublon de #64 ; la crise chypriote n'apparait pas dans le texte courant FR.
92481a368bd24325a8990decb62e666b,InfrastructureEvent — Nakamoto réserve le nom de domaine bitcoin.org,InfrastructureEvent,date,2008-07-18,Thèse — Chronologie (figure) Chapitre I.2,assets/MD/01_chapitre_I.md,265,"…les acteurs qui prendraient part à la constitution de son réseau*.* La date du 18 juillet 2008, retenue par notre chronologie, correspond à celle choisie par Nakamoto pour déposer le nom de…",18 juillet 2008,accord,,oui,"La these porte deux dates pour le depot de bitcoin.org : « 18 juillet 2008 » dans le corps (ch.I l.265, explicitement « retenue par notre chronologie ») et « le 18 août 2008 » dans la note 11 (l.481, citant Ducree 2022 et whois). Le graphe suit le corps. Voulez-vous conserver ce choix et signaler la note ?",Le corps arbitre explicitement ; la note cite une source divergente. Aucune erreur du graphe.
ab2449a123164aa3adff6b180035c327,InfrastructureEvent — Publication du WP Bitcoin (mailing list),InfrastructureEvent,date,2008-10-31,Thèse — Chronologie (figure) Chapitre I.2,assets/MD/01_chapitre_I.md,113,"…: Un système de cash électronique pair-à-pair* »[^9] - prend la forme d'un court WP, publié le 31 octobre 2008 sous le pseudonyme de Nakamoto (Nakamoto 2008b), d'abord diffusé dans un cercle…",31 octobre 2008,accord,,non,,
031391f624304483a4b820df6efea622,InfrastructureEvent — Nakamoto annonce une liste de diffusion dédiée (SourceForge),InfrastructureEvent,date,2008-12-10,Thèse — Chronologie (figure) Chapitre I.2,assets/MD/01_chapitre_I.md,483,"…annonce la création de ce nouveau forum dédié en remplacement de l'ancien, lancé en mai 2009 et hébergé sur sourceforge.net (<http://bitcoin.sourceforge.net/boards/index.php>, site aujourd'hui…",mai 2009 (forum SourceForge),desaccord_non_arbitrable,~5 mois,oui,"Le graphe date l'annonce d'une liste de diffusion dediee sur SourceForge au 2008-12-10 ; la seule mention textuelle d'un espace SourceForge anterieur (note 12, ch.I l.483) le date de « mai 2009 ». S'agit-il de deux objets differents (liste de diffusion vs forum) ?","La note 12 parle d'un FORUM sourceforge lance en mai 2009, pas d'une liste de diffusion. Objets possiblement distincts ; la date du graphe n'est adossee qu'a la chronologie figuree du ch. I.2."
6c92b4f54bb54499b7e2d2c0625fccf7,InfrastructureEvent — Publication du code Bitcoin v0.1,InfrastructureEvent,date,2009-01-09,Thèse — Chronologie (figure) Chapitre I.2,assets/MD/01_chapitre_I.md,305,"…accessible par un client logiciel unique, Bitcoin QT dans sa version 0.1, publiée le 9 janvier 2009 et rédigée en langage de programmation C++[^94]. Tout utilisateur participe *à* et…",9 janvier 2009,accord,,non,,Voir #10 : le ch.III l.61 dit « février 2009 » pour la meme publication.
fb0bb535e9014c58b7fb73151258f67b,InfrastructureEvent — Première transaction Bitcoin (Nakamoto → Finney),InfrastructureEvent,date,2009-01-12,Thèse — Chronologie (figure) Chapitre I.2,assets/MD/01_chapitre_I.md,265,"…À l'image de cette période, les enregistrements restent vides jusqu'au 12 janvier 2009, date de la première transaction de 10 BTC, réalisée entre Nakamoto et le cypherpunk reconnu H. Finney[^70]…",12 janvier 2009,accord,,non,,
66a591458af644a9a0a83a0565e02488,InfrastructureEvent — Premier échange BTC/$ (NewLibertyStandard),InfrastructureEvent,date,2009-10-05,Thèse — Chronologie (figure) Chapitre I.2,assets/MD/01_chapitre_I.md,609,"[^75]: Le premier échange de BTC contre de la monnaie nationale a lieu le 12 octobre 2009 entre Martti Malmi et « *NewLibertyStandard* » (vente de 5 050 BTC pour 5,02 \$) et le règlement passe par…",12 octobre 2009,two_distinct_events_possible,7 jours,oui,"Le graphe date le « Premier echange BTC/$ (NewLibertyStandard) » au 05/10/2009 ; la these (note 75, ch.I l.609) date le premier echange BTC contre monnaie nationale au 12 octobre 2009 (Malmi vend 5 050 BTC pour 5,02 $). Les deux dates peuvent decrire deux actes : publication du premier taux de change (05/10) et premiere transaction effective (12/10). Faut-il dedoubler l'evenement ?","NE PAS FORCER EN CONTRADICTION. La these date aussi (note 78, l.615) la modelisation du prix par NewLibertyStandard a « fevrier 2010 » — soit un troisieme acte."
06ac37fc6cf24af49ec79ec265159ad8,InfrastructureEvent — Nakamoto crée le forum Bitcointalk,InfrastructureEvent,date,2009-11-22,Thèse — Chronologie (figure) Chapitre I.2,assets/MD/01_chapitre_I.md,113,"…l'enregistrement de genèse\*, enregistre le nom de domaine Bitcoin.org[^11] et fonde le forum *Bitcointalk*[^12], sur lequel il reste actif jusqu'au 12 décembre 2010 (Champagne 2014).…",janvier 2009,desaccord_these_probablement_fausse,~10 mois,oui,"Le corps (ch.I l.113) date la fondation de Bitcointalk de « janvier 2009 » ; sa propre note 12 (l.483) dit que Nakamoto « annonce la création de ce nouveau forum dédié en remplacement de l'ancien, lancé en mai 2009 » — Bitcointalk est donc necessairement posterieur a mai 2009. Le graphe porte le 22/11/2009. Confirmez-vous que « janvier 2009 » vise le forum SourceForge anterieur et non Bitcointalk ?",Le texte se contredit lui-meme ; le graphe est coherent avec la note 12. Voir aussi #73 (doublon date 2010-11-22).
4443393ff9094574a7c2adcd5fc96162,InfrastructureEvent — Proposition du ticker BTC,InfrastructureEvent,date,2010-02-05,Thèse — Chronologie (figure) Chapitre I.2,,,,,figure_non_verifiable_dans_le_MD,,non,,La proposition du ticker BTC n'est pas datee dans le texte courant. 2010-02-05 ne repose que sur la chronologie figuree du ch. I.2.
8c6f302ba7484a718a163a6747c81fa5,InfrastructureEvent — Premier tournoi de poker en ligne utilisant BTC,InfrastructureEvent,date,2010-03-10,Thèse — Chronologie (figure) Chapitre I.2,assets/MD/01_chapitre_I.md,623,"…et Voorhees 2019), n'est pas le premier jeu d'argent à user de Bitcoin, un jeu de poker en ligne l'a fait en 2010, mais l'activité suscitée n'est pas comparable (Sedgwick 2019b). Il permet aux…",2010,accord_granularite_differente,,non,,Le graphe porte 2010-03-10 ; la note 82 (ch.I l.623) ne donne que l'annee : « un jeu d'argent [...] un jeu de poker en ligne l'a fait en 2010 ».
d2a8798b6f064140851367c98162f594,InfrastructureEvent — Première plateforme d’échange BTC (BitcoinMarket.com),InfrastructureEvent,date,2010-03-17,Thèse — Chronologie (figure) Chapitre I.2,assets/MD/01_chapitre_I.md,609,"…[(Sedgwick 2019h)](https://www.zotero.org/google-docs/?3tnwbk). « Bitcoinmarket.com », lancé le 17 mars 2010, est la première bourse d'échange (Sedgwick 2018b) et s'érige en première cotation…",17 mars 2010,accord,,non,,Doublon fonctionnel de #63.
ef24c1fb7a7040b49a2c1e0194355cf1,InfrastructureEvent — Premier minage GPU,InfrastructureEvent,date,2010-04-01,Thèse — Chronologie (figure) Chapitre I.2,assets/MD/01_chapitre_I.md,269,"…fin 2010) et la compétition accrue oppose des machines de plus en plus spécialisées (GPU, FGPA puis ASICS ; Sedgwick 2019c; cf. section suivante). Aussi, ouvrir d'autres voies d'accès à Bitcoin…",,figure_non_verifiable_dans_le_MD,,non,,Le premier minage GPU n'est pas date dans le texte. 2010-04-01 ne repose que sur la chronologie figuree du ch. I.2 (et le jour « 01 » sent le remplissage).
09d15bd8d03c4fa38ecbd33cf5862f9b,InfrastructureEvent — Premier échange contre marchandise (pizzas),InfrastructureEvent,date,2010-05-21,Thèse — Chronologie (figure) Chapitre I.2,assets/MD/01_chapitre_I.md,609,"…2020b)](https://www.zotero.org/google-docs/?oBKWds). Le 22 mai 2010, Laszlo Hanyecz réalise le premier achat de bien physique - deux pizzas -- qui passe par un intermédiaire individuel…",22 mai 2010,desaccord_graphe_probablement_faux,1 jour,oui,"Le graphe date l'achat des pizzas au 2010-05-21 ; la these (note 75, ch.I l.609) ecrit « Le 22 mai 2010 ». Corrigez-vous le graphe en 2010-05-22 ?","Ecart d'un jour, meme evenement, aucune ambiguite d'objet."
1c84e58808404ab891a1ef9b0e5d6449,InfrastructureEvent — Première couverture média (Slashdot),InfrastructureEvent,date,2010-07-11,Thèse — Chronologie (figure) Chapitre I.2,assets/MD/01_chapitre_I.md,617,[^79]: <https://news.slashdot.org/story/11/02/10/189246/online-only-currency-bitcoin-reaches-dollar-parity> \[consultation au 21/09/2018\].,,figure_non_verifiable_dans_le_MD,,non,,"La seule trace de Slashdot dans la these est l'URL de la note 79 (ch.I l.617), qui renvoie a un article du 10/02/2011 (parite au dollar), et une mention a l.271. La « premiere couverture media (Slashdot) » du 2010-07-11 ne repose que sur la chronologie figuree."
69aa91b1014e4143b79c9f3547c29c6d,InfrastructureEvent — Introduction d’une limite de bloc (activée 2010-09-12),InfrastructureEvent,date,2010-07-15,Thèse — Chronologie (figure) Chapitre I.2,assets/MD/01_chapitre_I.md,669,"…est implémentée dans la version 0.3.2, publiée le 19 juillet 2010, mais son entrée en vigueur ne s'est faite que le 07/09/2010 (Bier 2021b).",15 juillet 2010 (introduction) ; 19 juillet 2010 (version 0.3.2) ; 07/09/2010 (entrée en vigueur),desaccord_graphe_probablement_faux,5 jours (sur l'activation),oui,Le nom de cette entite annonce « activée 2010-09-12 » alors que la note 105 (ch.I l.669) dit « son entrée en vigueur ne s'est faite que le 07/09/2010 ». L'attribut date (2010-07-15) est juste ; c'est le libelle qui porte la date fausse. Corrigez-vous le libelle ?,"Trois dates distinctes et toutes attestees pour un meme dispositif : introduction 15/07/2010 (l.327), publication 0.3.2 le 19/07/2010, activation 07/09/2010 (l.669)."
9670a4beed1a47bda5628c9770dddfd1,InfrastructureEvent — Première bourse d’échange importante (MtGox),InfrastructureEvent,date,2010-07-18,Thèse — Chronologie (figure) Chapitre I.2,assets/MD/01_chapitre_I.md,271,"Avant MtGox et sans espace de conversion suffisant, la valeur des UCN se fait dilemme de la « *poule et de l'œuf* » puisque sans valeur, pas d'acceptation en échange et sans échanges, pas…",,figure_non_verifiable_dans_le_MD,,non,,L'ouverture de MtGox n'est pas datee dans le texte courant. 2010-07-18 ne repose que sur la chronologie figuree du ch. I.2.
714f6de9e72d4162a186c2c0e459f15f,InfrastructureEvent — Soft fork : correction bug 'Void of bitcoin',InfrastructureEvent,date,2010-07-28,Thèse — Chronologie (figure) Chapitre I.2,assets/MD/03_chapitre_III.md,221,"…c'est S. Nakamoto et les premiers développeurs qui se chargeront de la remise en ordre. Le 15 août, un « *enregistrement étrange* \[, le\] *74638* »[^47] est pointé par J. Garzik sur…",août 2010 (bogue),desaccord_non_arbitrable,~13 jours,oui,"Doublon de #72 : le graphe date le soft fork correctif du bug « Void of bitcoin » au 2010-07-28, avant le bogue qu'il corrige (15 aout 2010 selon ch.III l.221). Meme question.","INCOHERENCE D'ORDRE, voir #72."
babc9f23c57446c88626709f94707d80,InfrastructureEvent — Service de séquestre (escrow) offert par Theymos,InfrastructureEvent,date,2010-07-29,Thèse — Chronologie (figure) Chapitre I.2,assets/MD/01_chapitre_I.md,609,"…plateforme PayPal (Sedgwick 2018b; Sedgwick 2018c). Dès 2010, suite aux demandes d'utilisateurs, apparaît sur BitcoinTalk un service de séquestre mmunautaire et centralisé reposant sur un tiers…",dès 2010,accord_granularite_differente,,non,,Le graphe porte 2010-07-29 ; la note 75 ne donne que « Dès 2010 ».
64a49803ef464d83a7ae3a674d180ca8,InfrastructureEvent — Service d’anonymisation BitLaundry,InfrastructureEvent,date,2010-09-01,Thèse — Chronologie (figure) Chapitre I.2,assets/MD/01_chapitre_I.md,607,"…la fongibilité des UCN et la vie privée des usagers - était d'ailleurs apparue avec « *BitLaundry* », fin 2010 (<https://bitcointalk.org/index.php?topic=963.0>, [Rauchs…",fin 2010,desaccord_non_arbitrable,~3 mois,oui,Le graphe date BitLaundry au 2010-09-01 ; la note 74 (ch.I l.607) dit « fin 2010 ». Septembre n'est pas « fin 2010 » sans etre incompatible. Faut-il ramener le graphe a 2010-12 ou passer a une granularite « fin 2010 » ?,CORRECTION D'UN AUDIT ANTERIEUR : dates-verification-externe.csv annonce « décembre 2010 » dans la these ; le texte dit « fin 2010 ». Aucune source externe ne tranche (cf. le meme CSV).
e2c89bd57671472cb2f471d04c34bf76,InfrastructureEvent — Correction d’un bug de type 'Inflation',InfrastructureEvent,date,2010-11-15,Thèse — Chronologie (figure) Chapitre I.2,assets/MD/01_chapitre_I.md,267,"…bogues (dont les premiers très critiques surviennent rapidement, comme avec le bogue d'« inflation » du 15 novembre 2010, ou celui de « split de chain », du 15 mars 2011 ; cf. Chap. III). Par là…",15 novembre 2010,accord,,non,,
cc346d7c8cdf450ca81c1cd08d65b68c,InfrastructureEvent — Première pool de minage (Slush Pool),InfrastructureEvent,date,2010-11-27,Thèse — Chronologie (figure) Chapitre I.2,assets/MD/01_chapitre_I.md,315,"…continu[^98]. Pourtant, l\'idée n\'a pas séduit tout le monde lorsqu\'elle a été lancée par Slush le 27 novembre 2010. Si, d'un côté, cela participait d'une diversification essentielle de l'activité…",27 novembre 2010,accord,,non,,
a089031b82eb4c67b2cfc686016a3820,InfrastructureEvent — Première place d’échange illégale (Silk Road),InfrastructureEvent,date,2011-02-01,Thèse — Chronologie (figure) Chapitre I.2,assets/MD/01_chapitre_I.md,281,"…qui essaiment[^83] se mêlent des revers médiatiques et politiques : l'écho du premier article sur Silk Road de Chen (2011) conduit, fin 2013, à la saisie du site et à l'arrestation du créateur…",2011,accord_granularite_differente,,non,,Le graphe porte 2011-02-01 (jour de remplissage) ; le texte ne date Silk Road qu'a travers l'article de Chen (2011) et sa fermeture « fin 2013 ».
17c55315ca2a45db9d1dc895fcba105d,InfrastructureEvent — Site d’éducation WeUseCoins,InfrastructureEvent,date,2011-03-25,Thèse — Chronologie (figure) Chapitre I.2,assets/MD/01_chapitre_I.md,271,"…cercle des Bitcoiners. À côté de Bitcointalk, des médias spécialisés sont apparus (*WeUseCoins,* crypto.fr) qui, s'ils émanent encore de membres d'une communauté Bitcoin grandissante, seront de…",,figure_non_verifiable_dans_le_MD,,non,,"WeUseCoins est cite une seule fois (ch.I l.271), sans date. 2011-03-25 ne repose que sur la chronologie figuree du ch. I.2."
7b73ed5f4e7149baaf8c534c809bc33f,InfrastructureEvent — Lancement de Namecoin (merge mining),InfrastructureEvent,date,2011-04-18,Thèse — Chronologie (figure) Chapitre I.2,assets/MD/01_chapitre_I.md,347,"…public émettant sa propre UCN après Bitcoin est le « *Namecoin *» (ticker : NMC), lancé en avril 2011[^110] [(Loibl 2014, p. 107, Sedgwick 2018c](https://www.zotero.org/google-docs/?ferZMf)).…",avril 2011,accord_granularite_differente,,non,,Le graphe porte 2011-04-18 ; le texte ne donne que le mois.
d693882f7dc74d6cb9a875d029f155aa,InfrastructureEvent — Service de portefeuille/paiement custodial BitPay,InfrastructureEvent,date,2011-06-03,Thèse — Chronologie (figure) Chapitre I.2,assets/MD/01_chapitre_I.md,619,"…Implémentée dans la version logicielle Bitcoin d'avril 2013, elle est intégrée dès août par l'entreprise BitGo dans une solution de garde (O'Brien 2014) et essaime (Bitpay, Coinbase,…",,figure_non_verifiable_dans_le_MD,,non,,BitPay n'est jamais date dans la these. 2011-06-03 ne repose que sur la chronologie figuree du ch. I.2.
608cc2e4c58247a48f6fa317fb91cbf8,InfrastructureEvent — MtGox perd 25 000 BTC (vol),InfrastructureEvent,date,2011-06-13,Thèse — Chronologie (figure) Chapitre I.2,assets/MD/01_chapitre_I.md,605,"…de 9000 BTC, Sedgwick 2019), soit par attaque informatique (plus tardive, en juin 2011, un mineur se fait voler 25 000 BTC, suivant que la valeur des UCN commence à aiguiser des appétits criminels)…",juin 2011,accord_granularite_differente,,non,,"La note 73 (ch.I l.605) attribue le vol de 25 000 BTC a un MINEUR, pas a MtGox ; le graphe l'attribue a MtGox. Le mois concorde ; l'attribution du sujet differe."
ae1cb2659fd7470b8ec1aa621226b3e1,InfrastructureEvent — Première bourse BTC/EUR (Paymium),InfrastructureEvent,date,2011-08-16,Thèse — Chronologie (figure) Chapitre I.2,assets/MD/05_glossaire_annexes.md,1026,"…intéressés par les monnaies alternatives. Dès 2011, il fonde -- avec un associé -- la première place de marché Bitcoin euro au monde : « Paymium.com », qui compte près de 15 salariés aujourd'hui.…",dès 2011,accord_granularite_differente,,non,,Le graphe porte 2011-08-16 ; la fiche d'entretien #24 (P. Noizat) ne donne que l'annee.
008274f26bfd46dcabf5589b2a1cd15f,InfrastructureEvent — Standardisation des propositions protocolaires (BIP),InfrastructureEvent,date,2011-08-19,Thèse — Chronologie (figure) Chapitre I.2,assets/MD/01_chapitre_I.md,267,"…et de proposer des modifications protocolaires est tôt encadré, avec la mise en place en 2011 des « *Bitcoin Improvement Proposals* », ou « BIP »[^72], par exemple (cf. Chap. III). Ce sont eux aussi…",2011,accord_granularite_differente,,non,,"Doublon de #75 (meme date 2011-08-19, meme objet)."
8bc6f2749a284bb7add34a1739cec310,InfrastructureEvent — Premier logiciel de portefeuille léger (Electrum),InfrastructureEvent,date,2011-11-09,Thèse — Chronologie (figure) Chapitre I.2,assets/MD/01_chapitre_I.md,607,"…Un portefeuille « léger » non intermédié (ou « *non custodial* », Electrum) est lancé fin 2011 (Electrum website 2011), comme des solutions non connectées (ou « cold wallet », sous forme de…",fin 2011,accord_granularite_differente,,non,,"Le graphe porte 2011-11-09 ; la note 74 dit « fin 2011 ». La reference bibliographique (07_bibliographie.md l.438) porte bien « 9 novembre 2011 » : le graphe est adosse a la bibliographie, pas au corps."
5eeed0a89f93410184336105b8e4ec33,"InfrastructureEvent — Split de chaîne (bug de consensus, 15/03/2013)",InfrastructureEvent,date,2013-03-15,Sedgwick ; Lopp 2018,assets/MD/01_chapitre_I.md,267,"…rapidement, comme avec le bogue d'« inflation » du 15 novembre 2010, ou celui de « split de chain », du 15 mars 2011 ; cf. Chap. III). Par là même, ils participent activement à la…","15 mars 2011 (ch.I l.267) / mars 2013 (ch.III l.237 et note 104, l.667)",desaccord_these_probablement_fausse,2 ans,oui,"Le ch.I l.267 date le « split de chain » du 15 mars 2011 alors que le ch.III l.237 et la note 104 (ch.I l.667) datent la scission de chaine de mars 2013 (crise n°19, CVE 2013 #3220). « 2011 » ressemble a une coquille pour 2013. Confirmez-vous ?",CONTRADICTION INTERNE. Par ailleurs le graphe porte 2013-03-15 alors que le ch.III l.237 cite « les 11 et 12 mars 2013 » : le jour du graphe n'est pas atteste non plus.
4319dfd47a434d08a9cbc371e4c05506,InfrastructureEvent — Migration du code Bitcoin vers GitHub (2011),InfrastructureEvent,date,2011,Lopp 2018,assets/MD/01_chapitre_I.md,267,"…Bitcoin sur SourceForge* », permettant une gestion plus ouverte ; la migration vers la forge logicielle Github attendra 2011 (Lopp 2018). Et le fait de travailler sur les codes et de proposer…",2011,accord,,non,,
60b665021b014f6d9803f0e227d8d076,InfrastructureEvent — NewLibertyStandard : modele de prix par cout minage (fev.2010),InfrastructureEvent,date,2010-02,Sedgwick 2018b,assets/MD/01_chapitre_I.md,615,"[^78]: En février 2010, visant à dépasser l'absence de cotation, *« NewLibertyStandard propose sur Bitcoin Talk une modélisation d'un prix des BTC déduit du coût énergétique du minage. L'échange…",février 2010,accord,,non,,
4f57a750014849e6b8676b66ef2aadd2,"InfrastructureEvent — Flash crash MtGox : 32$ vers 0,01$ (juillet 2011)",InfrastructureEvent,date,2011-07,Sedgwick 2019g ; BitMEX Research 2018,,,,,absent_du_texte,,non,,"Le flash crash MtGox de juillet 2011 (32 $ vers 0,01 $) n'apparait dans aucun des 8 fichiers FR ; « Flash » n'apparait qu'en bibliographie (l.170)."
a02861544b794d229d08dc36c935fc77,"InfrastructureEvent — Parite BTC/$ (1$, debut 2011)",InfrastructureEvent,date,2011-02,Le Calvez 2020,assets/MD/01_chapitre_I.md,271,"…s'emparant d'un objet pour eux spectaculaire. La parité d'un BTC au dollar, atteinte début 2011 [(Le Calvez 2020), est ainsi saluée par le média Slashdot](https://www.zotero.org/google-docs/…",début 2011,accord_granularite_differente,,non,,Le graphe porte 2011-02 ; le texte dit « début 2011 ». La note 79 (l.617) renvoie a un article Slashdot du 10/02/2011 sur la parite au dollar.
120e6fa2cdfa464ea7e51a34386adb73,"InfrastructureEvent — Perte 9000 BTC (premier utilisateur, 10 aout 2010)",InfrastructureEvent,date,2010-08-10,Sedgwick 2019,assets/MD/01_chapitre_I.md,605,"[^73]: Soit par un mauvais management individuel (10 aout 2010, première perte d'utilisateur déclarée de 9000 BTC, Sedgwick 2019), soit par attaque informatique (plus tardive, en juin 2011, un mineur…",10 août 2010,accord,,non,,
a6db42830f81475a8050e8315e295426,InfrastructureEvent — Retrait PayPal de BitcoinMarket (4 juin 2011),InfrastructureEvent,date,2011-06-04,Sedgwick 2018b,assets/MD/01_chapitre_I.md,609,"…un certain temps* », « *à la suite d\'une série de transactions frauduleuses, PayPal a été retiré de la bourse le 4 juin 2011 *» (*Ibid.*).",4 juin 2011,accord,,non,,
5f86375d2ffa4575b9c1b18395bb82b1,InfrastructureEvent — Bitcoin-QT 0.1 client lourd (9 janvier 2009),InfrastructureEvent,date,2009-01-09,Sedgwick 2019b ; Banque de France 2013,assets/MD/01_chapitre_I.md,269,"…Comme dans le script original de Nakamoto, la seule solution disponible - Bitcoin QT, 0.1, publié le 9 janvier 2009 - est un client logiciel polyvalent, lourd et contraignant [(Sedgwick…",9 janvier 2009,accord,,non,,Voir #10 : contradiction avec ch.III l.61 (« février 2009 »).
f28b9ec90edb4d7782ce4827a9cf9834,InfrastructureEvent — Premier minage FPGA (2011),InfrastructureEvent,date,2011,,assets/MD/01_chapitre_I.md,269,"…fin 2010) et la compétition accrue oppose des machines de plus en plus spécialisées (GPU, FGPA puis ASICS ; Sedgwick 2019c; cf. section suivante). Aussi, ouvrir d'autres voies d'accès à Bitcoin…",,figure_non_verifiable_dans_le_MD,,non,,Le premier minage FPGA n'est pas date dans le texte. 2011 ne repose que sur la chronologie figuree.
21e8e322b58f421aa3540bdeef5fde64,"InfrastructureEvent — Article Forbes sur Bitcoin (Greenberg, avril 2011)",InfrastructureEvent,date,2011-04,Greenberg 2011,assets/MD/01_chapitre_I.md,271,"…l'illustre sa poussée à 1\$14 suite à la publication d'un article de *Forbes* le concernant en avril 2011 (Greenberg 2011)... ou sa multiplication par 8 le 14 juin, suite à l'annonce très médiatique…",avril 2011,accord,,non,,07_bibliographie.md l.536 date l'article de Greenberg du 20 avril 2011.
33f6747a334543fcae909b2aaf0f04cd,InfrastructureEvent — Slashdot article parite BTC/$ (fevrier 2011),InfrastructureEvent,date,2011-02,Le Calvez 2020 ; Sedgwick 2019c,assets/MD/01_chapitre_I.md,271,"…s'emparant d'un objet pour eux spectaculaire. La parité d'un BTC au dollar, atteinte début 2011 [(Le Calvez 2020), est ainsi saluée par le média Slashdot](https://www.zotero.org/google-docs/…",début 2011,accord_granularite_differente,,non,,"La note 79 (ch.I l.617) renvoie a l'URL Slashdot du 10/02/2011 : le mois du graphe (2011-02) est corrobore par l'URL, pas par le corps."
944c9169ed3d416f95bebdfd4b9b1d20,InfrastructureEvent — Article PC World sur WikiLeaks/Bitcoin (decembre 2010),InfrastructureEvent,date,2010-12,Nakamoto 2010g ; Sedgwick 2019d,,,,,absent_du_texte,,non,,"L'article PC World de decembre 2010 sur WikiLeaks/Bitcoin n'apparait pas dans la these (« PC World » n'apparait qu'une fois, sans lien)."
0628e0fc39504e9e8b501e94365bbef8,"InfrastructureEvent — WeUseCoins et crypto.fr, medias communautaires (2011)",InfrastructureEvent,date,2011,,assets/MD/01_chapitre_I.md,271,"…cercle des Bitcoiners. À côté de Bitcointalk, des médias spécialisés sont apparus (*WeUseCoins,* crypto.fr) qui, s'ils émanent encore de membres d'une communauté Bitcoin grandissante, seront de…",,accord_granularite_differente,,non,,"Le passage (ch.I l.271) cite WeUseCoins et crypto.fr comme medias specialises apparus a cote de Bitcointalk, dans un paragraphe situe « début 2011 ». L'annee du graphe est compatible ; elle n'est pas ecrite pour ces deux medias."
e40978e2802744d7a53829ff97c1e9e6,"PriceWindow — Parite BTC/$ ($1, debut 2011)",PriceWindow,date,2011-02,,assets/MD/01_chapitre_I.md,271,"…s'emparant d'un objet pour eux spectaculaire. La parité d'un BTC au dollar, atteinte début 2011 [(Le Calvez 2020), est ainsi saluée par le média Slashdot](https://www.zotero.org/google-docs/…",début 2011,accord_granularite_differente,,non,,Doublon fonctionnel de #111 (PriceWindow / InfrastructureEvent).
8de77f3519e747648b51b4f886b53d88,PriceWindow — Spike Forbes $14 (avril 2011),PriceWindow,date,2011-04,,assets/MD/01_chapitre_I.md,271,"…l'illustre sa poussée à 1\$14 suite à la publication d'un article de *Forbes* le concernant en avril 2011 (Greenberg 2011)... ou sa multiplication par 8 le 14 juin, suite à l'annonce très médiatique…",avril 2011,accord,,non,,Doublon fonctionnel de #116.
2b577242b2a8496aa5604feeac9558cc,PriceWindow — WikiLeaks x8 (14 juin 2011),PriceWindow,date,2011-06-14,,assets/MD/01_chapitre_I.md,271,"…l'illustre sa poussée à 1\$14 suite à la publication d'un article de *Forbes* le concernant en avril 2011 (Greenberg 2011)... ou sa multiplication par 8 le 14 juin, suite à l'annonce très médiatique…",,figure_non_verifiable_dans_le_MD,,non,,L'episode de prix x8 attribue a WikiLeaks le 14 juin 2011 n'est pas dans le texte ; seule la chronologie figuree le porte. Doublon de #60.
381f864130a54b6d9062d413ef56c681,"PriceWindow — Flash crash MtGox : 32$ vers 0,01$ (juillet 2011)",PriceWindow,date,2011-07,,,,,,absent_du_texte,,non,,Doublon de #110 : le flash crash MtGox de juillet 2011 est absent de la these.
4af2142b31984dc280cf51546cf08e9c,InfrastructureEvent — SatoshiDice (lancement 24 avril 2012),InfrastructureEvent,date,2012-04-24,Voorhees 2013 ; Buterin 2013a ; 2013c,assets/MD/01_chapitre_I.md,623,"[^82]: Le site Internet, lancé le 24 avril 2012 par le très libertarien Eric Voorhees (Miles et Voorhees 2017; McCormack et Voorhees 2019), n'est pas le premier jeu d'argent à user de Bitcoin, un jeu…",24 avril 2012,accord,,non,,
28ed228eed8c48fab1e63d381096e357,InfrastructureEvent — Dark Wallet (2014),InfrastructureEvent,date,2014,,assets/MD/01_chapitre_I.md,619,"…simples et diversifiées apparaissent, comme le client léger « Dark wallet », développé à l'adresse d'utilisateurs non techniciens par des Cypherpunks reconnus (C. Wilson, A. Taaki ou V.…",,accord_granularite_differente,,non,,"Dark Wallet est cite sans date dans le corps ; la reference Kallenborn (07_bibliographie.md l.622) est datee du 2 mai 2014, ce qui corrobore l'annee du graphe."
1eb70d76b39b4a86a102b5d42063c3ed,InfrastructureEvent — BIP 16 : Pay-to-Script-Hash (avril 2012),InfrastructureEvent,date,2012-04,O'Brien 2014,assets/MD/01_chapitre_I.md,619,"…logiciels »* la prise en charge de transactions multi-signatures. Implémentée dans la version logicielle Bitcoin d'avril 2013, elle est intégrée dès août par l'entreprise BitGo dans une solution…",avril 2013,desaccord_non_arbitrable,1 an,oui,"Le graphe date BIP 16 (P2SH) a 2012-04 ; la note 80 (ch.I l.619) dit « Implémentée dans la version logicielle Bitcoin d'avril 2013 ». S'agit-il de deux actes (adoption/activation du BIP 16 en avril 2012, implementation dans une version logicielle en avril 2013) ou d'une erreur ?",Lecture possible en deux actes. La these ne parle que de l'implementation.
f9f289de35d14463999022184a680479,InfrastructureEvent — Fondation Bitcoin (fin 2012),InfrastructureEvent,date,2012,"Rauchs 2016, p. 12",assets/MD/01_chapitre_I.md,281,"…de l'infrastructure Bitcoin, s'opposent de premières volontés collectives : fin 2012 est lancée la « Fondation Bitcoin », incarnation formelle d'un écosystème et de son intérêt (comme conçu par ses…",fin 2012,accord,,non,,"Doublon fonctionnel de #77 (qui porte, lui, un jour non atteste)."
61c00091249c44d88bc06e678331e6dc,InfrastructureEvent — Digital Asset Transfer Authority (juillet 2013),InfrastructureEvent,date,2013-07,Bitcoin.fr,assets/MD/01_chapitre_I.md,281,…et de son intérêt (comme conçu par ses membres tout du moins) et un comité interprofessionnel est créé en juillet 2013 (« *Digital Asset Transfert Authority* » (Bitcoin.fr)). La fondation…,juillet 2013,accord,,non,,
1a666b0913364cc39236ea82f4d73ef5,InfrastructureEvent — Arrestation Ross Ulbricht / fermeture Silk Road (octobre 2013),InfrastructureEvent,date,2013-10,Tasca & Liu 2018 ; Musiani Mallard Meadel 2018,assets/MD/01_chapitre_I.md,281,"…: l'écho du premier article sur Silk Road de Chen (2011) conduit, fin 2013, à la saisie du site et à l'arrestation du créateur (Musiani, Mallard et Méadel 2018, p. 145). Cela précipite le…",fin 2013,accord_granularite_differente,,non,,Le graphe porte 2013-10 ; le texte dit « fin 2013 ». Doublon fonctionnel de #61.
e94f426ef4b24efdb0a936bc1f5ee5ad,InfrastructureEvent — Emergence services KYC/AML (2012-2013),InfrastructureEvent,date,2012,"ECB 2012 ; Rauchs 2016, p. 58",assets/MD/01_chapitre_I.md,281,"…et mises en garde (European Central Bank 2012, par exemple) poussent à l'émergence de premiers services de conformité guidant les entreprises à respecter un cadre réglementaire encore flou…",,accord_granularite_differente,,non,,Le texte situe l'emergence des services de conformite apres « European Central Bank 2012 » sans la dater precisement ; l'annee 2012 du graphe est compatible.
6c666e14270942a08b5d8908b5cd908d,"InfrastructureEvent — ShapeShift (exchange non-custodial, Voorhees, 2014)",InfrastructureEvent,date,2014,,assets/MD/01_chapitre_I.md,289,"…plage de services qu'elles offrent est grande et les acteurs d'hier, comme E. Voorhees, à qui l'on doit « Shapeshift », première plateforme d'échange sans conservation, sont concurrencés par des…",,absent_du_texte,,non,,ShapeShift est cite (ch.I l.289) mais SA DATE n'est nulle part dans la these. L'annee 2014 du graphe n'est ni confirmee ni refutee.
f0da0d7be8df47b98cdb86fd6ee83033,"InfrastructureEvent — Trezor (premier hardware wallet, SatoshiLabs, 2013)",InfrastructureEvent,date,2013,SatoshiLabs 2019,assets/MD/01_chapitre_I.md,289,"…à visée de conformité, la sécurisation des portefeuilles qui progresse avec les premiers portefeuilles physiques - Trezor [(SatoshiLabs 2019)](https://www.zotero.org/google-docs/?fXPij4) suivi dès…",,accord_granularite_differente,,non,,"Trezor est cite comme premier portefeuille physique, « suivi dès 2014 par Ledger » : l'annee 2013 du graphe est deductible mais n'est pas ecrite."
62d87c74d3504d84bfee3d8d5fb44f4d,InfrastructureEvent — Nasdaq publie donnees de prix Bitcoin (fin 2013),InfrastructureEvent,date,2013,,assets/MD/01_chapitre_I.md,289,"…très indirecte d'abord, par simple publication de données de prix agrégées (Nasdaq fin 2013, suivi par le NYSE en 2015), plus directement ensuite, par la création de produit financier spécifique…",fin 2013,accord,,non,,Le texte date bien la publication des donnees de prix par le Nasdaq de « fin 2013 ».
82349be91da44883961b469695426d85,InfrastructureEvent — CBOE : marches futurs Bitcoin (2017),InfrastructureEvent,date,2017,,assets/MD/01_chapitre_I.md,289,"…la création de produit financier spécifique par des acteurs reconnus (marchés futurs par le *Chicago Board Option Exchange* ou le *Chicago Mercantile Exchange*, courant 2017). En outre,…",courant 2017,accord,,non,,"Le texte ecrit « marchés futurs par le Chicago Board Option Exchange ou le Chicago Mercantile Exchange, courant 2017 » : le CBOE est bien date de 2017."
1a363b7013534bfd9bd949c6d69c4a19,InfrastructureEvent — Audition Senat americain sur Bitcoin (19 nov. 2013),InfrastructureEvent,date,2013-11-19,Banque de France 2013 p. 4,assets/MD/01_chapitre_I.md,293,"…un affermissement de sa reconnaissance par les États : le 19 novembre 2013, la Commission du Sénat américain organise une session d'information où interviennent des membres de la « Bitcoin…",19 novembre 2013,accord,,non,,
2ec8857fa7a24c70804d6a3a3e9d4d55,"InfrastructureEvent — Lightning Labs (premiere implementation LN, mars 2018)",InfrastructureEvent,date,2018-03,Torpey 2018,assets/MD/01_chapitre_I.md,645,"…ainsi constitués. La première implémentation logicielle de ce système est publiée en mars 2018 par « Lightning Labs », entreprise fondée par des Bitcoiners de la première heure rejoints par des…",mars 2018,accord,,non,,
2322a151c17c456484772d74a4cfa78a,InfrastructureEvent — Wrapped Bitcoin / WBTC (2019),InfrastructureEvent,date,2019,Redman 2019b,assets/MD/07_bibliographie.md,1000,"…https://news.bitcoin.com/the-wrapped-bitcoin-project-has-officially-launched-on-ethereum/, 31 janvier 2019, consulté le 12 mai 2023.",31 janvier 2019 (reference bibliographique),accord_granularite_differente,,non,,"WBTC est cite dans le corps sans date ; seule la reference Redman 2019b (07_bibliographie.md l.1000) porte une date, qui corrobore l'annee 2019 du graphe."
5f06214e17074a14874220ed7195ded9,InfrastructureEvent — Levee de fonds Ethereum en BTC (2014),InfrastructureEvent,date,2014,,assets/MD/01_chapitre_I.md,399,"…(Russo 2020, p. 94). Lever des fonds devient nécessaire et l'« Ether Genesis Sale » débute le 22 juillet 2014 pour une durée de 42 jours (Gerring 2014; Buterin 2014). En échange de BTC, on peut…",22 juillet 2014,accord_granularite_differente,,non,,Le graphe ne porte que l'annee 2014 ; le texte donne le jour exact et la duree (42 jours).
318b090059f34be4b52d389f0b38c3a7,InfrastructureEvent — Fork contentieux Bitcoin / Bitcoin Cash (aout 2017),InfrastructureEvent,date,2017-08,,assets/MD/02_chapitre_II.md,402,"…exclusive des mineurs. Cette initiative conduira à l'adoption effective de SegWit le 1^er^ août 2017, sans l'augmentation de la taille des blocs prévue par SEGWIT2X. En réponse, les « *Big…",août 2017,accord,,non,,
7387a5055a284717a5e8221d0bbd216d,InfrastructureEvent — Capital-risque dans l ecosysteme Bitcoin (2012-2015),InfrastructureEvent,date,2012,Rauchs 2016 p. 70-71,assets/MD/01_chapitre_I.md,639,"…les projets et les firmes avaient recours à un financement interne. En 2012, les premiers fonds de capital-risque font leur entrée et, dès lors, ce type d'investissement ne cesse de croître et…",2012,accord,,non,,
7cda4562e3ee4e9c8bf969bdf639994a,InfrastructureEvent — Coinbase : croissance et levee de fonds 75M$ (2015),InfrastructureEvent,date,2015,Rauchs 2016 p. 70-71,assets/MD/01_chapitre_I.md,639,"…record de 96 entreprises (Rauch 2016, p.70-71). L'entreprise Coinbase réalise la plus grande levée de fonds d'alors avec 75 millions de dollars.",2015 (par le contexte de la phrase precedente),accord_granularite_differente,,non,,La note 90 (ch.I l.639) enumere les montants annee par annee jusqu'a « des 448 millions de 2015 » puis mentionne la levee de 75 M$ de Coinbase sans la dater explicitement.
364977fb9ed943a2bac1688d22ffe1c5,InfrastructureEvent — Tether/USDT : premier stablecoin via Omni/Mastercoin (2014),InfrastructureEvent,date,2014,,assets/MD/01_chapitre_I.md,373,"…une valeur stable, liée à une monnaie ou à une marchandise extérieure *» (Willett 2012). « *Tether* » (ticker : USDT) choisit ce métaprotocole pour l'émission et la circulation de ces USDT. En…",,absent_du_texte,,non,,Tether/USDT est cite (ch.I l.373 ; ch.II l.583) sans date de lancement. 2014 n'est pas atteste. Voir aussi #166 qui porte 2015 pour le meme objet : DOUBLON A DATES DIVERGENTES dans le graphe.
52825e0addb24136bf45eace9724984b,InfrastructureEvent — Braiins / Stratum V2 (protocole communication hashers/pools),InfrastructureEvent,date,2019,Wirdum 2019,assets/MD/01_chapitre_I.md,317,"…de mineur en réduisant leur dépendance vis-à-vis des pools de minage : c'est la cas de Stratum V.2, développé par Braiin (entreprise liée à Slushpool) visant à améliorer le protocole Stratum,…",,accord_granularite_differente,,non,,"Stratum V2 / Braiins est cite (ch.I l.317) sans date ; la reference Wirdum (07_bibliographie.md l.1286) est datee du 5 aout 2019, ce qui corrobore l'annee du graphe."
09746caaab9347219a82b622960f3b49,InfrastructureEvent — Incident Ghash.io : dépassement 51% (janvier 2014),InfrastructureEvent,date,2014-01,Hajdarbegovic 2014,assets/MD/01_chapitre_I.md,659,"[^100]: Le 8 janvier 2014, la coopérative de minage Ghash.io, lancée par la bourse d'échange CEX.io, accumule près de 42% de la puissance de calcul total de Bitcoin, ce qui souleva l'inquiétude. La…",8 janvier 2014,accord_granularite_differente,,non,,Le graphe ne porte que 2014-01 ; la note 100 (ch.I l.659) donne le jour : 8 janvier 2014.
da2c1b40ca374770836b98990bb6d55a,Figure 5 — Division sociale du travail protocolaire et spécialisation des acteurs,InfrastructureEvent,date,2024,Rolland Maël (thèse),,,,,absent_du_texte,,non,,"Entite « Figure 5 » : la date 2024 est l'annee de la these, pas une date d'evenement. Le contenu de la figure est une image, non present dans le Markdown."
646140677b0c4a67855bdb001f4680cf,InfrastructureEvent — Limite de taille de bloc 1 Mo (15 juillet 2010),InfrastructureEvent,date,2010-07-15,Bier 2021d,assets/MD/01_chapitre_I.md,327,"…de « *verrous de base de données* ») était passée inaperçue[^104]. La limite de 1 Mo n'a été introduite que le 15 juillet 2010[^105] et fut dissimulée par Nakamoto (Apodaca 2015), qui demande…",15 juillet 2010,accord,,non,,Doublon fonctionnel de #71 et #92.
644be87209214927af0a4ffb959df6d8,InfrastructureEvent — Introduction des frais relais minimums (protocole),InfrastructureEvent,date,2012,Bradbury 2014,assets/MD/01_chapitre_I.md,327,"…du logiciel client, Möser et Böhme 2015, p. 3). C'est dans un second temps que des frais relais minimums seront implémentés protocolairement et leurs paramètres seront d'ailleurs modifiés…",,absent_du_texte,,non,,"L'introduction des frais relais minimums est attestee (ch.I l.327) mais NON DATEE (« dans un second temps »). L'annee 2012 du graphe n'est pas attestee par la these. Le « 2012 » du ch.III l.87 concerne la PR #443 (verification des entrees dupliquees), un autre objet."
e7825fb2b95343959119bcc866c0390f,InfrastructureEvent — Op_Return War (conflit sur les usages non-monétaires de Bitcoin),InfrastructureEvent,date,2014,,assets/MD/01_chapitre_I.md,377,"…base de données UTXO de Bitcoin* » (Bitcoin Core 2014) que, en mars 2014, la version 0.9.0 du logiciel Bitcoin fait de l'instruction OP_RETURN un type de transaction standard, dorénavant relayé…",mars 2014,accord,,non,,"La « guerre de l'OP_RETURN » est situee autour de mars 2014 (ch.I l.377 et note 129, l.717 : « le 19 mars 2014 (date de l'implémentation de l'OP RETURN) »)."
ae0f729d88cf472db6b6aeb80783594f,InfrastructureEvent — Retrait de Nakamoto (décembre 2010),InfrastructureEvent,date,2010-12,Nakamoto 2011,assets/MD/01_chapitre_I.md,661,"…resté actif sur les forums, Nakamoto va disparaître sans crier gare. Son dernier message public date du 12 décembre 2010 et annonce simplement quelques correctifs nouvellement implémentés…",12 décembre 2010,accord_granularite_differente,,non,,Le graphe ne porte que 2010-12 ; la note 101 donne le jour. Attention : la note 102 (l.663) donne un dernier ECRIT prive au 26/04/2011 — deux actes distincts.
fda844ff24dc4fe6882516b72e6d71ce,InfrastructureEvent — BIP-0001 : institutionnalisation du processus de développement Bitcoin,InfrastructureEvent,date,2011,,assets/MD/01_chapitre_I.md,267,"…et de proposer des modifications protocolaires est tôt encadré, avec la mise en place en 2011 des « *Bitcoin Improvement Proposals* », ou « BIP »[^72], par exemple (cf. Chap. III). Ce sont eux aussi…",2011,accord,,non,,Troisieme entite du graphe pour le meme fait (voir #75 et #105).
eb2cb7c7f3c44cd2b8d01fe8bbad5a5a,InfrastructureEvent — Dust limit (limite de poussière Bitcoin),InfrastructureEvent,date,2010,Champagne 2014 p. 205-212,assets/MD/01_chapitre_I.md,327,…2014; Lopp 2021). Ces deux mécanismes ne sont d'ailleurs pas les seuls. Nakamoto a ajouté une « limite de poussière » (« *dust limit* ») visant à parer aux situations similaires : toute UTXO…,,absent_du_texte,,non,,"Le « dust limit » est decrit (ch.I l.327, Champagne 2014 p. 205-212) mais jamais date. L'annee 2010 du graphe n'est ni confirmee ni refutee."
398e5477ea2041a1a030330178fb9c52,InfrastructureEvent — Flood attacks / attaques DOS par spam de transactions,InfrastructureEvent,date,2011,Lopp 2021,assets/MD/01_chapitre_I.md,327,…seuil minimum de « frais relais » vise directement à parer aux risques DOS causés par les « *flood attacks* » - l'envoi d'un très grand nombre de transactions de montant infinitésimal pour…,,absent_du_texte,,non,,Les « flood attacks » sont decrites (ch.I l.327) mais jamais datees ; le texte dit seulement que les frais relais minimums arrivent « dans un second temps ». L'annee 2011 du graphe n'est pas attestee.
496ef75551f5475ab7f7ec0c6f31052a,InfrastructureEvent — BitDNS : projet DNS distribué précurseur de Namecoin (nov. 2010),InfrastructureEvent,date,2010-11,Nakamoto 2010b,assets/MD/01_chapitre_I.md,349,"…III), en 2010, il n'en est rien. Namecoin s'inspire d'un projet de DNS distribué discuté dès novembre 2010 sur Bitcointalk, « *BitDNS* », dont l'annonce sur Bitcointalk fut reçue avec…",dès novembre 2010,accord,,non,,
feb3b3b528af4403a43cb63516a4f212,InfrastructureEvent — ICANN : gouvernance centralisée du DNS (cible cypherpunk),InfrastructureEvent,date,1998,DeNardis et Musiani 2014,assets/MD/01_chapitre_I.md,677,"…Assigned Numbers Authority (IANA) au sein de l\'ICANN, a toujours été exécutée dans le cadre d\'un contrat avec le ministère du Commerce des États-Unis, qui joue également un rôle direct…",,absent_du_texte,,non,,"L'ICANN est citee 4 fois (ch.I l.345, l.347, note 109 l.677) et jamais datee. L'annee 1998 du graphe vient de DeNardis et Musiani 2014, pas de la these."
500e47a7ba0346be981231b81afe7e88,InfrastructureEvent — Premiers NFT sur Namecoin (détournement d'usage),InfrastructureEvent,date,2011,Whitebbit1111 2022,assets/MD/01_chapitre_I.md,347,"…public émettant sa propre UCN après Bitcoin est le « *Namecoin *» (ticker : NMC), lancé en avril 2011[^110] [(Loibl 2014, p. 107, Sedgwick 2018c](https://www.zotero.org/google-docs/?ferZMf)).…",,absent_du_texte,,non,,Les « premiers NFT sur Namecoin » ne sont pas mentionnes dans la these ; seul Namecoin l'est (avril 2011). La source du graphe est un billet externe (Whitebbit1111 2022).
de8f9cb71cfd4d75bd5129622d3eace7,InfrastructureEvent — CoinMarketCap : plateforme données cryptomarché (2013),InfrastructureEvent,date,2013,ElBahrawy et al. 2017,assets/MD/01_chapitre_I.md,673,…concernant l'évolution des parts de marché des différentes CM entre le 28 avril 2013 et le 13 mai 2017 montre que près de sept CM apparaissaient chaque semaine et qu'un nombre…,,absent_du_texte,,non,,"CoinMarketCap n'apparait qu'une fois (note 107, ch.I l.673) comme source de donnees, sans date de creation. 2013 n'est pas atteste."
08a230a6d478497b8a2d0b155bc89db1,InfrastructureEvent — CoinGecko : plateforme données cryptomarché,InfrastructureEvent,date,2014,CoinGecko 2020,assets/MD/01_chapitre_I.md,675,[^108]: Données tirées du site référence CoinGecko (<https://www.coingecko.com/fr/global_charts> \[consultation au 01/09/2020\]).,,absent_du_texte,,non,,CoinGecko n'apparait que comme source de donnees (consultation au 01/09/2020). Sa date de creation (2014) n'est pas dans la these.
75ac54bedbfb4fe5a5f32aa8f0e74677,InfrastructureEvent — BTCC : plateforme d'échange Bitcoin chinoise (Bobby Lee),InfrastructureEvent,date,2013,,assets/MD/01_chapitre_I.md,359,"…Charlie Lee, ancien employé de Google et frère de Bobby Lee (fondateur des pièces numismatiques Cascascius et de la plateforme d'échange Chinoise BTCC, cf. Chronologie n°6 et section I.2.I).…",,absent_du_texte,,non,,"BTCC est cite une fois (ch.I l.359) sans date de creation. 2013 n'est pas atteste. NB : le texte attribue Casascius a Bobby Lee, alors que le graphe l'attribue a Mike Caldwell (#238)."
58f3e1dccd4c42d9ba7194d20314ed57,"InfrastructureEvent — RipplePay : réseau de confiance P2P précurseur de Ripple (Ryan Fugger, 2004)",InfrastructureEvent,date,2004,,assets/MD/01_chapitre_I.md,699,"[^120]: Ses inspirations remontent à Ryan Fugger qui, avec sa compagnie « *RipplePay* » lancée en 2004, visait à créer un réseau de confiance P2P où chaque utilisateur peut prêter directement aux…",2004,accord,,non,,
9041eaed3b7f4e1d9d276f5ca1b42d0e,InfrastructureEvent — OpenCoin / Ripple Labs : fondation de Ripple (2012),InfrastructureEvent,date,2012,,assets/MD/01_chapitre_I.md,363,"…tentatives de King de « révolutionner » les voies de consensus feront des émules. Septembre 2012 voit « *Ripple* » (ticker : XRP, [BitMEX Research 2018)](https://www.zotero.org/google-docs/?qiCcMV),…",septembre 2012,accord_granularite_differente,,non,,"Le graphe ne porte que l'annee 2012 pour la fondation d'OpenCoin/Ripple Labs ; le texte date de septembre 2012 l'apparition de Ripple (protocole), ce qui n'est pas exactement le meme objet."
cb4acdc336754f22840ba9a4192a941e,InfrastructureEvent — Première ICO : Mastercoin (31 juillet 2013),InfrastructureEvent,date,2013-07-31,,assets/MD/01_chapitre_I.md,373,"…à la faveur d'un *rebranding* effectué en 2015 par les concepteurs (Rizzo 2015). Son réseau, lancé le 31 juillet 2013, fait suite à la publication par J.R. Willet, dès janvier 2012, du WP…",31 juillet 2013,accord,,non,,
a1135fa80cde427d9d7ca42e4b494a04,InfrastructureEvent — Bitcoin Core 0.9.0 : OP_RETURN limité à 40 octets (mars 2014),InfrastructureEvent,date,2014-03,,assets/MD/01_chapitre_I.md,377,"…base de données UTXO de Bitcoin* » (Bitcoin Core 2014) que, en mars 2014, la version 0.9.0 du logiciel Bitcoin fait de l'instruction OP_RETURN un type de transaction standard, dorénavant relayé…",mars 2014,accord,,non,,La note 129 (ch.I l.717) precise « le 19 mars 2014 (date de l'implémentation de l'OP RETURN) » ; la reference Bitcoin Core (07_bibliographie.md l.152) porte la meme date.
56a70d9580224ae6b51334139b921ee0,InfrastructureEvent — Lancement de Counterparty / XCP (janvier 2014),InfrastructureEvent,date,2014-01,,assets/MD/01_chapitre_I.md,375,"…d'appréhender l'opprobre communautaire que ces usages suscitaient (voir Annexe n°IV.1). Lancé en janvier 2014, il est assez similaire à ses prédécesseurs, bien que plus complet en ce qu'il introduit…",janvier 2014,accord,,non,,Le meme passage precise « l'émission débutée le 02 janvier 2014 dura 30 jours ».
ba1d7f22fdef48b4bbc489e736810412,"InfrastructureEvent — Kraken : plateforme d'échange cryptos (Jesse Powell, 2011)",InfrastructureEvent,date,2011,,assets/MD/01_chapitre_I.md,699,"…le fondateur de MtGox, Jed McCaleb et Arthur Britto, qui s'associent à Jesse Powell (CEO de la plateforme d'échange *Kraken*), à David Schwartz, ainsi qu'à Chris Larsen (*Ibid* et [Bradbury…",,absent_du_texte,,non,,"Kraken est citee 7 fois, jamais datee. La fondation 2011 n'est pas attestee par la these."
fa805d2b30894bf0a39d621406b22cbe,InfrastructureEvent — Doge4Water et campagnes caritatives Dogecoin (2014),InfrastructureEvent,date,2014,,assets/MD/01_chapitre_I.md,709,…[(Coldewey 2014)](https://www.zotero.org/google-docs/?Sjx8Rh); la communauté lance aussi l'opération «* Doge4Water campaign *» et lève des fonds pour la Kenyan Water Charity [(Gilbert…,janvier 2014 (contexte de la note),accord,,non,,"La note 125 (ch.I l.709) commence par « En janvier 2014 » et enumere les campagnes caritatives, dont Doge4Water."
dbf09eba683d492da97f27513d7a4752,InfrastructureEvent — Lancement de Tether / USDT via Mastercoin/Omni (2015),InfrastructureEvent,date,2015,,assets/MD/01_chapitre_I.md,373,"…by Standard Transaction Embedding Records* », ticker : MSC) devenu « Omni » à la faveur d'un *rebranding* effectué en 2015 par les concepteurs (Rizzo 2015). Son réseau, lancé le 31 juillet…",2015 (rebranding Mastercoin -> Omni),desaccord_non_arbitrable,1 an,oui,"Le graphe porte DEUX entites pour Tether/USDT : #142 datee 2014 et #166 datee 2015. Le texte ne date pas le lancement de Tether ; seul le rebranding Mastercoin/Omni est date de 2015. Quelle date, et faut-il fusionner ?",DOUBLON A DATES DIVERGENTES dans le graphe (2014 vs 2015) pour le meme objet.
b3d5131dbe224d39bf4527581dd095c9,InfrastructureEvent — Bitcoin XT : fork Big Blockers (2015),InfrastructureEvent,date,2015,,assets/MD/02_chapitre_II.md,406,"…révèlent des divisions au sein des « Core développeurs ». En août 2015, G. Andresen et M. Hearn lancent Bitcoin XT, une implémentation augmentant la limite à 8 Mo. Sans adhésion, elle…",août 2015,accord_granularite_differente,,non,,Le graphe ne porte que l'annee ; le texte donne le mois et ajoute l'abandon « en janvier 2016 ».
af1041289a1847b0890e7d76bcb856cd,InfrastructureEvent — Bitcoin Classic : fork Big Blockers (2016),InfrastructureEvent,date,2016,,assets/MD/02_chapitre_II.md,406,"…elle est abandonnée en janvier 2016. D'autres propositions, comme « Bitcoin Unlimited », « Bitcoin Classic », connaîtront le même sort : les mineurs et les utilisateurs n'adhèrent pas. | |",,absent_du_texte,,non,,Bitcoin Classic est cite sans date (ch.II l.406). 2016 n'est pas atteste par le texte.
f535babd17f4456bae93f6e02cb93337,InfrastructureEvent — New York Agreement : tentative de conciliation Scaling Debate (mai 2017),InfrastructureEvent,date,2017-05,,assets/MD/02_chapitre_II.md,402,"…(Bier 2021b) ; puis « Scaling III » à Milan en octobre 2016. Le « *New York Agreement* » de mai 2017, initié par B. Silbert (CEO de « Digital Currency Group ») et dernière tentative de…",mai 2017,accord,,non,,
9aac15db0a154d50855a24fca026aab4,InfrastructureEvent — Activation de SegWit via UASF (1er août 2017),InfrastructureEvent,date,2017-08-01,,assets/MD/02_chapitre_II.md,402,"…exclusive des mineurs. Cette initiative conduira à l'adoption effective de SegWit le 1^er^ août 2017, sans l'augmentation de la taille des blocs prévue par SEGWIT2X. En réponse, les « *Big…",août 2017,accord_granularite_differente,,non,,Le graphe porte 2017-08-01 ; le texte ne donne que le mois.
c485443e2a604bc98eb6826417438bfb,"InfrastructureEvent — Conférence Scaling Bitcoin, Montréal (septembre 2015)",InfrastructureEvent,date,2015-09,,assets/MD/02_chapitre_II.md,402,"…traitement. Les deux camps sont représentés à la première conférence dédiée de Montréal, en septembre 2015, avec G. Andresen pour les « *Big Blockers* » et G. Maxwell pour les « *Small Blockers* »…",septembre 2015,accord,,non,,
0eb8e8c40dca46c0b2a860444b29a454,"InfrastructureEvent — Proof of Keys Day (3 janvier, annuel depuis 2019)",InfrastructureEvent,date,2019-01-03,,,,,,absent_du_texte,,non,,"« Proof of Keys Day » : une seule occurrence dans la these, hors datation. La date 2019-01-03 n'est pas attestee."
1ec1befcb68c4886917b9b37f1ac4fed,InfrastructureEvent — HODL : naissance d'un mème et d'une pratique communautaire (décembre 2013),InfrastructureEvent,date,2013-12,,,,,,absent_du_texte,,non,,"HODL apparait 4 fois dans la these, jamais date. La date 2013-12 du graphe n'est pas attestee."
3a7d7850c35842dc9127080eb7d30db3,InfrastructureEvent — Article PCWorld sur Bitcoin (décembre 2009),InfrastructureEvent,date,22/12/2009,,,,,,absent_du_texte,,non,,L'article PCWorld de decembre 2009 n'est pas dans la these. NB : le graphe porte 22/12/2009 ici et 2010-12 pour #118 — deux entites voisines a un an d'ecart.
94ce188ef0534c1e8601226fc60163dd,InfrastructureEvent — Lancement Litecoin (LTC) par Charlie Lee (2011),InfrastructureEvent,date,2011-10-07,Vérification externe 02/08/2026 ; thèse ch.I l.359,assets/MD/01_chapitre_I.md,359,"…les modifications effectuées, à l'image de sa communication, sont simples. Il est lancé début octobre 2011 par Charlie Lee, ancien employé de Google et frère de Bobby Lee (fondateur des pièces…",début octobre 2011,accord_granularite_differente,,non,,"Le graphe porte 2011-10-07, compatible avec « début octobre 2011 ». Le numero de ligne annonce par l'audit anterieur (ch.I l.359) est EXACT."
2a82b098ae8c4ec2ba420111cfe9493d,"InfrastructureEvent — Colored Coins (protocole méta-token sur Bitcoin, 2012)",InfrastructureEvent,date,27/09/2012,,assets/MD/01_chapitre_I.md,371,"À partir de 2012, les « *monnaies alternatives* \[sont\] *un sujet populaire dans l\'espace Bitcoin *» et à côté de *« Litecoin* \[,\] *Primecoin* \[,\] *Ripple,* \[en émergent\] *de nouvelles*…",2012,accord_granularite_differente,,non,,Le graphe porte 27/09/2012 ; la these ne date les Colored Coins qu'a travers le contexte « À partir de 2012 » (ch.I l.371). Le jour n'est pas atteste.
af85b2621cb14132a88ffcb4e8185ac9,InfrastructureEvent — Lancement Peercoin (PoS) par Sunny King / Scott Nadal (2012),InfrastructureEvent,date,19/08/2012,,assets/MD/01_chapitre_I.md,361,"…la première CM à remettre en cause le consensus par la PoW est le «* Peercoin *» (ticker : PPC) annoncé en août 2012. Sa communication est claire : elle serait plus écologique, car sa…",août 2012,accord_granularite_differente,,non,,Le graphe porte 19/08/2012 ; le texte dit « annoncé en août 2012 ». La reference King & Nadal (07_bibliographie.md l.656) est datee du 19 aout 2012 : le jour vient de la bibliographie.
04de601cb8024a0a9e9f81974f1c8116,InfrastructureEvent — WordPress accepte les paiements en Bitcoin (2012),InfrastructureEvent,date,15/11/2012,,,,,,absent_du_texte,,non,,WordPress n'apparait pas dans la these. La date 15/11/2012 n'est pas attestee.
75f5c97d0a2648aea297475fa514300a,InfrastructureEvent — Rapport BCE sur les monnaies virtuelles (octobre 2012),InfrastructureEvent,date,01/10/2012,,assets/MD/01_chapitre_I.md,281,"…https://www.zotero.org/google-docs/?3C0YLn), s'y impose. Les premières publications et mises en garde (European Central Bank 2012, par exemple) poussent à l'émergence de premiers services de…",2012,accord_granularite_differente,,non,,Le rapport BCE est cite par son annee seule ; le 01/10/2012 du graphe est un jour de remplissage non atteste.
f5161f664dbd43929b59d560548ddd87,InfrastructureEvent — Lancement Darkcoin / Dash (2014),InfrastructureEvent,date,18/01/2014,,assets/MD/01_chapitre_I.md,365,"…en useront régulièrement pour lever des fonds pour différentes causes[^125]. Concluons par le « Darkcoin » / « Dash » (ticker : DASH), lancé début 2014. Il démontre comment les différentes…",début 2014,accord_granularite_differente,,non,,Le graphe porte 18/01/2014 ; le texte situe Darkcoin « début 2014 ». Compatible.
3198fc1ff3d748b78f220b5699264a44,InfrastructureEvent — Chine interdit les institutions d'utiliser Bitcoin (décembre 2013),InfrastructureEvent,date,05/12/2013,,,,,,absent_du_texte,,non,,L'interdiction chinoise faite aux institutions (decembre 2013) n'apparait pas dans le texte courant FR ; « China » n'apparait qu'en bibliographie.
d7fdcd25ac024e799bbaa6c9bda0a607,InfrastructureEvent — France rapport TraFin et régime fiscal du Bitcoin (2014),InfrastructureEvent,date,11/07/2014,,,,,,absent_du_texte,,non,,Le rapport TracFin/regime fiscal francais de 2014 n'apparait pas dans le texte courant FR.
fcddab6ea50c4380a94c2d5dc8b00480,"InfrastructureEvent — BitGo lève 12 millions $ (portefeuille multi-sig, 2014)",InfrastructureEvent,date,13/05/2014,,assets/MD/01_chapitre_I.md,619,"…Implémentée dans la version logicielle Bitcoin d'avril 2013, elle est intégrée dès août par l'entreprise BitGo dans une solution de garde (O'Brien 2014) et essaime (Bitpay, Coinbase, etc). La BIP…",,absent_du_texte,,non,,BitGo est cite (ch.I l.619) sans date de levee de fonds. Le 13/05/2014 n'est pas atteste.
d02f0c0a011a4ca09cf826f684f10222,InfrastructureEvent — ASIC Antminer S5 (1 TH/s) par Bitmain (2014),InfrastructureEvent,date,01/12/2014,,assets/MD/01_chapitre_I.md,441,"…l'expérience montre que ce choix fut vain puisque des ASICs apparaîtront (on retrouve ici l'entreprise Bitmain), charriant avec eux des controverses communautaires quant à l'opportunité…",,absent_du_texte,,non,,"Bitmain est citee 2 fois, jamais datee. Les modeles Antminer S5/S9 n'apparaissent pas."
3c3d4fec977c4e788b850a0ea5cbebfa,"InfrastructureEvent — Lancement d'Ethereum (Frontier, 30 juillet 2015)",InfrastructureEvent,date,30/07/2015,,assets/MD/01_chapitre_I.md,399,"…2017](https://www.zotero.org/google-docs/?SXx4xN)). Ethereum passe du « rêve » (Gerring, 2016) à la réalité le 20 juillet 2015, avec la publication de « Frontier » (première version «…",20 juillet 2015,desaccord_these_probablement_fausse,10 jours,oui,"Voir la question posee pour #1 : ch.I l.399 et l.443 disent 20/07/2015, ch.III l.529 et les annexes disent 30/07/2015. Le graphe suit 30/07. Le numero de ligne annonce par l'audit anterieur (ch.I l.399) est EXACT.",CONTRADICTION INTERNE A LA THESE. Le graphe n'est pas en cause ; c'est le ch. I qui diverge du ch. III et des annexes.
544943d3d87a4c898c5e706622b2df97,InfrastructureEvent — France audition Commission des Finances sur les cryptomonnaies (2015),InfrastructureEvent,date,07/11/2014,,,,,,absent_du_texte,,non,,L'audition de la Commission des Finances francaise n'apparait pas dans le texte courant FR. NB : le nom de l'entite dit « (2015) » alors que son attribut date porte 07/11/2014 — INCOHERENCE INTERNE DU GRAPHE.
3dd742f499c64c5ba60e874c0435e859,InfrastructureEvent — eBay / PayPal intègre Bitcoin (2014-2015),InfrastructureEvent,date,08/09/2014,,,,,,absent_du_texte,,non,,L'integration de Bitcoin par eBay/PayPal n'apparait pas dans le texte courant FR.
07715d5ff1d647e88fa6a2f94be1a102,InfrastructureEvent — ASIC Antminer S9 (14 TH/s) par Bitmain (2016),InfrastructureEvent,date,12/06/2016,,assets/MD/01_chapitre_I.md,441,"…l'expérience montre que ce choix fut vain puisque des ASICs apparaîtront (on retrouve ici l'entreprise Bitmain), charriant avec eux des controverses communautaires quant à l'opportunité…",,absent_du_texte,,non,,Doublon de #184 pour le modele S9.
75ca941e17f4489fa47ced4aeafdd2f8,InfrastructureEvent — BitGo lève 49 millions $ (octobre 2016),InfrastructureEvent,date,06/10/2016,,assets/MD/01_chapitre_I.md,619,"…Implémentée dans la version logicielle Bitcoin d'avril 2013, elle est intégrée dès août par l'entreprise BitGo dans une solution de garde (O'Brien 2014) et essaime (Bitpay, Coinbase, etc). La BIP…",,absent_du_texte,,non,,Doublon de #183 pour la levee de 49 M$.
55f0a933c1f6483f80adda294c744961,InfrastructureEvent — Lancement bourse d'échange Bitcoin en Inde (2016),InfrastructureEvent,date,01/07/2016,,,,,,absent_du_texte,,non,,Le lancement d'une bourse Bitcoin en Inde n'apparait pas dans la these.
fb4d19f9cec5420fbadd1b074d7872a4,InfrastructureEvent — Annulation du New York Agreement / SegWit2x (novembre 2017),InfrastructureEvent,date,11/11/2017,,assets/MD/02_chapitre_II.md,402,"…(Bier 2021b) ; puis « Scaling III » à Milan en octobre 2016. Le « *New York Agreement* » de mai 2017, initié par B. Silbert (CEO de « Digital Currency Group ») et dernière tentative de…",,absent_du_texte,,non,,"L'annulation de SegWit2x (novembre 2017) n'est pas dans le texte courant ; « SegWit2x » n'apparait qu'une fois, en bibliographie."
bcadca2adf144ddbb061b722a8c85a80,InfrastructureEvent — Coinbase atteint 5 millions utilisateurs (2017),InfrastructureEvent,date,08/01/2017,,,,,,absent_du_texte,,non,,"Le seuil des 5 millions d'utilisateurs Coinbase n'apparait pas dans la these (le texte cite Coinbase comme indicateur, sans ce chiffre date)."
b3e21da76d6548fda0625c0410af758c,"InfrastructureEvent — Lancement Binance (plateforme d'échange mondiale, 2017)",InfrastructureEvent,date,14/07/2017,,,,,,absent_du_texte,,non,,Binance n'apparait dans aucun des 8 fichiers FR.
238900a65cec44bcad171c31850bc611,Scaling Debate (2015-2017),GovernanceConflict,period,2015-2017,,assets/MD/02_chapitre_II.md,406,"…et les positions des acteurs dans l'écosystème. La première augmentation de la limite est proposée en 2013, mais les débats s'intensifient en 2015 (Wirdum 2017). Des projets de nouvelles…",2013 / 2015 / août 2017,accord_granularite_differente,,non,,"L'intervalle 2015-2017 du graphe est compatible avec la periodisation du texte, qui fait toutefois remonter la premiere proposition a 2013."
d3db9a3bd38441f48ef0e79eecb44bb0,Conflit DAO Fork (2016),GovernanceConflict,period,juin-juillet 2016,,assets/MD/03_chapitre_III.md,559,"…un «* exploit similaire dans la fonction splitDAO* » (*Ibid.*). Au petit matin du 17 juin, une attaque est lancée impliquant cette fonction, qui est un dispositif innovant conçut par «…",juin – juillet 2016,accord,,non,,"La periodisation de la crise du Hard Fork court du 17 juin 2016 (attaque, ch.III l.559) au 20 juillet 2016 (fork, ch.III l.733 : le repertoire ETHC est cree « le 10 juillet, en amont du Fork »)."
14985e18fb394a4f90f5644668f0fb93,Controverse ASIC et centralisation du minage,GovernanceConflict,period,2012-2018,,assets/MD/01_chapitre_I.md,441,"…montre que ce choix fut vain puisque des ASICs apparaîtront (on retrouve ici l'entreprise Bitmain), charriant avec eux des controverses communautaires quant à l'opportunité d'actions…",,absent_du_texte,,non,,La controverse ASIC est attestee (ch.I l.441) mais jamais bornee dans le temps. L'intervalle 2012-2018 du graphe n'est pas atteste.
53e16cb611ff4dd6997b42194419652d,Controverse Taproot activation (2021),GovernanceConflict,period,2021,,,,,,absent_du_texte,,non,,"« Taproot » n'apparait que dans deux citations d'entretien (ch.III l.955 et l.999, la meme citation reprise), jamais date, et jamais comme controverse d'activation. L'annee 2021 n'est pas attestee."
ad19591afb62496e90aba4dd1d65d1ef,MtGox,Organization,foundedYear,2010,,assets/MD/01_chapitre_I.md,271,"Avant MtGox et sans espace de conversion suffisant, la valeur des UCN se fait dilemme de la « *poule et de l'œuf* » puisque sans valeur, pas d'acceptation en échange et sans échanges, pas…",,absent_du_texte,,non,,Doublon de #59 : la date de creation de MtGox (2010) n'est pas ecrite dans la these.
e1891c0de0654e0697d722f8421f40f7,Paymium,ActorNonHuman,foundedYear,2011,,assets/MD/05_glossaire_annexes.md,1026,"…intéressés par les monnaies alternatives. Dès 2011, il fonde -- avec un associé -- la première place de marché Bitcoin euro au monde : « Paymium.com », qui compte près de 15 salariés aujourd'hui.…",dès 2011,accord,,non,,
8991d9f05d234b6d876d16334f60af63,Coinbase,Organization,foundedYear,2012,,assets/MD/01_chapitre_I.md,639,"…les projets et les firmes avaient recours à un financement interne. En 2012, les premiers fonds de capital-risque font leur entrée et, dès lors, ce type d'investissement ne cesse de croître et…",,absent_du_texte,,non,,"La date de fondation de Coinbase n'est pas dans la these. Le seul « 2012 » proche concerne l'entree des fonds de capital-risque, pas Coinbase."
0235afb12219443c9fd0580e7b5a07a1,Bitstamp,Organization,foundedYear,2011,,,,,,absent_du_texte,,non,,Bitstamp n'apparait dans aucun des 8 fichiers FR.
bf886a7f94454c48829b2eb7989f6e53,Kraken,Organization,foundedYear,2011,,assets/MD/01_chapitre_I.md,699,"…le fondateur de MtGox, Jed McCaleb et Arthur Britto, qui s'associent à Jesse Powell (CEO de la plateforme d'échange *Kraken*), à David Schwartz, ainsi qu'à Chris Larsen (*Ibid* et [Bradbury…",,absent_du_texte,,non,,Doublon de #164.
f38c133912434110920093c16b4ce1bc,Capability — Minage industriel ASIC,Capability,period,2013-,,assets/MD/01_chapitre_I.md,269,"…fin 2010) et la compétition accrue oppose des machines de plus en plus spécialisées (GPU, FGPA puis ASICS ; Sedgwick 2019c; cf. section suivante). Aussi, ouvrir d'autres voies d'accès à Bitcoin…",,absent_du_texte,,non,,Le passage a un minage industriel ASIC est atteste mais non date. La borne « 2013- » du graphe n'est pas attestee.
5b6c1bb3fb734c53899662612f54242a,Bitfinex,Organization,foundedYear,2012,,assets/MD/01_chapitre_I.md,643,"…expliquer en partie les pics de 2013 \[Gandal & Al., 2018\] et de 2017, impliquant la plateforme Bitfinex, voir <https://www.nytimes.com/2018/01/31/technology/bitfinex-bitcoin-price.html>…",,absent_du_texte,,non,,"Bitfinex est citee 4 fois, jamais datee quant a sa creation."
1a4cccd801224a8fa0ef8b8af372538c,BTC-e,Organization,foundedYear,2011,,,,,,absent_du_texte,,non,,BTC-e apparait dans la these (11 lignes) mais sans date de creation ; l'annee 2011 n'est pas attestee.
0332cb342a114a97ab62d525d4142ae3,Casascius Physical Bitcoins,ActorNonHuman,period,2011-2013,,assets/MD/01_chapitre_I.md,607,"…forme de portefeuille papier ou « *Paper Wallet *»*,* puis de pièces numismatiques émises par l'entreprise « *Casacius* » en septembre 2011) ([Sedgwick 2018d)](https://www.zotero.org/google-docs/?i…",septembre 2011,accord_granularite_differente,,non,,La periode 2011-2013 du graphe englobe la seule date attestee (septembre 2011). La fin de periode (2013) n'est pas attestee. NB : la these ecrit « Casacius » (l.607) et « Cascascius » (l.359) ; le graphe ecrit « Casascius ».
745d9cb788724854bf89b6945dfaf9c4,Bitcoin Fog,ActorNonHuman,period,2011-2021,,,,,,absent_du_texte,,non,,« Bitcoin Fog » n'apparait dans aucun des 8 fichiers FR.
914131a99e9d47b78ced89e609cc6294,BitLaundry,ActorNonHuman,period,2010,,assets/MD/01_chapitre_I.md,607,"…la fongibilité des UCN et la vie privée des usagers - était d'ailleurs apparue avec « *BitLaundry* », fin 2010 (<https://bitcointalk.org/index.php?topic=963.0>, [Rauchs…",fin 2010,accord,,non,,"La periode « 2010 » du graphe est compatible avec « fin 2010 ». Voir #96, qui porte pour le meme objet un jour precis (2010-09-01) non atteste."
8f71d1cbe6fb424eac4200dbbc1c34c9,Capability — Transfert physique off-chain (Casascius),Capability,period,2011-2013,,assets/MD/01_chapitre_I.md,607,"…forme de portefeuille papier ou « *Paper Wallet *»*,* puis de pièces numismatiques émises par l'entreprise « *Casacius* » en septembre 2011) ([Sedgwick 2018d)](https://www.zotero.org/google-docs/?i…",septembre 2011,accord_granularite_differente,,non,,Doublon fonctionnel de #206.
d0aa57fecf684bd1b5aeca6e8e36895c,Capability — Minage GPU (distribution),Capability,period,2010-2012,,assets/MD/01_chapitre_I.md,269,"…fin 2010) et la compétition accrue oppose des machines de plus en plus spécialisées (GPU, FGPA puis ASICS ; Sedgwick 2019c; cf. section suivante). Aussi, ouvrir d'autres voies d'accès à Bitcoin…",,absent_du_texte,,non,,La succession GPU/FPGA/ASIC est attestee mais non datee. L'intervalle 2010-2012 n'est pas atteste.
041836ba3e5c4b39aecbc60498fc603d,Capability — Minage FPGA (semi-spécialisation),Capability,period,2011-2013,,assets/MD/01_chapitre_I.md,269,"…fin 2010) et la compétition accrue oppose des machines de plus en plus spécialisées (GPU, FGPA puis ASICS ; Sedgwick 2019c; cf. section suivante). Aussi, ouvrir d'autres voies d'accès à Bitcoin…",,absent_du_texte,,non,,Idem #210 pour le FPGA (2011-2013).
8c6539857956431cb3e82ac1e0548a55,InfrastructureEvent — Dépôt du nom de domaine bitcoin.org,InfrastructureEvent,date,2008-07-18,,assets/MD/01_chapitre_I.md,265,"…les acteurs qui prendraient part à la constitution de son réseau*.* La date du 18 juillet 2008, retenue par notre chronologie, correspond à celle choisie par Nakamoto pour déposer le nom de…",18 juillet 2008,accord,,non,,Doublon fonctionnel de #79.
ef4dc40dd6a242019dc88551d68bbd7a,"InfrastructureEvent — SourceForge Bitcoin repo (Martti Malmi, 2009)",InfrastructureEvent,date,2009-10-30,,assets/MD/01_chapitre_I.md,267,"…*des correctifs de code avec Satoshi par courrier électronique* », dès le « *30 octobre 2009,* *Sirius (Martti Malmi)* \[...\] *crée un dépôt subversion pour le projet Bitcoin sur SourceForge* »,…",30 octobre 2009,accord,,non,,Corrobore par ch.III l.303 : « créa le 30 octobre 2009 la première version du répertoire logiciel ».
de0b904e361b431c894e53b1acff91f1,Changement de régime transactionnel (phase de péché),Concept,period,avril 2012 – octobre 2013,,assets/MD/01_chapitre_I.md,275,### La phase de « péché » (d'avril 2012 à octobre 2013),d'avril 2012 à octobre 2013,accord,,non,,
c59f0db4315f46c98458d6893b1d297f,InfrastructureEvent — Expansion services monétaires et financiers Bitcoin (2012-2013),InfrastructureEvent,period,2012-2013,,assets/MD/01_chapitre_I.md,281,"…de l'infrastructure Bitcoin, s'opposent de premières volontés collectives : fin 2012 est lancée la « Fondation Bitcoin », incarnation formelle d'un écosystème et de son intérêt (comme conçu par ses…",,accord_granularite_differente,,non,,L'expansion des services monetaires et financiers est decrite sur la phase de peche (avril 2012 – octobre 2013) : l'intervalle 2012-2013 du graphe est compatible.
0b78cd80142143b8a879845debb6c3c6,InfrastructureEvent — Innovations de métaprotocole Bitcoin (2012-2014),InfrastructureEvent,period,2012-2014,,assets/MD/01_chapitre_I.md,373,"…lancé le 31 juillet 2013, fait suite à la publication par J.R. Willet, dès janvier 2012, du WP modestement intitulé « *The Second Bitcoin Whitepaper »* [(Lars…",janvier 2012 – janvier 2014 (Counterparty),accord_granularite_differente,,non,,"Les innovations de metaprotocole sont datees de janvier 2012 (WP de Willett) a janvier 2014 (Counterparty, l.375) : l'intervalle 2012-2014 du graphe est compatible."
22355ecc9bf04737be7e071a871509f3,InfrastructureEvent — BIP-39 : phrases mnémoniques (wallets HD),InfrastructureEvent,date,2013,,assets/MD/01_chapitre_I.md,619,"…2014) et essaime (Bitpay, Coinbase, etc). La BIP 39, elle, permet de dériver les clefs cryptographiques d'une phrase lisible par les humains, facilitant leur gestion sécuritaire. Des offres…",,absent_du_texte,,non,,"La BIP 39 est decrite (note 80, ch.I l.619) mais n'est jamais datee. L'annee 2013 du graphe n'est pas attestee."
4d2430ba5c22456387bea785f5b42a67,PriceWindow — Pic décembre 2013 (~1000$),PriceWindow,date,2013-12,,assets/MD/01_chapitre_I.md,293,"…le début de période, le BTC connaît une envolée importante de son cours (en décembre 2013, il culmine à près de 1000 \$) suivant une intervention, largement médiatisée, marquant un affermissement…",décembre 2013,accord,,non,,
ee7d24e80387457fb271f75f1db49446,PriceWindow — Pic décembre 2017 (~20 000$),PriceWindow,date,2017-12,,assets/MD/01_chapitre_I.md,293,"…d'année 2017, au cours de laquelle son prix de marché est multiplié par 20 (culminant à près de 20 000 \$ fin 2017) avant, là encore, de connaître une baisse importante durant 2018 et 2019, pour…",fin 2017,accord_granularite_differente,,non,,Le graphe porte 2017-12 ; le texte dit « fin 2017 ».
951169948e214b3f97ee0515977010b0,PriceWindow — Point bas 2018-2019 (~3300$),PriceWindow,date,2018-2019,,assets/MD/01_chapitre_I.md,293,"…\$ fin 2017) avant, là encore, de connaître une baisse importante durant 2018 et 2019, pour atteindre un point bas d'environ 3300 \$. Durant 2019 et 2020, son cours, bien qu'erratique, se stabilise…",2018 et 2019,accord,,non,,
d7b4845bbc4448708a5f7113368ccce6,PriceWindow — Stabilisation 2019-2020 (~8000$),PriceWindow,date,2019-2020,,assets/MD/01_chapitre_I.md,293,"…et 2019, pour atteindre un point bas d'environ 3300 \$. Durant 2019 et 2020, son cours, bien qu'erratique, se stabilise vers les 8000 \$. Ces cycles impressionnants de « bull and bear » cachent…",2019 et 2020,accord,,non,,
3097f3ada89146d89f300ae74fb85ada,InfrastructureEvent — CME : marchés futurs Bitcoin (2017),InfrastructureEvent,date,2017,,assets/MD/01_chapitre_I.md,289,"…acteurs reconnus (marchés futurs par le *Chicago Board Option Exchange* ou le *Chicago Mercantile Exchange*, courant 2017). En outre, l'établissement de liaisons toujours plus nombreuses,…",courant 2017,accord,,non,,Meme phrase que #134 : le CME est bien date de 2017 par le texte.
60fec4fa361140efbaa72b212c415e9f,InfrastructureEvent — NYSE publie données de prix Bitcoin (2015),InfrastructureEvent,date,2015,,assets/MD/01_chapitre_I.md,289,"…d'abord, par simple publication de données de prix agrégées (Nasdaq fin 2013, suivi par le NYSE en 2015), plus directement ensuite, par la création de produit financier spécifique par des…",en 2015,accord,,non,,Le texte date bien la publication des donnees de prix par le NYSE de 2015.
a7eed337853c42baaa35bdfb0b2a6f69,Bitcoin comme paire pivot des marchés crypto,Concept,period,2013-2017 environ,,assets/MD/01_chapitre_I.md,673,…concernant l'évolution des parts de marché des différentes CM entre le 28 avril 2013 et le 13 mai 2017 montre que près de sept CM apparaissaient chaque semaine et qu'un nombre…,28 avril 2013 – 13 mai 2017,accord_granularite_differente,,non,,L'intervalle 2013-2017 du graphe correspond a la fenetre d'etude d'ElBahrawy et al. citee en note 107.
f77fee10399c40a89d321ea884a70b79,Saturation des capacités de traitement de Bitcoin (2017),Concept,period,2017 surtout,,assets/MD/01_chapitre_I.md,293,"…de la demande transactionnelle de Bitcoin se poursuit à partir de 2013, et augmente brusquement courant 2017. Par son succès, Bitcoin doit supporter un nombre d'utilisateurs actifs croissant…",courant 2017,accord,,non,,
03f93467fc1f4650acdc64167a8ecce4,Narrative 'blockchain sans Bitcoin' (2015),Concept,period,2015 et après,,assets/MD/01_chapitre_I.md,631,…Blythe Master de JP Morgan dans *Bloomberg* (Massa 2015) ; voir aussi l'article de *The Economist* d'octobre 2015 : « *The Trust Machine : How the technology behind Bitcoin could change the…,"octobre 2015 (The Economist) ; 2015 (Massa, JP Morgan)",accord,,non,,"La note 86 (ch.I l.631) date de 2015 le slogan « Forget Bitcoin, embrace blockchain » (Massa 2015 ; The Economist d'octobre 2015). Corrobore par le corps, l.289 : « L'année 2015 est bien charnière »."
c4f2c47e95f2452daed330139fd8691f,"InfrastructureEvent — Ledger (premier hardware wallet français, 2014)",InfrastructureEvent,date,2014,,assets/MD/01_chapitre_I.md,289,"…2019)](https://www.zotero.org/google-docs/?fXPij4) suivi dès 2014 par Ledger, une firme française devenue leader du secteur \[Entretien n°8\]. Le secteur financier est incontestablement…",dès 2014,accord,,non,,
b609ad6d0bee4ec69b2474c6260537da,Régime transactionnel de la phase de maturation,Concept,period,nov. 2013 – présent,,assets/MD/01_chapitre_I.md,285,### La phase de « maturation » (de novembre de 2013 à aujourd'hui),de novembre 2013 à aujourd'hui,accord,,non,,
0c6543e3c0a74af5b0f004d4e44833e7,GovernanceProcess — Bitcoin Scaling Debate (2015-2017),GovernanceProcess,dateStart | dateEnd,2015 | 2017-08,,assets/MD/02_chapitre_II.md,406,"…l'écosystème. La première augmentation de la limite est proposée en 2013, mais les débats s'intensifient en 2015 (Wirdum 2017). Des projets de nouvelles implémentations révèlent des divisions au…",2015 ; août 2017,accord_granularite_differente,,non,,"dateStart=2015 et dateEnd=2017-08 sont compatibles avec la periodisation du texte (intensification 2015, fork contentieux aout 2017)."
cf8cf57a5c414213a1120ec0ad287046,GovernanceProcess — DAO Fork délibération (juin-juillet 2016),GovernanceProcess,dateStart | dateEnd,2016-06-17 | 2016-07-20,,assets/MD/03_chapitre_III.md,559,"…un «* exploit similaire dans la fonction splitDAO* » (*Ibid.*). Au petit matin du 17 juin, une attaque est lancée impliquant cette fonction, qui est un dispositif innovant conçut par «…",17 juin 2016 – 20 juillet 2016,accord,,non,,"dateStart=2016-06-17 correspond a l'attaque (ch.III l.559) ; dateEnd=2016-07-20 au Hard Fork, dont le texte ne donne le jour qu'indirectement (ch.III l.733)."
44e842cde307496fb3701b6570386316,GovernanceProcess — CVE-2018-17144 résolution (septembre 2018),GovernanceProcess,dateStart | dateEnd,2018-09-17 | 2018-09-20,,assets/MD/03_chapitre_III.md,39,"…une poignée d'acteurs de confiance. Cette faille Bitcoin CVE 2018 doit sa découverte, le 17 septembre 2018, à « *Awemany* », un développeur « extérieur » à Bitcoin (Awemany 2018 ; Bitcoin Core…",17 septembre 2018 – 20 septembre 2018,accord,,non,,"dateEnd=2018-09-20 correspond a la divulgation complete (07_bibliographie.md l.148, « CVE-2018-17144 Full Disclosure », 20 septembre 2018)."
b0e025a2dbd64e1a97a2b580667ee267,GovernanceProcess — Réponse réglementaire au hack MtGox (2014),GovernanceProcess,dateStart | dateEnd,2014-02 | 2014,,assets/MD/01_chapitre_I.md,627,"…2013; 2014). Son conseil d\'administration est constitué de personnalités comme M. Karpelès, CEO de la bourse MtGox, le développeur G. Andresen, ou encore Charlie Shrem (condamné dans l'affaire…",,absent_du_texte,,non,,La reponse reglementaire au hack MtGox n'est pas periodisee dans la these. dateStart=2014-02 / dateEnd=2014 ne sont pas attestes.
52b78e8f887849daae08b2c1681272ed,GovernanceProcess — Adoption BIP-16 P2SH (avril 2012),GovernanceProcess,dateStart | dateEnd,2012-01 | 2012-04,,assets/MD/01_chapitre_I.md,619,"…logiciels »* la prise en charge de transactions multi-signatures. Implémentée dans la version logicielle Bitcoin d'avril 2013, elle est intégrée dès août par l'entreprise BitGo dans une solution…",avril 2013,desaccord_non_arbitrable,1 an,oui,"Meme question que #126 : le graphe situe l'adoption de la BIP 16 entre janvier et avril 2012, la these parle d'une implementation « d'avril 2013 ». Deux actes ou erreur ?",Le texte ne parle jamais de 2012 pour la BIP 16.
2cce8c93e3984269bf089e262d3af80d,Première révolution industrielle du minage Bitcoin,Concept,period,2010-2012,,assets/MD/01_chapitre_I.md,269,"…fin 2010) et la compétition accrue oppose des machines de plus en plus spécialisées (GPU, FGPA puis ASICS ; Sedgwick 2019c; cf. section suivante). Aussi, ouvrir d'autres voies d'accès à Bitcoin…",,absent_du_texte,,non,,L'expression « première révolution industrielle du minage » n'est pas dans le texte ; l'intervalle 2010-2012 n'est pas atteste.
fb0eeba9b7474ed286cdb934791d022d,Guerre des blocs (Blocksize War),GovernanceConflict,period,"2015-2017 (effets durables, toujours actif 2026)",,assets/MD/02_chapitre_II.md,406,"…et les positions des acteurs dans l'écosystème. La première augmentation de la limite est proposée en 2013, mais les débats s'intensifient en 2015 (Wirdum 2017). Des projets de nouvelles…",2013 / 2015 / août 2017,accord_granularite_differente,,non,,Doublon fonctionnel de #194 et #229 (trois entites du graphe pour le meme conflit). La mention « toujours actif 2026 » dans la periode du graphe n'a evidemment aucun repondant dans une these soutenue en 2024.
cd6241f420a940b6904326b1fa207646,Congestion du mempool et hausse des frais (2017),InfrastructureEvent,date,pic décembre 2017,,assets/MD/01_chapitre_I.md,293,"…de la demande transactionnelle de Bitcoin se poursuit à partir de 2013, et augmente brusquement courant 2017. Par son succès, Bitcoin doit supporter un nombre d'utilisateurs actifs croissant…",courant 2017 ; « fin 2017 » pour le pic de prix,accord_granularite_differente,,non,,Le graphe dit « pic décembre 2017 » ; le texte dit « courant 2017 » pour la demande transactionnelle et « fin 2017 » pour le pic de prix. Le mois de decembre n'est pas ecrit pour la congestion.
c501df1a0cb5496588d3806003d6f6d3,Migration DApps Counterparty vers Ethereum (2014-2015),InfrastructureEvent,period,2014-2015,,assets/MD/01_chapitre_I.md,375,"…d'appréhender l'opprobre communautaire que ces usages suscitaient (voir Annexe n°IV.1). Lancé en janvier 2014, il est assez similaire à ses prédécesseurs, bien que plus complet en ce qu'il introduit…",,absent_du_texte,,non,,La migration des DApps de Counterparty vers Ethereum n'est pas datee dans la these. L'intervalle 2014-2015 n'est pas atteste.
b18c50643f6b4a59a9b06ff01ecf2e5c,"InfrastructureEvent — Lancement Casascius Physical Bitcoins (Mike Caldwell, 2011)",InfrastructureEvent,date,2011,,assets/MD/01_chapitre_I.md,607,"…forme de portefeuille papier ou « *Paper Wallet *»*,* puis de pièces numismatiques émises par l'entreprise « *Casacius* » en septembre 2011) ([Sedgwick 2018d)](https://www.zotero.org/google-docs/?i…",septembre 2011,accord_granularite_differente,,non,,"Le graphe attribue Casascius a Mike Caldwell ; la these (ch.I l.359) l'attribue a Bobby Lee (« fondateur des pièces numismatiques Cascascius »). DIVERGENCE D'ATTRIBUTION, a signaler a l'auteur."
dbaa2fa2fe86491990df355f8996bc03,Volume de trading crypto (explosion 2017-2021),Concept,period,2017-2021,,assets/MD/01_chapitre_I.md,293,"…tendance du cours haussière et, de 2013 à 2020, son cours, comme les volumes échangés sur les places d'échange et transitant par le réseau, sont en hausse régulière (Annexes n°II). Ces systèmes de…",2013 – 2020,desaccord_non_arbitrable,,non,,"Le graphe borne l'explosion des volumes a 2017-2021 ; le texte parle d'une hausse reguliere de 2013 a 2020. Bornes differentes, aucune contradiction franche."
fc5ad50cc59d417c9afd05b437a42366,Parity Multisig Freeze (novembre 2017),CrisisEvent,date,6 novembre 2017,,,,,,absent_du_texte,,non,,"Le gel des portefeuilles multisig Parity (novembre 2017) n'apparait pas dans la these ; Parity y est cite comme implementation cliente, pas pour cet incident."
c5b853a4aa0447ed88bc11828a8c805c,"The Merge (transition Ethereum PoW → PoS, septembre 2022)",InfrastructureEvent,date,15 septembre 2022,,assets/MD/00_introduction.md,378,"[^39]: Ethereum , le 15/09/2022, a transitionné d’un algorithme de consensus en preuve de travail ( PoW ) à un algorithme en preuve d’enjeu (« PoS ) . Bien que prévu dès l’origine (voir Kessler 2022…",15/09/2022,accord,,non,,"Corrobore par 07_bibliographie.md l.644 (Kessler 2022, 15 septembre 2022)."
eed0b89cd2e740718059c16591f9bfb7,Phase de maturation,DevelopmentPhase,dateStart | dateEnd,2013-01-01T00:00:00.000Z | 2015-12-31T00:00:00.000Z,,assets/MD/01_chapitre_I.md,285,### La phase de « maturation » (de novembre de 2013 à aujourd'hui),de novembre 2013 à aujourd'hui,desaccord_graphe_probablement_faux,~10 mois sur le debut ; fin fermee a tort,oui,"Le graphe borne la « Phase de maturation » a 2013-01-01 / 2015-12-31 alors que le titre de section de la these (ch.I l.285, repris au sommaire l.37) dit « de novembre de 2013 à aujourd'hui » et que le corps (l.287) dit « Fin 2013 ». Corrigez-vous dateStart en 2013-11 et supprimez-vous dateEnd ?","Le graphe se contredit lui-meme : l'entite Concept #228 « Régime transactionnel de la phase de maturation » porte, elle, « nov. 2013 – présent »."
549dedd53b84b0f870d09e03ac9fbceb,InfrastructureEvent — PR 9049 : insémination du bogue CVE-2018-17144 (octobre 2016),InfrastructureEvent,date,2016-10,Thèse ch.III l.87,assets/MD/03_chapitre_III.md,87,"En octobre 2016, M. Corallo propose la PR 9049[^9] qui vise à accélérer le temps de vérification pour des enregistrements voués à être plus lourds (en taille mémoire), après la mise à jour « SegWit »…",octobre 2016,accord,,non,,Le numero de ligne annonce par le dateSource du graphe (« Thèse ch.III l.87 ») est EXACT.
4538f97bb85b07ecd652fb2bf6bede0c,"InfrastructureEvent — Publication du WP d'Ethereum (Buterin, fin novembre 2013)",InfrastructureEvent,date,2013-11,Thèse ch.I l.393,assets/MD/01_chapitre_I.md,393,"…moins de conflits politiques *»* : Primecoin* (*Ibid.*, p. 57). Buterin rédige la première version du WP d'Ethereum fin novembre 2013[^136], lorsqu'il est hébergé chez Stephan Thomas, le CTO de…",fin novembre 2013,accord,,non,,Le numero de ligne annonce par le dateSource du graphe et par l'audit anterieur (ch.I l.393) est EXACT.
bb7e8e8fd76be2b3ace23007e6faed3f,"InfrastructureEvent — Testnet Olympic, neuvième itération (9 mai 2015)",InfrastructureEvent,date,2015-05-09,Thèse ch.I l.399,assets/MD/01_chapitre_I.md,399,"…24 novembre 2014[^150]) et d'efforts de développement : « Olympic », dénomination de la neuvième itération du testnet, en date du 9 mai 2015, établit la dernière preuve de concept avant le…",9 mai 2015,accord,,non,,Le numero de ligne annonce par le dateSource (« Thèse ch.I l.399 ») est EXACT.
e2157aa27a83bd481000c494d7f869e8,InfrastructureEvent — Pivot « blockchain sans les UCN » des acteurs financiers et des médias (2015),InfrastructureEvent,date,2015,Thèse ch.I l.289,assets/MD/01_chapitre_I.md,289,"…(cf. les métaprotocoles et autres *Altcoins*\*, en rose, cf. section suivante). L'année 2015 est bien charnière, et la popularité des applications non monétaires grandit suivant que des acteurs…",2015,accord,,non,,"Le numero de ligne annonce par le dateSource (« Thèse ch.I l.289 ») est EXACT : « L'année 2015 est bien charnière, et la popularité des applications non monétaires grandit suivant que des acteurs financiers, relayés par de grands médias généralistes, font leur publicité ». La note 86 (l.631) corrobore (Massa 2015 ; The Economist d'octobre 2015)."
eee2478423515dbe3553e41d9d635fb0,InfrastructureEvent — Coinbase : fondation (2012),InfrastructureEvent,date,2012,Thèse fig. n°6 ; ch.I l.287,assets/MD/01_chapitre_I.md,287,"…- comme l'indique le nombre de transactions, d'adresses actives ou de comptes ouverts sur « Coinbase », une des plateformes d'échange les plus importantes (en violet, voir aussi Annexe…",,absent_du_texte,,non,,"Le dateSource du graphe annonce « Thèse fig. n°6 ; ch.I l.287 ». La ligne 287 existe et cite bien Coinbase, mais NE PORTE AUCUNE DATE DE FONDATION. L'annee 2012 ne repose donc que sur la figure n°6."
f1927b1b6c9371e1df03b058f3d8c408,"InfrastructureEvent — Publication de « The Second Bitcoin Whitepaper » (Willett, janvier 2012)",InfrastructureEvent,date,2012-01,Thèse ch.I l.373,assets/MD/01_chapitre_I.md,373,"…lancé le 31 juillet 2013, fait suite à la publication par J.R. Willet, dès janvier 2012, du WP modestement intitulé « *The Second Bitcoin Whitepaper »* [(Lars…",dès janvier 2012,accord,,non,,"Le numero de ligne annonce par le dateSource (« Thèse ch.I l.373 ») est EXACT ; le passage dit « fait suite à la publication par J.R. Willet, dès janvier 2012, du WP modestement intitulé... »."
6f8631eacbadc58e9b3c184372e50b81,Ethereum Hard Fork — Frontier Thawing,ProtocolChange,date,2015-08-04,"Chronologie des HF d'Ethereum V1 (M. Rolland) — constituee et verifiee par l'auteur, non mobilisee dans la these",,,,,absent_du_texte,,non,,"Hard Fork Ethereum absent de la these. Le dateSource du graphe le dit lui-meme : « Chronologie des HF d'Ethereum V1 (M. Rolland) — constituee et verifiee par l'auteur, non mobilisee dans la these ». Aucune verification textuelle possible, et ce n'est pas un defaut."
2daf14737ac02a14b06f770f8046f3c7,Ethereum Hard Fork — Homestead,ProtocolChange,date,2016-03-14,"Chronologie des HF d'Ethereum V1 (M. Rolland) — constituee et verifiee par l'auteur, non mobilisee dans la these",,,,,absent_du_texte,,non,,"Hard Fork Ethereum absent de la these. Le dateSource du graphe le dit lui-meme : « Chronologie des HF d'Ethereum V1 (M. Rolland) — constituee et verifiee par l'auteur, non mobilisee dans la these ». Aucune verification textuelle possible, et ce n'est pas un defaut."
dfc2028b715ce4c66c48d08b1aa0dac0,Ethereum Hard Fork — Tangerine Whistle,ProtocolChange,date,2016-10-18,"Chronologie des HF d'Ethereum V1 (M. Rolland) — constituee et verifiee par l'auteur, non mobilisee dans la these",,,,,absent_du_texte,,non,,"Hard Fork Ethereum absent de la these. Le dateSource du graphe le dit lui-meme : « Chronologie des HF d'Ethereum V1 (M. Rolland) — constituee et verifiee par l'auteur, non mobilisee dans la these ». Aucune verification textuelle possible, et ce n'est pas un defaut."
90748c44eebb88fb889fa419159e72e7,Ethereum Hard Fork — Spurious Dragon,ProtocolChange,date,2016-11-22,"Chronologie des HF d'Ethereum V1 (M. Rolland) — constituee et verifiee par l'auteur, non mobilisee dans la these",,,,,absent_du_texte,,non,,"Hard Fork Ethereum absent de la these. Le dateSource du graphe le dit lui-meme : « Chronologie des HF d'Ethereum V1 (M. Rolland) — constituee et verifiee par l'auteur, non mobilisee dans la these ». Aucune verification textuelle possible, et ce n'est pas un defaut."
992e94ee75227cf02aaae2c367752d06,Ethereum Hard Fork — Byzantium,ProtocolChange,date,2017-10-16,"Chronologie des HF d'Ethereum V1 (M. Rolland) — constituee et verifiee par l'auteur, non mobilisee dans la these",,,,,absent_du_texte,,non,,"Hard Fork Ethereum absent de la these. Le dateSource du graphe le dit lui-meme : « Chronologie des HF d'Ethereum V1 (M. Rolland) — constituee et verifiee par l'auteur, non mobilisee dans la these ». Aucune verification textuelle possible, et ce n'est pas un defaut."
801ceac52958a50815963a9826719d34,Ethereum Hard Fork — St. Petersburg,ProtocolChange,date,2019-02-28,"Chronologie des HF d'Ethereum V1 (M. Rolland) — constituee et verifiee par l'auteur, non mobilisee dans la these",,,,,absent_du_texte,,non,,"Hard Fork Ethereum absent de la these. Le dateSource du graphe le dit lui-meme : « Chronologie des HF d'Ethereum V1 (M. Rolland) — constituee et verifiee par l'auteur, non mobilisee dans la these ». Aucune verification textuelle possible, et ce n'est pas un defaut."
36872a2e0f2ba1af10285fc4a458d89e,Ethereum Hard Fork — Istanbul,ProtocolChange,date,2019-12-08,"Chronologie des HF d'Ethereum V1 (M. Rolland) — constituee et verifiee par l'auteur, non mobilisee dans la these",,,,,absent_du_texte,,non,,"Hard Fork Ethereum absent de la these. Le dateSource du graphe le dit lui-meme : « Chronologie des HF d'Ethereum V1 (M. Rolland) — constituee et verifiee par l'auteur, non mobilisee dans la these ». Aucune verification textuelle possible, et ce n'est pas un defaut."
69bbc0160968acbd6f0cfb812917767d,Ethereum Hard Fork — Muir Glacier,ProtocolChange,date,2020-01-02,"Chronologie des HF d'Ethereum V1 (M. Rolland) — constituee et verifiee par l'auteur, non mobilisee dans la these",,,,,absent_du_texte,,non,,"Hard Fork Ethereum absent de la these. Le dateSource du graphe le dit lui-meme : « Chronologie des HF d'Ethereum V1 (M. Rolland) — constituee et verifiee par l'auteur, non mobilisee dans la these ». Aucune verification textuelle possible, et ce n'est pas un defaut."
c4427c0f5da91478669a41b0f1392409,Ethereum Hard Fork — Berlin,ProtocolChange,date,2021-04-15,"Chronologie des HF d'Ethereum V1 (M. Rolland) — constituee et verifiee par l'auteur, non mobilisee dans la these",,,,,absent_du_texte,,non,,"Hard Fork Ethereum absent de la these. Le dateSource du graphe le dit lui-meme : « Chronologie des HF d'Ethereum V1 (M. Rolland) — constituee et verifiee par l'auteur, non mobilisee dans la these ». Aucune verification textuelle possible, et ce n'est pas un defaut."
7793fdb7a9d5615dcb071fcb35e388ed,Ethereum Hard Fork — London,ProtocolChange,date,2021-08-05,"Chronologie des HF d'Ethereum V1 (M. Rolland) — constituee et verifiee par l'auteur, non mobilisee dans la these",,,,,absent_du_texte,,non,,"Hard Fork Ethereum absent de la these. Le dateSource du graphe le dit lui-meme : « Chronologie des HF d'Ethereum V1 (M. Rolland) — constituee et verifiee par l'auteur, non mobilisee dans la these ». Aucune verification textuelle possible, et ce n'est pas un defaut."
ed784dce6320f08fae83cf569b3e494d,Ethereum Hard Fork — Arrow Glacier,ProtocolChange,date,2021-12-09,"Chronologie des HF d'Ethereum V1 (M. Rolland) — constituee et verifiee par l'auteur, non mobilisee dans la these",,,,,absent_du_texte,,non,,"Hard Fork Ethereum absent de la these. Le dateSource du graphe le dit lui-meme : « Chronologie des HF d'Ethereum V1 (M. Rolland) — constituee et verifiee par l'auteur, non mobilisee dans la these ». Aucune verification textuelle possible, et ce n'est pas un defaut."
