volet,entity_id,entity_name,entity_types,cle_date,valeur_date,a_dateSource,valeur_dateSource,a_dateAuthority,valeur_dateAuthority,a_url,qualite_source,relations_probatoires,entree_biblio_appariee,annee_biblio,statut,decision_requise,question_pour_mael,notes,regime_de_preuve,confirme_par_these,motif_regime
1_dates_evenements,4e1a794249594b368e13e558174dea38,Attaque DDoS MtGox (mai 2013),CrisisEvent,date,Mai 2013,non,,non,,non,aucune,source of[inverse]→47e012e3a2e9497b9441929a2cedf35e (Sedgwick 2020a),,,adosse_faible,non,,seul repère textuel : chapter=Chapitre I — trop large pour adosser une date,infere,non,"aucune confirmation par la these, aucune source primaire, granularite fine — origine de la date non etablie"
1_dates_evenements,c4eab4f4b3f54162b2404b3da684b840,Attaque de The DAO,CrisisEvent,date,17/06/2016,non,,non,,non,aucune,cites→156444b8fffe4cab99b2aefdbb7edd7c (Entretien n°11)|cites→c5d82d5b8e38402a94728be1c08e9b47 (Entretien n°22)|cites→e6e850b7b08d425cb99d3571fb995458 (Entretien n°26)|cites→f8deca339df74733b7fbba18a90de6f0 (Entretien n°9)|quote supports[inverse]→3108c405412744959c92ecc3dfe06879 (Quote — Moratorium : hypothèse d’un hard fork avec rollback)|quote supports[inverse]→3749fa6aa1aa4d1a8cb92fd638390cdf (Quote — The DAO : analyse des incitations (pas le code))|quote supports[inverse]→37716e6be62a41668b1119bb829ae6ad (Quote — The DAO : « pot de miel » (attention des attaquants))|quote supports[inverse]→397b81c157a94dad81db77ac1db2e84d (Quote — The DAO : billet de blog du 26 mai (Sirer/Mark/Zamfir))|quote supports[inverse]→4e63527d17ca40de953dfb95fd88eee0 (Quote — vulnérabilité -> évolution (The DAO))|quote supports[inverse]→5d36cfc3bda94e5ca53f304447a02b2c (Quote — attaque : « attaques par imitation »)|quote supports[inverse]→bf5be34e9f364deaa71d1ec56ea5f800 (Quote — attaque donne le tempo de la remise en ordre)|quote supports[inverse]→ddaa3ebd96354c21a6a155cf3bc28139 (Quote — attaque : facilité de reproduction),,,adosse_faible,non,,"adossement au niveau de la fiche seulement (sourcePage=33, sourcePages=33, 50, 127, 130, 221, 223, 287, 288, 289, 290, 298, 306, 327, 329, 330, 334) : localise l'entité dans la thèse, pas sa date",these_verbatim,oui,"confirme mot pour mot par le texte de la these — source PROVISOIRE : la these est ici juge et partie, et le chantier a montre qu elle se contredit parfois elle-meme"
1_dates_evenements,eeece02d7bd2411f94b4cffa2d816367,BIP-0034 — Mandatory block protocol update (Height in coinbase),CrisisEvent,date,24/03/2013,non,,non,,non,aucune,,,,non_adosse,oui,"La date « 24/03/2013 » de « BIP-0034 — Mandatory block protocol update (Height in coinbase) » peut-elle être rattachée à une source nommée (chronologie de la thèse avec page, référence, ou URL) ? oui/non",aucune relation vers une Reference/PrimarySource/GreyLiterature/IndigenousLiterature/SourceQuote,infere,non,"aucune confirmation par la these, aucune source primaire, granularite fine — origine de la date non etablie"
1_dates_evenements,3952cb540d924df7a70f267da5d5009b,BIP-0042 — Bitcoin Fixed Monetary Supply (Inflation Bug),CrisisEvent,date,01/04/2014,non,,non,,oui,aucune,,,,adosse_faible,non,,aucune relation vers une Reference/PrimarySource/GreyLiterature/IndigenousLiterature/SourceQuote,these_verbatim,oui,"confirme mot pour mot par le texte de la these — source PROVISOIRE : la these est ici juge et partie, et le chantier a montre qu elle se contredit parfois elle-meme"
1_dates_evenements,f979ff6cc3cd4861b1de30ec72463c7c,BIP-148 — Soft fork: SegWit UASF,CrisisEvent,date,12/03/2017,non,,non,,non,aucune,,,,non_adosse,oui,"La date « 12/03/2017 » de « BIP-148 — Soft fork: SegWit UASF » peut-elle être rattachée à une source nommée (chronologie de la thèse avec page, référence, ou URL) ? oui/non",aucune relation vers une Reference/PrimarySource/GreyLiterature/IndigenousLiterature/SourceQuote,infere,non,"aucune confirmation par la these, aucune source primaire, granularite fine — origine de la date non etablie"
1_dates_evenements,6daefcd122a24b3589c41fcddd3732aa,BIP-65 — Soft fork: OP_CHECKLOCKTIMEVERIFY,CrisisEvent,date,12/11/2015,non,,non,,non,aucune,,,,non_adosse,oui,"La date « 12/11/2015 » de « BIP-65 — Soft fork: OP_CHECKLOCKTIMEVERIFY » peut-elle être rattachée à une source nommée (chronologie de la thèse avec page, référence, ou URL) ? oui/non",aucune relation vers une Reference/PrimarySource/GreyLiterature/IndigenousLiterature/SourceQuote,infere,non,"aucune confirmation par la these, aucune source primaire, granularite fine — origine de la date non etablie"
1_dates_evenements,d1961d60a3fc43bb996bf52e14c24193,BIP-66 — Strict DER signatures — Fake Conf & Chain Split,CrisisEvent,date,04/07/2015,non,,non,,non,aucune,,,,non_adosse,oui,"La date « 04/07/2015 » de « BIP-66 — Strict DER signatures — Fake Conf & Chain Split » peut-elle être rattachée à une source nommée (chronologie de la thèse avec page, référence, ou URL) ? oui/non",aucune relation vers une Reference/PrimarySource/GreyLiterature/IndigenousLiterature/SourceQuote,infere,non,"aucune confirmation par la these, aucune source primaire, granularite fine — origine de la date non etablie"
1_dates_evenements,d25e5ffe06df4701bfc3755bdc9d1b31,"BIPs 141, 143 & 147 — Soft fork: SegWit",CrisisEvent,date,27/10/2016,non,,non,,non,aucune,,,,non_adosse,oui,"La date « 27/10/2016 » de « BIPs 141, 143 & 147 — Soft fork: SegWit » peut-elle être rattachée à une source nommée (chronologie de la thèse avec page, référence, ou URL) ? oui/non",aucune relation vers une Reference/PrimarySource/GreyLiterature/IndigenousLiterature/SourceQuote,infere,non,"aucune confirmation par la these, aucune source primaire, granularite fine — origine de la date non etablie"
1_dates_evenements,1aa79f912b8c4aadb5bde9c7435b32d0,"BIPs 68, 112 & 113 — Soft forks: Rel locktime, CSV & MTP locktime",CrisisEvent,date,11/04/2016,non,,non,,non,aucune,,,,non_adosse,oui,"La date « 11/04/2016 » de « BIPs 68, 112 & 113 — Soft forks: Rel locktime, CSV & MTP locktime » peut-elle être rattachée à une source nommée (chronologie de la thèse avec page, référence, ou URL) ? oui/non",aucune relation vers une Reference/PrimarySource/GreyLiterature/IndigenousLiterature/SourceQuote,infere,non,"aucune confirmation par la these, aucune source primaire, granularite fine — origine de la date non etablie"
1_dates_evenements,273237e8600e4e289cd76da835a82e67,Bitcoin CVE 2010-5139 (Value Overflow),CrisisEvent,date,15/08/2010,non,,non,,non,aucune,,,,non_adosse,oui,"La date « 15/08/2010 » de « Bitcoin CVE 2010-5139 (Value Overflow) » peut-elle être rattachée à une source nommée (chronologie de la thèse avec page, référence, ou URL) ? oui/non",aucune relation vers une Reference/PrimarySource/GreyLiterature/IndigenousLiterature/SourceQuote,these_verbatim,oui,"confirme mot pour mot par le texte de la these — source PROVISOIRE : la these est ici juge et partie, et le chantier a montre qu elle se contredit parfois elle-meme"
1_dates_evenements,db9a125c4c7a4d03bd19d3dc8c474a9e,Bitcoin CVE 2018-17144,CrisisEvent,date,2018-09-01T00:00:00.000Z,non,,non,,oui,aucune,cites→0e846ffeb3614e4b834379420cf5700e (Entretien n°10)|cites→437720ccbf8544bf9021181d3b3ba289 (Entretien n°14)|cites→8a7bae687d81490b9eb3d16da8b5a7f1 (Entretien n°20)|cites→9490d22bd0b84fd492f1f203642cfdf1 (Entretien n°15)|cites→a9848140eab84d8783554af31477a6dd (Entretien n°17)|cites→d5ba79b06d404e4e92f3876057be65a7 (Entretien n°19)|part of[inverse]→0b39eebac0c94fc7a2f210e800a6ac59 (Quote — CVE 2018 : résolution silencieuse off chain)|part of[inverse]→3fc6a16c37b34d0f874290984f04553a (Quote — divulgation responsable (CVE 2018))|part of[inverse]→6b2b1f8797794456b3cbb3ae3e635b56 (Quote — CVE 2018 : aucune tentative d’exploitation détectée)|part of[inverse]→7fd447b64e184701a40c4c19c579d712 (Quote — CVE 2018 : le « mensonge blanc » s’évente (20/09))|part of[inverse]→90999270714a419d962a5c1260d69d69 (Quote — CVE 2018 : hash rate déjà mis à niveau)|part of[inverse]→c54092da200441519f388c649307c386 (Quote — CVE 2018 : non-activation (ni exploitation ni accident))|quote supports[inverse]→09150d4b4c8d46398813b5c774e1b405 (Quote — CVE-2018-17144 (absence d’exploitation effective))|quote supports[inverse]→09cd4a94a5c94e1ab6b0283f9c6bc154 (Quote — CVE-2018-17144 (table des canaux mobilisés))|quote supports[inverse]→0c0ae5d318144d75a198399716a74ff2 (Quote — CVE-2018-17144 (gouvernance de huis clos))|quote supports[inverse]→1400799615ac4d479b2dfb022999df0d (Quote — CVE-2018-17144 (absence de controverse))|quote supports[inverse]→7516b24c3adb4db8b2e4dd1bc1a75e7d (Quote — CVE-2018-17144 (divulgation responsable))|quote supports[inverse]→a5278302a3b54db891aa5d8b546b0459 (Quote — choix des deux crises (CVE 2018 #17144 / The DAO))|supported by quote→09150d4b4c8d46398813b5c774e1b405 (Quote — CVE-2018-17144 (absence d’exploitation effective))|supported by quote→09cd4a94a5c94e1ab6b0283f9c6bc154 (Quote — CVE-2018-17144 (table des canaux mobilisés))|supported by quote→0c0ae5d318144d75a198399716a74ff2 (Quote — CVE-2018-17144 (gouvernance de huis clos))|supported by quote→1400799615ac4d479b2dfb022999df0d (Quote — CVE-2018-17144 (absence de controverse))|supported by quote→7516b24c3adb4db8b2e4dd1bc1a75e7d (Quote — CVE-2018-17144 (divulgation responsable))|supported by quote→a5278302a3b54db891aa5d8b546b0459 (Quote — choix des deux crises (CVE 2018 #17144 / The DAO)),,,adosse_faible,non,,"adossement au niveau de la fiche seulement (sourcePage=33, sourcePages=33, 220, 224) : localise l'entité dans la thèse, pas sa date",source_primaire,oui,confirme par source primaire externe (primaire)
1_dates_evenements,e3742113c4674c52930e54ff203f0ac6,Bitcoin Scaling Debate,CrisisEvent,date,2015-2017,non,,non,,non,aucune,"quote supports[inverse]→597894115b8d44aeb51b8abd72ac78bd (Quote — Corallo : 'allez-vous faire foutre' (Scaling Debate, entretien)|source of[inverse]→58bad1bd625d4ff4928204acc3705e6e (Bier 2021a)",,,adosse_faible,non,,,these_verbatim,oui,"confirme mot pour mot par le texte de la these — source PROVISOIRE : la these est ici juge et partie, et le chantier a montre qu elle se contredit parfois elle-meme"
1_dates_evenements,2e5d597d1add45de83a060caea9a05c3,Bogue Bitcoin-Qt Windows 2012 (Crash nœuds),CrisisEvent,year,2012,non,,non,,oui,aucune,,,,adosse_faible,non,,aucune relation vers une Reference/PrimarySource/GreyLiterature/IndigenousLiterature/SourceQuote,approximatif,non,granularite « annee » : la date elle-meme ne designe pas un jour
1_dates_evenements,dddeabcb23464ee48e9524a6ac71c6eb,CVE-2010-5137 — OP_LSHIFT crash,CrisisEvent,date,28/07/2010,non,,non,,oui,aucune,,,,adosse_faible,non,,aucune relation vers une Reference/PrimarySource/GreyLiterature/IndigenousLiterature/SourceQuote,infere,non,"aucune confirmation par la these, aucune source primaire, granularite fine — origine de la date non etablie"
1_dates_evenements,d6af94403c654e33a826339a6d612463,CVE-2010-5138 — Unlimited SigOp DoS via OP_CHECKSIG,CrisisEvent,date,29/07/2010,non,,non,,oui,aucune,,,,adosse_faible,non,,aucune relation vers une Reference/PrimarySource/GreyLiterature/IndigenousLiterature/SourceQuote,infere,non,"aucune confirmation par la these, aucune source primaire, granularite fine — origine de la date non etablie"
1_dates_evenements,7246b452d71d4416b146f62f42a2bb64,CVE-2010-5140 — Never confirming transactions,CrisisEvent,date,29/09/2010,non,,non,,non,aucune,,,,non_adosse,oui,"La date « 29/09/2010 » de « CVE-2010-5140 — Never confirming transactions » peut-elle être rattachée à une source nommée (chronologie de la thèse avec page, référence, ou URL) ? oui/non",aucune relation vers une Reference/PrimarySource/GreyLiterature/IndigenousLiterature/SourceQuote,infere,non,"aucune confirmation par la these, aucune source primaire, granularite fine — origine de la date non etablie"
1_dates_evenements,0423dfbdf0904305b1d7e48c3df78ae2,CVE-2010-5141 (Vol de clés privées),CrisisEvent,year,2010,non,,non,,oui,aucune,,,,adosse_faible,non,,aucune relation vers une Reference/PrimarySource/GreyLiterature/IndigenousLiterature/SourceQuote,approximatif,non,granularite « annee » : la date elle-meme ne designe pas un jour
1_dates_evenements,3c57e750960e4e97bf6cb2ba79e9f2cd,CVE-2011-4447 — Wallet non-encryption,CrisisEvent,date,11/11/2011,non,,non,,oui,aucune,,,,adosse_faible,non,,aucune relation vers une Reference/PrimarySource/GreyLiterature/IndigenousLiterature/SourceQuote,infere,non,"aucune confirmation par la these, aucune source primaire, granularite fine — origine de la date non etablie"
1_dates_evenements,a9f76f92c83143479499d10b87c6fe77,CVE-2012-1909 — Transaction overwriting,CrisisEvent,date,07/03/2012,non,,non,,oui,aucune,,,,adosse_faible,non,,aucune relation vers une Reference/PrimarySource/GreyLiterature/IndigenousLiterature/SourceQuote,infere,non,"aucune confirmation par la these, aucune source primaire, granularite fine — origine de la date non etablie"
1_dates_evenements,69b8894ae6764333a270770b1fd661f3,CVE-2012-2459 — Block hash collision (via merkle root),CrisisEvent,date,14/05/2012,non,,non,,oui,aucune,,,,adosse_faible,non,,aucune relation vers une Reference/PrimarySource/GreyLiterature/IndigenousLiterature/SourceQuote,infere,non,"aucune confirmation par la these, aucune source primaire, granularite fine — origine de la date non etablie"
1_dates_evenements,522baf7957ec403bb149dd90adb1ba6e,CVE-2012-3789 — (Lack of) orphan txn resource limits,CrisisEvent,date,12/05/2012,non,,non,,oui,aucune,,,,adosse_faible,non,,aucune relation vers une Reference/PrimarySource/GreyLiterature/IndigenousLiterature/SourceQuote,infere,non,"aucune confirmation par la these, aucune source primaire, granularite fine — origine de la date non etablie"
1_dates_evenements,65b41c49b2244a85ab136ed849d95b6b,CVE-2012-4682 — DOS (manque d'informations),CrisisEvent,date,16/09/2012,non,,non,,non,aucune,,,,non_adosse,oui,"La date « 16/09/2012 » de « CVE-2012-4682 — DOS (manque d'informations) » peut-elle être rattachée à une source nommée (chronologie de la thèse avec page, référence, ou URL) ? oui/non",aucune relation vers une Reference/PrimarySource/GreyLiterature/IndigenousLiterature/SourceQuote,infere,non,"aucune confirmation par la these, aucune source primaire, granularite fine — origine de la date non etablie"
1_dates_evenements,07328e2856b1462d882bd1a6a7dfdafa,CVE-2012-4683 — Targeted DoS by CPU exhaustion using alerts,CrisisEvent,date,23/08/2012,non,,non,,oui,aucune,,,,adosse_faible,non,,aucune relation vers une Reference/PrimarySource/GreyLiterature/IndigenousLiterature/SourceQuote,infere,non,"aucune confirmation par la these, aucune source primaire, granularite fine — origine de la date non etablie"
1_dates_evenements,f5fd3b0f03fa4e11af9b54455a81cdd7,CVE-2012-4684 — Network-wide DoS using malleable signatures in alerts,CrisisEvent,date,24/08/2012,non,,non,,oui,aucune,,,,adosse_faible,non,,aucune relation vers une Reference/PrimarySource/GreyLiterature/IndigenousLiterature/SourceQuote,infere,non,"aucune confirmation par la these, aucune source primaire, granularite fine — origine de la date non etablie"
1_dates_evenements,ee9911c3aa4c435582ccca09979c5000,CVE-2013-2272 — Remote discovery of node's wallet addresses,CrisisEvent,date,11/01/2013,non,,non,,non,aucune,,,,non_adosse,oui,"La date « 11/01/2013 » de « CVE-2013-2272 — Remote discovery of node's wallet addresses » peut-elle être rattachée à une source nommée (chronologie de la thèse avec page, référence, ou URL) ? oui/non",aucune relation vers une Reference/PrimarySource/GreyLiterature/IndigenousLiterature/SourceQuote,infere,non,"aucune confirmation par la these, aucune source primaire, granularite fine — origine de la date non etablie"
1_dates_evenements,580caacd80b14170b0d6dc071106071b,CVE-2013-2273 — Predictable change output,CrisisEvent,date,30/01/2013,non,,non,,non,aucune,,,,non_adosse,oui,"La date « 30/01/2013 » de « CVE-2013-2273 — Predictable change output » peut-elle être rattachée à une source nommée (chronologie de la thèse avec page, référence, ou URL) ? oui/non",aucune relation vers une Reference/PrimarySource/GreyLiterature/IndigenousLiterature/SourceQuote,infere,non,"aucune confirmation par la these, aucune source primaire, granularite fine — origine de la date non etablie"
1_dates_evenements,896936e6d50b46f89947a60e01aa584a,CVE-2013-2292 — A transaction that takes at least 3 minutes to verify,CrisisEvent,date,30/01/2013,non,,non,,non,aucune,,,,non_adosse,oui,"La date « 30/01/2013 » de « CVE-2013-2292 — A transaction that takes at least 3 minutes to verify » peut-elle être rattachée à une source nommée (chronologie de la thèse avec page, référence, ou URL) ? oui/non",aucune relation vers une Reference/PrimarySource/GreyLiterature/IndigenousLiterature/SourceQuote,infere,non,"aucune confirmation par la these, aucune source primaire, granularite fine — origine de la date non etablie"
1_dates_evenements,ce0f6a5e811447c8ba4674075a6cf057,CVE-2013-2293 — Continuous hard disk seek,CrisisEvent,date,09/01/2013,non,,non,,non,aucune,,,,non_adosse,oui,"La date « 09/01/2013 » de « CVE-2013-2293 — Continuous hard disk seek » peut-elle être rattachée à une source nommée (chronologie de la thèse avec page, référence, ou URL) ? oui/non",aucune relation vers une Reference/PrimarySource/GreyLiterature/IndigenousLiterature/SourceQuote,infere,non,"aucune confirmation par la these, aucune source primaire, granularite fine — origine de la date non etablie"
1_dates_evenements,0d3e806ee1f94421b7ff458eedc65ffa,CVE-2013-3219 — Unenforced block protocol rule,CrisisEvent,date,11/03/2013,non,,non,,non,aucune,,,,non_adosse,oui,"La date « 11/03/2013 » de « CVE-2013-3219 — Unenforced block protocol rule » peut-elle être rattachée à une source nommée (chronologie de la thèse avec page, référence, ou URL) ? oui/non",aucune relation vers une Reference/PrimarySource/GreyLiterature/IndigenousLiterature/SourceQuote,infere,non,"aucune confirmation par la these, aucune source primaire, granularite fine — origine de la date non etablie"
1_dates_evenements,72ed5cce1e98494385ca4eb091d6707c,CVE-2013-3220 (Netsplit BIP-0050),CrisisEvent,date,Mars 2013,non,,non,,oui,aucune,cited in→ad474c1724da4ec88cbd78f924613cc5 (Musiani Mallard Meadel 2018),,,adosse_faible,non,,,source_primaire,oui,confirme par source primaire externe (primaire)
1_dates_evenements,78dcb8a0af094eb0a1cea842f7f97212,CVE-2013-4165 — Timing leak in RPC authentication,CrisisEvent,date,20/07/2013,non,,non,,oui,aucune,,,,adosse_faible,non,,aucune relation vers une Reference/PrimarySource/GreyLiterature/IndigenousLiterature/SourceQuote,infere,non,"aucune confirmation par la these, aucune source primaire, granularite fine — origine de la date non etablie"
1_dates_evenements,eb0766a0711945a08d6e4c526615bfd7,CVE-2013-4627 — Memory exhaustion with excess tx message data,CrisisEvent,date,08/02/2013,non,,non,,non,aucune,,,,non_adosse,oui,"La date « 08/02/2013 » de « CVE-2013-4627 — Memory exhaustion with excess tx message data » peut-elle être rattachée à une source nommée (chronologie de la thèse avec page, référence, ou URL) ? oui/non",aucune relation vers une Reference/PrimarySource/GreyLiterature/IndigenousLiterature/SourceQuote,infere,non,"aucune confirmation par la these, aucune source primaire, granularite fine — origine de la date non etablie"
1_dates_evenements,00586d082e964abab5d9f45c73948400,CVE-2013-5700 — Remote p2p crash via bloom filters,CrisisEvent,date,04/09/2013,non,,non,,non,aucune,,,,non_adosse,oui,"La date « 04/09/2013 » de « CVE-2013-5700 — Remote p2p crash via bloom filters » peut-elle être rattachée à une source nommée (chronologie de la thèse avec page, référence, ou URL) ? oui/non",aucune relation vers une Reference/PrimarySource/GreyLiterature/IndigenousLiterature/SourceQuote,infere,non,"aucune confirmation par la these, aucune source primaire, granularite fine — origine de la date non etablie"
1_dates_evenements,ca278d213d804294a2c5a672d52808e4,CVE-2014-0160 — Remote memory leak via payment protocol (Heartbleed),CrisisEvent,date,04/07/2014,non,,non,,non,aucune,,,,non_adosse,oui,"La date « 04/07/2014 » de « CVE-2014-0160 — Remote memory leak via payment protocol (Heartbleed) » peut-elle être rattachée à une source nommée (chronologie de la thèse avec page, référence, ou URL) ? oui/non",aucune relation vers une Reference/PrimarySource/GreyLiterature/IndigenousLiterature/SourceQuote,infere,non,"aucune confirmation par la these, aucune source primaire, granularite fine — origine de la date non etablie"
1_dates_evenements,5062acdef7964498a764823149c32127,CVE-2015-3641 — OOM via p2p — Unspecified yet,CrisisEvent,date,27/06/2015,non,,non,,non,aucune,,,,non_adosse,oui,"La date « 27/06/2015 » de « CVE-2015-3641 — OOM via p2p — Unspecified yet » peut-elle être rattachée à une source nommée (chronologie de la thèse avec page, référence, ou URL) ? oui/non",aucune relation vers une Reference/PrimarySource/GreyLiterature/IndigenousLiterature/SourceQuote,infere,non,"aucune confirmation par la these, aucune source primaire, granularite fine — origine de la date non etablie"
1_dates_evenements,170ed4f7fcfb4531b7c872cb84cc8f80,CVE-2015-6031 — MiniUPnPc buffer overflow (LAN),CrisisEvent,date,15/09/2015,non,,non,,non,aucune,,,,non_adosse,oui,"La date « 15/09/2015 » de « CVE-2015-6031 — MiniUPnPc buffer overflow (LAN) » peut-elle être rattachée à une source nommée (chronologie de la thèse avec page, référence, ou URL) ? oui/non",aucune relation vers une Reference/PrimarySource/GreyLiterature/IndigenousLiterature/SourceQuote,infere,non,"aucune confirmation par la these, aucune source primaire, granularite fine — origine de la date non etablie"
1_dates_evenements,cfdb999d9b1c4989b7424a931fef16c4,CVE-2016-10724 & CVE-2016-10725 — Alert system — Memory exhaustion & Final alert cancellation,CrisisEvent,date,02/07/2018,non,,non,,non,aucune,,,,non_adosse,oui,"La date « 02/07/2018 » de « CVE-2016-10724 & CVE-2016-10725 — Alert system — Memory exhaustion & F » peut-elle être rattachée à une source nommée (chronologie de la thèse avec page, référence, ou URL) ? oui/non",aucune relation vers une Reference/PrimarySource/GreyLiterature/IndigenousLiterature/SourceQuote,infere,non,"aucune confirmation par la these, aucune source primaire, granularite fine — origine de la date non etablie"
1_dates_evenements,5656bd5a2f974bbdb8d82530cdf936f3,CVE-2016-8889 — Debug console history storing sensitive info,CrisisEvent,date,27/10/2016,non,,non,,oui,aucune,,,,adosse_faible,non,,aucune relation vers une Reference/PrimarySource/GreyLiterature/IndigenousLiterature/SourceQuote,infere,non,"aucune confirmation par la these, aucune source primaire, granularite fine — origine de la date non etablie"
1_dates_evenements,232fdda1778043d9b168884c0caad3a5,CVE-2017-12842 — No commitment to block merkle tree depth,CrisisEvent,date,09/06/2018,non,,non,,oui,aucune,,,,adosse_faible,non,,aucune relation vers une Reference/PrimarySource/GreyLiterature/IndigenousLiterature/SourceQuote,infere,non,"aucune confirmation par la these, aucune source primaire, granularite fine — origine de la date non etablie"
1_dates_evenements,fc33fb06d95b42a09a1e08dae5fe8c87,CVE-2017-18350 — Buffer overflow from SOCKS proxy,CrisisEvent,date,22/06/2019,non,,non,,oui,aucune,,,,adosse_faible,non,,aucune relation vers une Reference/PrimarySource/GreyLiterature/IndigenousLiterature/SourceQuote,infere,non,"aucune confirmation par la these, aucune source primaire, granularite fine — origine de la date non etablie"
1_dates_evenements,6159fc6febc14b1fa512e41f7a6308b6,CVE-2017-9230 (ASICboost),CrisisEvent,year,2017,non,,non,,non,aucune,,,,non_adosse,oui,"La date « 2017 » de « CVE-2017-9230 (ASICboost) » peut-elle être rattachée à une source nommée (chronologie de la thèse avec page, référence, ou URL) ? oui/non",aucune relation vers une Reference/PrimarySource/GreyLiterature/IndigenousLiterature/SourceQuote,approximatif,non,granularite « annee » : la date elle-meme ne designe pas un jour
1_dates_evenements,19907a993e6c4b2392f503ec1863df9e,"CVE-2018-20586 (Tromperie, injection journal)",CrisisEvent,year,2018,non,,non,,oui,aucune,,,,adosse_faible,non,,aucune relation vers une Reference/PrimarySource/GreyLiterature/IndigenousLiterature/SourceQuote,approximatif,non,granularite « annee » : la date elle-meme ne designe pas un jour
1_dates_evenements,c6389ffe8f7a48668883b4845808c388,"CVE-2018-20587 (Vol, Luke Dashjr)",CrisisEvent,year,2018,non,,non,,oui,aucune,,,,adosse_faible,non,,aucune relation vers une Reference/PrimarySource/GreyLiterature/IndigenousLiterature/SourceQuote,approximatif,non,granularite « annee » : la date elle-meme ne designe pas un jour
1_dates_evenements,272f2d17b89d4912aca1c4f7b77b7332,Fermeture Silk Road par le FBI (octobre 2013),CrisisEvent,date,Octobre 2013,non,,non,,non,aucune,cited in→ad474c1724da4ec88cbd78f924613cc5 (Musiani Mallard Meadel 2018),,,adosse_faible,non,,seul repère textuel : chapter=Chapitre I / Conclusion Chapitre III — trop large pour adosser une date,infere,non,"aucune confirmation par la these, aucune source primaire, granularite fine — origine de la date non etablie"
1_dates_evenements,c8b77447d55c4ff08810620dc9370f67,Genesis Block — Lancement du protocole Bitcoin,CrisisEvent,date,03/01/2009,non,,non,,non,aucune,,,,non_adosse,oui,"La date « 03/01/2009 » de « Genesis Block — Lancement du protocole Bitcoin » peut-elle être rattachée à une source nommée (chronologie de la thèse avec page, référence, ou URL) ? oui/non",aucune relation vers une Reference/PrimarySource/GreyLiterature/IndigenousLiterature/SourceQuote,these_verbatim,oui,"confirme mot pour mot par le texte de la these — source PROVISOIRE : la these est ici juge et partie, et le chantier a montre qu elle se contredit parfois elle-meme"
1_dates_evenements,63ef4f3d8f584d9b90e351ab7c7c4b39,Hack et faillite MtGox (février 2014),CrisisEvent,date,Février 2014,non,,non,,non,aucune,cited in→ad474c1724da4ec88cbd78f924613cc5 (Musiani Mallard Meadel 2018),,,adosse_faible,non,,seul repère textuel : chapter=Chapitre I / Chapitre III — trop large pour adosser une date,infere,non,"aucune confirmation par la these, aucune source primaire, granularite fine — origine de la date non etablie"
1_dates_evenements,fc5ad50cc59d417c9afd05b437a42366,Parity Multisig Freeze (novembre 2017),CrisisEvent,date,6 novembre 2017,non,,non,,non,aucune,,,,non_adosse,oui,"La date « 6 novembre 2017 » de « Parity Multisig Freeze (novembre 2017) » peut-elle être rattachée à une source nommée (chronologie de la thèse avec page, référence, ou URL) ? oui/non",aucune relation vers une Reference/PrimarySource/GreyLiterature/IndigenousLiterature/SourceQuote,infere,non,"aucune confirmation par la these, aucune source primaire, granularite fine — origine de la date non etablie"
1_dates_evenements,73712fc1060c48fc8bcc52b1dee2137c,CVE-2018-17144 — Remise en ordre par patch,CrisisPhase,timeStart,2018-09-18,non,,non,,non,aucune,,,,adosse_faible,non,,"autres clés de date : timeEnd=2018-09-20 ; aucune relation vers une Reference/PrimarySource/GreyLiterature/IndigenousLiterature/SourceQuote ; adossement au niveau de la fiche seulement (thesisLocation=Chapitre III > III.1 Crise Bitcoin CVE 2018-17144) : localise l'entité dans la thèse, pas sa date",infere,non,"aucune confirmation par la these, aucune source primaire, granularite fine — origine de la date non etablie"
1_dates_evenements,896a139f04884630842b8c848ebdca94,CVE-2018-17144 — Révélation publique et consensus ex post,CrisisPhase,timeStart,2018-09-20,non,,non,,non,aucune,quote supports[inverse]→09150d4b4c8d46398813b5c774e1b405 (Quote — CVE-2018-17144 (absence d’exploitation effective))|quote supports[inverse]→1400799615ac4d479b2dfb022999df0d (Quote — CVE-2018-17144 (absence de controverse))|supported by quote→09150d4b4c8d46398813b5c774e1b405 (Quote — CVE-2018-17144 (absence d’exploitation effective))|supported by quote→1400799615ac4d479b2dfb022999df0d (Quote — CVE-2018-17144 (absence de controverse)),,,adosse_faible,non,,"autres clés de date : timeEnd=2018-09-25 ; adossement au niveau de la fiche seulement (thesisLocation=Chapitre III > III.1 Crise Bitcoin CVE 2018-17144) : localise l'entité dans la thèse, pas sa date",infere,non,"aucune confirmation par la these, aucune source primaire, granularite fine — origine de la date non etablie"
1_dates_evenements,9c3c6d955246441db0c5c860610ddcc6,CVE-2018-17144 — Signalement et divulgation responsable,CrisisPhase,timeStart,2018-09-17,non,,non,,non,aucune,quote supports[inverse]→7516b24c3adb4db8b2e4dd1bc1a75e7d (Quote — CVE-2018-17144 (divulgation responsable))|supported by quote→7516b24c3adb4db8b2e4dd1bc1a75e7d (Quote — CVE-2018-17144 (divulgation responsable)),,,adosse_faible,non,,"autres clés de date : timeEnd=2018-09-20 ; adossement au niveau de la fiche seulement (thesisLocation=Chapitre III > III.1 Crise Bitcoin CVE 2018-17144) : localise l'entité dans la thèse, pas sa date",source_primaire,non,confirme par source primaire externe (primaire)
1_dates_evenements,143db183ec7546c08334461b0625e9d8,CVE-2018-17144 — Évaluation en huis clos,CrisisPhase,timeStart,2018-09-17,non,,non,,non,aucune,quote supports[inverse]→09cd4a94a5c94e1ab6b0283f9c6bc154 (Quote — CVE-2018-17144 (table des canaux mobilisés))|quote supports[inverse]→0c0ae5d318144d75a198399716a74ff2 (Quote — CVE-2018-17144 (gouvernance de huis clos))|supported by quote→09cd4a94a5c94e1ab6b0283f9c6bc154 (Quote — CVE-2018-17144 (table des canaux mobilisés))|supported by quote→0c0ae5d318144d75a198399716a74ff2 (Quote — CVE-2018-17144 (gouvernance de huis clos)),,,adosse_faible,non,,"autres clés de date : timeEnd=2018-09-18 ; adossement au niveau de la fiche seulement (thesisLocation=Chapitre III > III.1 Crise Bitcoin CVE 2018-17144) : localise l'entité dans la thèse, pas sa date",source_primaire,non,confirme par source primaire externe (primaire)
1_dates_evenements,9d25581a75c342d98eb9c87e2112e94c,DAO — Bifurcation / Stabilisation,CrisisPhase,timeStart,2016-07-20,non,,non,,non,aucune,,,,adosse_faible,non,,"autres clés de date : timeEnd=2016-08-01 ; aucune relation vers une Reference/PrimarySource/GreyLiterature/IndigenousLiterature/SourceQuote ; adossement au niveau de la fiche seulement (thesisLocation=Chapitre III > III.3.2 (Chronologie 6)) : localise l'entité dans la thèse, pas sa date",infere,non,"aucune confirmation par la these, aucune source primaire, granularite fine — origine de la date non etablie"
1_dates_evenements,9166772f6004463ea6769f857f94dc97,DAO — Déclenchement,CrisisPhase,timeStart,2016-06-17,non,,non,,non,aucune,,,,adosse_faible,non,,"autres clés de date : timeEnd=2016-06-17 ; aucune relation vers une Reference/PrimarySource/GreyLiterature/IndigenousLiterature/SourceQuote ; adossement au niveau de la fiche seulement (thesisLocation=Chapitre III > III.3.2 (Chronologie 6)) : localise l'entité dans la thèse, pas sa date",infere,non,"aucune confirmation par la these, aucune source primaire, granularite fine — origine de la date non etablie"
1_dates_evenements,c4070e12b06b4bf995229ff2df211a65,DAO — Insémination / gestation,CrisisPhase,timeStart,2015-11,non,,non,,non,aucune,,,,adosse_faible,non,,"autres clés de date : timeEnd=2016-04 ; aucune relation vers une Reference/PrimarySource/GreyLiterature/IndigenousLiterature/SourceQuote ; adossement au niveau de la fiche seulement (thesisLocation=Chapitre III > III.3.2 (Chronologie 6)) : localise l'entité dans la thèse, pas sa date",infere,non,"aucune confirmation par la these, aucune source primaire, granularite fine — origine de la date non etablie"
1_dates_evenements,34a461c64ae64483a980a5d34d9cdf56,DAO — Remise en ordre,CrisisPhase,timeStart,2016-06-17,non,,non,,non,aucune,,,,adosse_faible,non,,"autres clés de date : timeEnd=2016-07-20 ; aucune relation vers une Reference/PrimarySource/GreyLiterature/IndigenousLiterature/SourceQuote ; adossement au niveau de la fiche seulement (thesisLocation=Chapitre III > III.3.2 (Chronologie 6)) : localise l'entité dans la thèse, pas sa date",infere,non,"aucune confirmation par la these, aucune source primaire, granularite fine — origine de la date non etablie"
1_dates_evenements,eed0b89cd2e740718059c16591f9bfb7,Phase de maturation,DevelopmentPhase,dateStart,2013-01-01T00:00:00.000Z,non,,non,,non,aucune,,,,adosse_faible,non,,"autres clés de date : dateEnd=2015-12-31T00:00:00.000Z ; aucune relation vers une Reference/PrimarySource/GreyLiterature/IndigenousLiterature/SourceQuote ; adossement au niveau de la fiche seulement (sourcePage=96, sourcePages=96, 107, 290, 333) : localise l'entité dans la thèse, pas sa date",infere,non,"aucune confirmation par la these, aucune source primaire, granularite fine — origine de la date non etablie"
1_dates_evenements,019689c1ce06489a84768c51637eb9ed,Phase de péché,DevelopmentPhase,dateRange,01/04/2012 — 30/10/2013,non,,non,,non,aucune,inspired by[inverse]→c14637f57d5a423894cbd35856129302 (Edwards et al. 2009)|inspired by[inverse]→fd65f418b8f248caa5867f4485228eb7 (Tasca & Liu 2018)|quote supports[inverse]→4797931e56df4fd6a07499c766a77a23 (Quote — Satoshi Dice — p.94)|quote supports[inverse]→47dfac1479884cf795db905e67191153 (Quote — WikiLeaks accepte le BTC — p.93)|quote supports[inverse]→4e5dca7fa0a8440bb1c78b7b688a2580 (Quote — Silk Road (phase charnière) — p.96)|quote supports[inverse]→6a68a10cd6cf4257a33acf0ea830175c (Quote — Silk Road — p.94)|quote supports[inverse]→f2c6c6b8357f43c6a8e31602ededa7cb (Quote — Silk Road — p.93)|quote supports[inverse]→ffcde6fc46474f5e9d93b81e1104bef1 (Quote — WikiLeaks — p.93)|source of[inverse]→482b58684cae41d8a755fc694a478b7b (May 2018)|source of[inverse]→4ed01f7542be4de9b53d4f30516ab5fb (Rauchs 2016),,,adosse_faible,non,,"adossement au niveau de la fiche seulement (sourcePage=93, sourcePages=93, 94, 333, source=Chapitre I, section I.2) : localise l'entité dans la thèse, pas sa date",approximatif,non,granularite « plage » : la date elle-meme ne designe pas un jour
1_dates_evenements,1dc7f42c96c142b2a30e7c36f5c6b290,ASIC mining introduction,InfrastructureEvent,date,2013,non,,non,,non,aucune,,,,non_adosse,oui,"La date « 2013 » de « ASIC mining introduction » peut-elle être rattachée à une source nommée (chronologie de la thèse avec page, référence, ou URL) ? oui/non",aucune relation vers une Reference/PrimarySource/GreyLiterature/IndigenousLiterature/SourceQuote,approximatif,non,granularite « annee » : la date elle-meme ne designe pas un jour
1_dates_evenements,4e1cf0998d754fef8d8ace2d4daad389,BitPay merchant payment processor,InfrastructureEvent,date,2011-05,non,,non,,non,aucune,,,,non_adosse,oui,"La date « 2011-05 » de « BitPay merchant payment processor » peut-elle être rattachée à une source nommée (chronologie de la thèse avec page, référence, ou URL) ? oui/non",aucune relation vers une Reference/PrimarySource/GreyLiterature/IndigenousLiterature/SourceQuote,infere,non,"aucune confirmation par la these, aucune source primaire, granularite fine — origine de la date non etablie"
1_dates_evenements,20dac14d83a2433fae0c7392e380bf6e,BitcoinMarket exchange launch,InfrastructureEvent,date,2010-03-17,oui,Sedgwick 2018b,non,,non,reference_nommee,source of[inverse]→01b382d629ca4147885aba6de31028b4 (Sedgwick 2018b),,,adosse_fort,non,,"référence(s) de dateSource retrouvée(s) au MD : Sedgwick 2018 (MD l.1092,1094,1096,1098,1100,1102,1104) ; seul repère textuel : chapter=Chapitre I — trop large pour adosser une date",these_verbatim,oui,"confirme mot pour mot par le texte de la these — source PROVISOIRE : la these est ici juge et partie, et le chantier a montre qu elle se contredit parfois elle-meme"
1_dates_evenements,cd6241f420a940b6904326b1fa207646,Congestion du mempool et hausse des frais (2017),InfrastructureEvent,date,pic décembre 2017,non,,non,,non,aucune,,,,non_adosse,oui,"La date « pic décembre 2017 » de « Congestion du mempool et hausse des frais (2017) » peut-elle être rattachée à une source nommée (chronologie de la thèse avec page, référence, ou URL) ? oui/non",aucune relation vers une Reference/PrimarySource/GreyLiterature/IndigenousLiterature/SourceQuote,these_verbatim,oui,"confirme mot pour mot par le texte de la these — source PROVISOIRE : la these est ici juge et partie, et le chantier a montre qu elle se contredit parfois elle-meme"
1_dates_evenements,a2202dfdedd543b1a937ca4759b26b4d,Cyprus banking crisis Bitcoin spike,InfrastructureEvent,date,2013-03,non,,non,,non,aucune,,,,non_adosse,oui,"La date « 2013-03 » de « Cyprus banking crisis Bitcoin spike » peut-elle être rattachée à une source nommée (chronologie de la thèse avec page, référence, ou URL) ? oui/non",aucune relation vers une Reference/PrimarySource/GreyLiterature/IndigenousLiterature/SourceQuote,infere,non,"aucune confirmation par la these, aucune source primaire, granularite fine — origine de la date non etablie"
1_dates_evenements,da2c1b40ca374770836b98990bb6d55a,Figure 5 — Division sociale du travail protocolaire et spécialisation des acteurs,InfrastructureEvent,date,2024,oui,Rolland Maël (thèse),non,,non,renvoi_these,quote supports[inverse]→2f3052182833490ea3a04a5fabf65df9 (Quote — Nakamoto : fermes de serveurs spécialisées (Champagne 2014 p.3)|source of[inverse]→2528eba96a574f2491c28b0ab11b0974 (Akrich 1989),,,adosse_faible,non,,"renvoi à la thèse sans pointeur (ni chapitre, ni page, ni ligne) : non relocalisable en l'état ; seul repère textuel : chapter=Chapitre I — trop large pour adosser une date",approximatif,non,granularite « annee » : la date elle-meme ne designe pas un jour
1_dates_evenements,3f908f24165e4c248f55a7f93baab9d6,First Bitcoin halving,InfrastructureEvent,date,2012-11,non,,non,,non,aucune,,,,non_adosse,oui,"La date « 2012-11 » de « First Bitcoin halving » peut-elle être rattachée à une source nommée (chronologie de la thèse avec page, référence, ou URL) ? oui/non",aucune relation vers une Reference/PrimarySource/GreyLiterature/IndigenousLiterature/SourceQuote,infere,non,"aucune confirmation par la these, aucune source primaire, granularite fine — origine de la date non etablie"
1_dates_evenements,5dfe15f31a89483aae5b75e1e60fc5ef,GPU mining emergence,InfrastructureEvent,date,2010-07,non,,non,,non,aucune,quote supports[inverse]→8fb6db820d86471897ef0cdcbe337a78 (Quote — Mineur individuel : GPU contre les 'riches bâtards')|source of[inverse]→b469ce6b277c4d61a8bd5a9b33619389 (Sedgwick 2019c),,,adosse_faible,non,,,infere,non,"aucune confirmation par la these, aucune source primaire, granularite fine — origine de la date non etablie"
1_dates_evenements,d02f0c0a011a4ca09cf826f684f10222,InfrastructureEvent — ASIC Antminer S5 (1 TH/s) par Bitmain (2014),InfrastructureEvent,date,01/12/2014,non,,non,,non,aucune,,,,non_adosse,oui,"La date « 01/12/2014 » de « InfrastructureEvent — ASIC Antminer S5 (1 TH/s) par Bitmain (2014) » peut-elle être rattachée à une source nommée (chronologie de la thèse avec page, référence, ou URL) ? oui/non",aucune relation vers une Reference/PrimarySource/GreyLiterature/IndigenousLiterature/SourceQuote,infere,non,"aucune confirmation par la these, aucune source primaire, granularite fine — origine de la date non etablie"
1_dates_evenements,07715d5ff1d647e88fa6a2f94be1a102,InfrastructureEvent — ASIC Antminer S9 (14 TH/s) par Bitmain (2016),InfrastructureEvent,date,12/06/2016,non,,non,,non,aucune,,,,non_adosse,oui,"La date « 12/06/2016 » de « InfrastructureEvent — ASIC Antminer S9 (14 TH/s) par Bitmain (2016) » peut-elle être rattachée à une source nommée (chronologie de la thèse avec page, référence, ou URL) ? oui/non",aucune relation vers une Reference/PrimarySource/GreyLiterature/IndigenousLiterature/SourceQuote,infere,non,"aucune confirmation par la these, aucune source primaire, granularite fine — origine de la date non etablie"
1_dates_evenements,9aac15db0a154d50855a24fca026aab4,InfrastructureEvent — Activation de SegWit via UASF (1er août 2017),InfrastructureEvent,date,2017-08-01,non,,non,,non,aucune,,,,non_adosse,oui,"La date « 2017-08-01 » de « InfrastructureEvent — Activation de SegWit via UASF (1er août 2017) » peut-elle être rattachée à une source nommée (chronologie de la thèse avec page, référence, ou URL) ? oui/non",aucune relation vers une Reference/PrimarySource/GreyLiterature/IndigenousLiterature/SourceQuote ; seul repère textuel : chapter=Chapitre II — trop large pour adosser une date,these_verbatim,oui,"confirme mot pour mot par le texte de la these — source PROVISOIRE : la these est ici juge et partie, et le chantier a montre qu elle se contredit parfois elle-meme"
1_dates_evenements,fb4d19f9cec5420fbadd1b074d7872a4,InfrastructureEvent — Annulation du New York Agreement / SegWit2x (novembre 2017),InfrastructureEvent,date,11/11/2017,non,,non,,non,aucune,,,,non_adosse,oui,"La date « 11/11/2017 » de « InfrastructureEvent — Annulation du New York Agreement / SegWit2x (nov » peut-elle être rattachée à une source nommée (chronologie de la thèse avec page, référence, ou URL) ? oui/non",aucune relation vers une Reference/PrimarySource/GreyLiterature/IndigenousLiterature/SourceQuote,infere,non,"aucune confirmation par la these, aucune source primaire, granularite fine — origine de la date non etablie"
1_dates_evenements,1a666b0913364cc39236ea82f4d73ef5,InfrastructureEvent — Arrestation Ross Ulbricht / fermeture Silk Road (octobre 2013),InfrastructureEvent,date,2013-10,oui,Tasca & Liu 2018 ; Musiani Mallard Meadel 2018,non,,non,reference_nommee,contributes to[inverse]→72ad349cc28c4760a46521d685fca284 (Chen 2011)|source of[inverse]→72ad349cc28c4760a46521d685fca284 (Chen 2011)|triggers[inverse]→72ad349cc28c4760a46521d685fca284 (Chen 2011),,,adosse_fort,non,,référence(s) de dateSource retrouvée(s) au MD : Tasca 2018 (MD l.1184) ; Musiani 2018 (MD l.862) ; seul repère textuel : chapter=Chapitre I — trop large pour adosser une date,these_verbatim,oui,"confirme mot pour mot par le texte de la these — source PROVISOIRE : la these est ici juge et partie, et le chantier a montre qu elle se contredit parfois elle-meme"
1_dates_evenements,21e8e322b58f421aa3540bdeef5fde64,"InfrastructureEvent — Article Forbes sur Bitcoin (Greenberg, avril 2011)",InfrastructureEvent,date,2011-04,oui,Greenberg 2011,non,,non,reference_nommee,source of[inverse]→3cf3653bf51641c3bd3170342a520ffd (Greenberg 2011),,,adosse_fort,non,,référence(s) de dateSource retrouvée(s) au MD : Greenberg 2011 (MD l.536) ; seul repère textuel : chapter=Chapitre I — trop large pour adosser une date,these_verbatim,oui,"confirme mot pour mot par le texte de la these — source PROVISOIRE : la these est ici juge et partie, et le chantier a montre qu elle se contredit parfois elle-meme"
1_dates_evenements,944c9169ed3d416f95bebdfd4b9b1d20,InfrastructureEvent — Article PC World sur WikiLeaks/Bitcoin (decembre 2010),InfrastructureEvent,date,2010-12,oui,Nakamoto 2010g ; Sedgwick 2019d,non,,non,reference_nommee,source of[inverse]→36402a6863c344c4b894c0539b8f4308 (Sedgwick 2019d),,,adosse_fort,non,,"référence(s) de dateSource retrouvée(s) au MD : Nakamoto 2010 (MD l.866,868,870,872,874,876,878) ; Sedgwick 2019 (MD l.1060,1062,1064,1066,1068,1070,1072,1074,1076,1078,1080,1082,1084,1086,1088,1090) ; seul repère textuel : chapter=Chapitre I — trop large pour adosser une date",infere,non,"aucune confirmation par la these, aucune source primaire, granularite fine — origine de la date non etablie"
1_dates_evenements,3a7d7850c35842dc9127080eb7d30db3,InfrastructureEvent — Article PCWorld sur Bitcoin (décembre 2009),InfrastructureEvent,date,22/12/2009,non,,non,,non,aucune,,,,non_adosse,oui,"La date « 22/12/2009 » de « InfrastructureEvent — Article PCWorld sur Bitcoin (décembre 2009) » peut-elle être rattachée à une source nommée (chronologie de la thèse avec page, référence, ou URL) ? oui/non",aucune relation vers une Reference/PrimarySource/GreyLiterature/IndigenousLiterature/SourceQuote,infere,non,"aucune confirmation par la these, aucune source primaire, granularite fine — origine de la date non etablie"
1_dates_evenements,1a363b7013534bfd9bd949c6d69c4a19,InfrastructureEvent — Audition Senat americain sur Bitcoin (19 nov. 2013),InfrastructureEvent,date,2013-11-19,oui,Banque de France 2013 p. 4,non,,non,reference_nommee,,,,adosse_fort,non,,référence(s) de dateSource retrouvée(s) au MD : Banque 2013 (MD l.112) ; aucune relation vers une Reference/PrimarySource/GreyLiterature/IndigenousLiterature/SourceQuote ; seul repère textuel : chapter=Chapitre I — trop large pour adosser une date,these_verbatim,oui,"confirme mot pour mot par le texte de la these — source PROVISOIRE : la these est ici juge et partie, et le chantier a montre qu elle se contredit parfois elle-meme"
1_dates_evenements,1eb70d76b39b4a86a102b5d42063c3ed,InfrastructureEvent — BIP 16 : Pay-to-Script-Hash (avril 2012),InfrastructureEvent,date,2012-04,oui,O'Brien 2014,non,,non,reference_nommee,source of[inverse]→780f2dd665fa41fb8eb2ad24579f7451 (O'Brien 2014),,,adosse_fort,non,,référence(s) de dateSource retrouvée(s) au MD : O'Brien 2014 (MD l.898) ; seul repère textuel : chapter=Chapitre I — trop large pour adosser une date,infere,non,"aucune confirmation par la these, aucune source primaire, granularite fine — origine de la date non etablie"
1_dates_evenements,fda844ff24dc4fe6882516b72e6d71ce,InfrastructureEvent — BIP-0001 : institutionnalisation du processus de développement Bitcoin,InfrastructureEvent,date,2011,non,,non,,non,aucune,,,,non_adosse,oui,"La date « 2011 » de « InfrastructureEvent — BIP-0001 : institutionnalisation du processus de » peut-elle être rattachée à une source nommée (chronologie de la thèse avec page, référence, ou URL) ? oui/non",aucune relation vers une Reference/PrimarySource/GreyLiterature/IndigenousLiterature/SourceQuote ; seul repère textuel : chapter=Chapitre I — trop large pour adosser une date,these_verbatim,oui,"confirme mot pour mot par le texte de la these — source PROVISOIRE : la these est ici juge et partie, et le chantier a montre qu elle se contredit parfois elle-meme"
1_dates_evenements,22355ecc9bf04737be7e071a871509f3,InfrastructureEvent — BIP-39 : phrases mnémoniques (wallets HD),InfrastructureEvent,date,2013,non,,non,,non,aucune,,,,non_adosse,oui,"La date « 2013 » de « InfrastructureEvent — BIP-39 : phrases mnémoniques (wallets HD) » peut-elle être rattachée à une source nommée (chronologie de la thèse avec page, référence, ou URL) ? oui/non",aucune relation vers une Reference/PrimarySource/GreyLiterature/IndigenousLiterature/SourceQuote,approximatif,non,granularite « annee » : la date elle-meme ne designe pas un jour
1_dates_evenements,75ac54bedbfb4fe5a5f32aa8f0e74677,InfrastructureEvent — BTCC : plateforme d'échange Bitcoin chinoise (Bobby Lee),InfrastructureEvent,date,2013,non,,non,,non,aucune,,,,non_adosse,oui,"La date « 2013 » de « InfrastructureEvent — BTCC : plateforme d'échange Bitcoin chinoise (Bo » peut-elle être rattachée à une source nommée (chronologie de la thèse avec page, référence, ou URL) ? oui/non",aucune relation vers une Reference/PrimarySource/GreyLiterature/IndigenousLiterature/SourceQuote ; seul repère textuel : chapter=Chapitre I — trop large pour adosser une date,approximatif,non,granularite « annee » : la date elle-meme ne designe pas un jour
1_dates_evenements,496ef75551f5475ab7f7ec0c6f31052a,InfrastructureEvent — BitDNS : projet DNS distribué précurseur de Namecoin (nov. 2010),InfrastructureEvent,date,2010-11,oui,Nakamoto 2010b,non,,non,reference_nommee,quote supports[inverse]→55bf8adce794447c8e18b7b6d2c4c411 (Quote — Nakamoto : Bitcoin et BitDNS auront des 'destins distincts' (2)|source of[inverse]→313c66ac111542d3a47de4607949a807 (Nakamoto 2010b)|source of[inverse]→36a71df1f997487eab76b897d010da1d (Loibl 2014)|source of[inverse]→a9f90b789f76495f8dd585508f0d3270 (Sedgwick 2018c),,,adosse_fort,non,,"référence(s) de dateSource retrouvée(s) au MD : Nakamoto 2010 (MD l.866,868,870,872,874,876,878) ; seul repère textuel : chapter=Chapitre I — trop large pour adosser une date",these_verbatim,oui,"confirme mot pour mot par le texte de la these — source PROVISOIRE : la these est ici juge et partie, et le chantier a montre qu elle se contredit parfois elle-meme"
1_dates_evenements,fcddab6ea50c4380a94c2d5dc8b00480,"InfrastructureEvent — BitGo lève 12 millions $ (portefeuille multi-sig, 2014)",InfrastructureEvent,date,13/05/2014,non,,non,,non,aucune,,,,non_adosse,oui,"La date « 13/05/2014 » de « InfrastructureEvent — BitGo lève 12 millions $ (portefeuille multi-sig » peut-elle être rattachée à une source nommée (chronologie de la thèse avec page, référence, ou URL) ? oui/non",aucune relation vers une Reference/PrimarySource/GreyLiterature/IndigenousLiterature/SourceQuote,infere,non,"aucune confirmation par la these, aucune source primaire, granularite fine — origine de la date non etablie"
1_dates_evenements,75ca941e17f4489fa47ced4aeafdd2f8,InfrastructureEvent — BitGo lève 49 millions $ (octobre 2016),InfrastructureEvent,date,06/10/2016,non,,non,,non,aucune,,,,non_adosse,oui,"La date « 06/10/2016 » de « InfrastructureEvent — BitGo lève 49 millions $ (octobre 2016) » peut-elle être rattachée à une source nommée (chronologie de la thèse avec page, référence, ou URL) ? oui/non",aucune relation vers une Reference/PrimarySource/GreyLiterature/IndigenousLiterature/SourceQuote,infere,non,"aucune confirmation par la these, aucune source primaire, granularite fine — origine de la date non etablie"
1_dates_evenements,af1041289a1847b0890e7d76bcb856cd,InfrastructureEvent — Bitcoin Classic : fork Big Blockers (2016),InfrastructureEvent,date,2016,non,,non,,non,aucune,,,,non_adosse,oui,"La date « 2016 » de « InfrastructureEvent — Bitcoin Classic : fork Big Blockers (2016) » peut-elle être rattachée à une source nommée (chronologie de la thèse avec page, référence, ou URL) ? oui/non",aucune relation vers une Reference/PrimarySource/GreyLiterature/IndigenousLiterature/SourceQuote ; seul repère textuel : chapter=Chapitre II — trop large pour adosser une date,approximatif,non,granularite « annee » : la date elle-meme ne designe pas un jour
1_dates_evenements,a1135fa80cde427d9d7ca42e4b494a04,InfrastructureEvent — Bitcoin Core 0.9.0 : OP_RETURN limité à 40 octets (mars 2014),InfrastructureEvent,date,2014-03,non,,non,,non,aucune,source of[inverse]→20c955b4d08b43238954a2ddc14020d6 (BitMEXResearch 2022)|source of[inverse]→995d0c272da14d479572f406a5cd7423 (Young 2017)|source of[inverse]→fdafe6e12c094113a2e2ba841b4e324e (Garzik 2014b),,,adosse_faible,non,,seul repère textuel : chapter=Chapitre I — trop large pour adosser une date,these_verbatim,oui,"confirme mot pour mot par le texte de la these — source PROVISOIRE : la these est ici juge et partie, et le chantier a montre qu elle se contredit parfois elle-meme"
1_dates_evenements,0ec8d4683eb14f49a2b5dd37ac2c8858,InfrastructureEvent — Bitcoin Faucet,InfrastructureEvent,date,2010-06,non,,non,,non,aucune,quote supports[inverse]→1615e03f3cea4fc5ada25cdbf9c07fdd (Quote — Bitcoin Faucet — p.91)|quote supports[inverse]→64a6b86e34a14879b273b47748745518 (Quote — Faucet (Gavin Andresen) — p.91)|quote supports[inverse]→82813457681d44d09f136eeb4aeed690 (Quote — Faucet — p.91),,,adosse_faible,non,,"adossement au niveau de la fiche seulement (thesisLocation=Chapitre I, section I.2) : localise l'entité dans la thèse, pas sa date",these_verbatim,oui,"confirme mot pour mot par le texte de la these — source PROVISOIRE : la these est ici juge et partie, et le chantier a montre qu elle se contredit parfois elle-meme"
1_dates_evenements,6c9b59cca3a544afac57f19fac6e0393,InfrastructureEvent — Bitcoin Foundation creation,InfrastructureEvent,date,2012-09-27,oui,Thèse — Chronologie 2 (p.88),oui,TIMELINE_FIGURE,non,renvoi_these,,,,adosse_fort,non,,"aucun libellé « Chronologie 2 » n'existe dans assets/MD/ ; le renvoi est paginé sur le PDF de la thèse, non relocalisable dans le Markdown ; aucune relation vers une Reference/PrimarySource/GreyLiterature/IndigenousLiterature/SourceQuote",these_verbatim,oui,"confirme mot pour mot par le texte de la these — source PROVISOIRE : la these est ici juge et partie, et le chantier a montre qu elle se contredit parfois elle-meme"
1_dates_evenements,a494e3afcd4e41b5bc9a178c8c96483c,InfrastructureEvent — Bitcoin Improvement Proposals standardization,InfrastructureEvent,date,2011-08-19,oui,Thèse — Chronologie 2 (p.88),oui,TIMELINE_FIGURE,non,renvoi_these,,,,adosse_fort,non,,"aucun libellé « Chronologie 2 » n'existe dans assets/MD/ ; le renvoi est paginé sur le PDF de la thèse, non relocalisable dans le Markdown ; aucune relation vers une Reference/PrimarySource/GreyLiterature/IndigenousLiterature/SourceQuote",these_verbatim,oui,"confirme mot pour mot par le texte de la these — source PROVISOIRE : la these est ici juge et partie, et le chantier a montre qu elle se contredit parfois elle-meme"
1_dates_evenements,b3d5131dbe224d39bf4527581dd095c9,InfrastructureEvent — Bitcoin XT : fork Big Blockers (2015),InfrastructureEvent,date,2015,non,,non,,non,aucune,,,,non_adosse,oui,"La date « 2015 » de « InfrastructureEvent — Bitcoin XT : fork Big Blockers (2015) » peut-elle être rattachée à une source nommée (chronologie de la thèse avec page, référence, ou URL) ? oui/non",aucune relation vers une Reference/PrimarySource/GreyLiterature/IndigenousLiterature/SourceQuote ; seul repère textuel : chapter=Chapitre II — trop large pour adosser une date,these_verbatim,oui,"confirme mot pour mot par le texte de la these — source PROVISOIRE : la these est ici juge et partie, et le chantier a montre qu elle se contredit parfois elle-meme"
1_dates_evenements,5f86375d2ffa4575b9c1b18395bb82b1,InfrastructureEvent — Bitcoin-QT 0.1 client lourd (9 janvier 2009),InfrastructureEvent,date,2009-01-09,oui,Sedgwick 2019b ; Banque de France 2013,non,,non,reference_nommee,source of[inverse]→0b6757906af240538fa81cb46e306e21 (Sedgwick 2019f)|source of[inverse]→2cc410abd7c54456be38e40470712548 (Sedgwick 2019b)|source of[inverse]→36402a6863c344c4b894c0539b8f4308 (Sedgwick 2019d),,,adosse_fort,non,,"référence(s) de dateSource retrouvée(s) au MD : Sedgwick 2019 (MD l.1060,1062,1064,1066,1068,1070,1072,1074,1076,1078,1080,1082,1084,1086,1088,1090) ; Banque 2013 (MD l.112) ; seul repère textuel : chapter=Chapitre I — trop large pour adosser une date",these_verbatim,oui,"confirme mot pour mot par le texte de la these — source PROVISOIRE : la these est ici juge et partie, et le chantier a montre qu elle se contredit parfois elle-meme"
1_dates_evenements,0d81bba0461d49a5af8997a20663d630,InfrastructureEvent — BitcoinTalk forum created,InfrastructureEvent,date,2010-11-22,oui,Thèse — Chronologie 2 (p.88),oui,TIMELINE_FIGURE,non,renvoi_these,,,,adosse_fort,non,,"aucun libellé « Chronologie 2 » n'existe dans assets/MD/ ; le renvoi est paginé sur le PDF de la thèse, non relocalisable dans le Markdown ; aucune relation vers une Reference/PrimarySource/GreyLiterature/IndigenousLiterature/SourceQuote",infere,non,"aucune confirmation par la these, aucune source primaire, granularite fine — origine de la date non etablie"
1_dates_evenements,52825e0addb24136bf45eace9724984b,InfrastructureEvent — Braiins / Stratum V2 (protocole communication hashers/pools),InfrastructureEvent,date,2019,oui,Wirdum 2019,non,,non,reference_nommee,source of[inverse]→e57bb7366c66490b82597a1edab3d016 (Wirdum 2019),,,adosse_fort,non,,référence(s) de dateSource retrouvée(s) au MD : Wirdum 2019 (MD l.1286) ; seul repère textuel : chapter=Chapitre I — trop large pour adosser une date,these_verbatim,oui,"confirme mot pour mot par le texte de la these — source PROVISOIRE : la these est ici juge et partie, et le chantier a montre qu elle se contredit parfois elle-meme"
1_dates_evenements,82349be91da44883961b469695426d85,InfrastructureEvent — CBOE : marches futurs Bitcoin (2017),InfrastructureEvent,date,2017,non,,non,,non,aucune,,,,non_adosse,oui,"La date « 2017 » de « InfrastructureEvent — CBOE : marches futurs Bitcoin (2017) » peut-elle être rattachée à une source nommée (chronologie de la thèse avec page, référence, ou URL) ? oui/non",aucune relation vers une Reference/PrimarySource/GreyLiterature/IndigenousLiterature/SourceQuote ; seul repère textuel : chapter=Chapitre I — trop large pour adosser une date,these_verbatim,oui,"confirme mot pour mot par le texte de la these — source PROVISOIRE : la these est ici juge et partie, et le chantier a montre qu elle se contredit parfois elle-meme"
1_dates_evenements,3097f3ada89146d89f300ae74fb85ada,InfrastructureEvent — CME : marchés futurs Bitcoin (2017),InfrastructureEvent,date,2017,non,,non,,non,aucune,,,,non_adosse,oui,"La date « 2017 » de « InfrastructureEvent — CME : marchés futurs Bitcoin (2017) » peut-elle être rattachée à une source nommée (chronologie de la thèse avec page, référence, ou URL) ? oui/non",aucune relation vers une Reference/PrimarySource/GreyLiterature/IndigenousLiterature/SourceQuote,these_verbatim,oui,"confirme mot pour mot par le texte de la these — source PROVISOIRE : la these est ici juge et partie, et le chantier a montre qu elle se contredit parfois elle-meme"
1_dates_evenements,7387a5055a284717a5e8221d0bbd216d,InfrastructureEvent — Capital-risque dans l ecosysteme Bitcoin (2012-2015),InfrastructureEvent,date,2012,oui,Rauchs 2016 p. 70-71,non,,non,reference_nommee,source of[inverse]→4ed01f7542be4de9b53d4f30516ab5fb (Rauchs 2016),,,adosse_fort,non,,référence(s) de dateSource retrouvée(s) au MD : Rauchs 2016 (MD l.988) ; seul repère textuel : chapter=Chapitre I — trop large pour adosser une date,these_verbatim,oui,"confirme mot pour mot par le texte de la these — source PROVISOIRE : la these est ici juge et partie, et le chantier a montre qu elle se contredit parfois elle-meme"
1_dates_evenements,3198fc1ff3d748b78f220b5699264a44,InfrastructureEvent — Chine interdit les institutions d'utiliser Bitcoin (décembre 2013),InfrastructureEvent,date,05/12/2013,non,,non,,non,aucune,triggers→302da3d678614292bdebe97402db785b (Quote — régulations protocolaires comme cristallisations normatives),,,adosse_faible,non,,,infere,non,"aucune confirmation par la these, aucune source primaire, granularite fine — origine de la date non etablie"
1_dates_evenements,08a230a6d478497b8a2d0b155bc89db1,InfrastructureEvent — CoinGecko : plateforme données cryptomarché,InfrastructureEvent,date,2014,oui,CoinGecko 2020,non,,non,reference_nommee,,,,adosse_fort,non,,"référence(s) de dateSource NON retrouvée(s) dans assets/MD/07_bibliographie.md : CoinGecko 2020 (non-résolution, pas preuve d'erreur) ; aucune relation vers une Reference/PrimarySource/GreyLiterature/IndigenousLiterature/SourceQuote ; seul repère textuel : chapter=Chapitre I — trop large pour adosser une date",approximatif,non,granularite « annee » : la date elle-meme ne designe pas un jour
1_dates_evenements,de8f9cb71cfd4d75bd5129622d3eace7,InfrastructureEvent — CoinMarketCap : plateforme données cryptomarché (2013),InfrastructureEvent,date,2013,oui,ElBahrawy et al. 2017,non,,non,reference_nommee,source of[inverse]→0441f46f712d41489f63260e8f97be85 (ElBahrawy et al. 2017),,,adosse_fort,non,,référence(s) de dateSource retrouvée(s) au MD : ElBahrawy 2017 (MD l.436) ; seul repère textuel : chapter=Chapitre I — trop large pour adosser une date,approximatif,non,granularite « annee » : la date elle-meme ne designe pas un jour
1_dates_evenements,7cda4562e3ee4e9c8bf969bdf639994a,InfrastructureEvent — Coinbase : croissance et levee de fonds 75M$ (2015),InfrastructureEvent,date,2015,oui,Rauchs 2016 p. 70-71,non,,non,reference_nommee,source of[inverse]→4ed01f7542be4de9b53d4f30516ab5fb (Rauchs 2016),,,adosse_fort,non,,référence(s) de dateSource retrouvée(s) au MD : Rauchs 2016 (MD l.988) ; seul repère textuel : chapter=Chapitre I — trop large pour adosser une date,these_verbatim,oui,"confirme mot pour mot par le texte de la these — source PROVISOIRE : la these est ici juge et partie, et le chantier a montre qu elle se contredit parfois elle-meme"
1_dates_evenements,eee2478423515dbe3553e41d9d635fb0,InfrastructureEvent — Coinbase : fondation (2012),InfrastructureEvent,date,2012,oui,Thèse fig. n°6 ; ch.I l.287,non,,non,renvoi_these,,,,adosse_fort,non,,aucune relation vers une Reference/PrimarySource/GreyLiterature/IndigenousLiterature/SourceQuote ; seul repère textuel : chapter=Chapitre I — trop large pour adosser une date,approximatif,non,granularite « annee » : la date elle-meme ne designe pas un jour
1_dates_evenements,bcadca2adf144ddbb061b722a8c85a80,InfrastructureEvent — Coinbase atteint 5 millions utilisateurs (2017),InfrastructureEvent,date,08/01/2017,non,,non,,non,aucune,,,,non_adosse,oui,"La date « 08/01/2017 » de « InfrastructureEvent — Coinbase atteint 5 millions utilisateurs (2017) » peut-elle être rattachée à une source nommée (chronologie de la thèse avec page, référence, ou URL) ? oui/non",aucune relation vers une Reference/PrimarySource/GreyLiterature/IndigenousLiterature/SourceQuote,infere,non,"aucune confirmation par la these, aucune source primaire, granularite fine — origine de la date non etablie"
1_dates_evenements,2a82b098ae8c4ec2ba420111cfe9493d,"InfrastructureEvent — Colored Coins (protocole méta-token sur Bitcoin, 2012)",InfrastructureEvent,date,27/09/2012,non,,non,,non,aucune,,,,non_adosse,oui,"La date « 27/09/2012 » de « InfrastructureEvent — Colored Coins (protocole méta-token sur Bitcoin, » peut-elle être rattachée à une source nommée (chronologie de la thèse avec page, référence, ou URL) ? oui/non",aucune relation vers une Reference/PrimarySource/GreyLiterature/IndigenousLiterature/SourceQuote,these_verbatim,oui,"confirme mot pour mot par le texte de la these — source PROVISOIRE : la these est ici juge et partie, et le chantier a montre qu elle se contredit parfois elle-meme"
1_dates_evenements,c485443e2a604bc98eb6826417438bfb,"InfrastructureEvent — Conférence Scaling Bitcoin, Montréal (septembre 2015)",InfrastructureEvent,date,2015-09,non,,non,,non,aucune,,,,non_adosse,oui,"La date « 2015-09 » de « InfrastructureEvent — Conférence Scaling Bitcoin, Montréal (septembre  » peut-elle être rattachée à une source nommée (chronologie de la thèse avec page, référence, ou URL) ? oui/non",aucune relation vers une Reference/PrimarySource/GreyLiterature/IndigenousLiterature/SourceQuote ; seul repère textuel : chapter=Chapitre II — trop large pour adosser une date,these_verbatim,oui,"confirme mot pour mot par le texte de la these — source PROVISOIRE : la these est ici juge et partie, et le chantier a montre qu elle se contredit parfois elle-meme"
1_dates_evenements,e2c89bd57671472cb2f471d04c34bf76,InfrastructureEvent — Correction d’un bug de type 'Inflation',InfrastructureEvent,date,2010-11-15,oui,Thèse — Chronologie (figure) Chapitre I.2,oui,TIMELINE_FIGURE,non,renvoi_these,,,,adosse_fort,non,,"le renvoi vise la figure « Chronologie n° 6 » (assets/MD/01_chapitre_I.md l.255, section I.2) : c'est une image (media/image5.png) absente du dépôt — la date n'est relisible que dans assets/pdf/5_Chapitre_1.pdf, pas dans le Markdown ; aucune relation vers une Reference/PrimarySource/GreyLiterature/IndigenousLiterature/SourceQuote",these_verbatim,oui,"confirme mot pour mot par le texte de la these — source PROVISOIRE : la these est ici juge et partie, et le chantier a montre qu elle se contredit parfois elle-meme"
1_dates_evenements,db5981176f4948e29da8342ed543bc5f,InfrastructureEvent — Cyprus banking crisis (price episode),InfrastructureEvent,date,2013-03,oui,Thèse — Chronologie 2 (p.88),oui,TIMELINE_FIGURE,non,renvoi_these,,,,adosse_fort,non,,"aucun libellé « Chronologie 2 » n'existe dans assets/MD/ ; le renvoi est paginé sur le PDF de la thèse, non relocalisable dans le Markdown ; aucune relation vers une Reference/PrimarySource/GreyLiterature/IndigenousLiterature/SourceQuote",infere,non,"aucune confirmation par la these, aucune source primaire, granularite fine — origine de la date non etablie"
1_dates_evenements,28ed228eed8c48fab1e63d381096e357,InfrastructureEvent — Dark Wallet (2014),InfrastructureEvent,date,2014,non,,non,,non,aucune,,,,non_adosse,oui,"La date « 2014 » de « InfrastructureEvent — Dark Wallet (2014) » peut-elle être rattachée à une source nommée (chronologie de la thèse avec page, référence, ou URL) ? oui/non",aucune relation vers une Reference/PrimarySource/GreyLiterature/IndigenousLiterature/SourceQuote ; seul repère textuel : chapter=Chapitre I — trop large pour adosser une date,these_verbatim,oui,"confirme mot pour mot par le texte de la these — source PROVISOIRE : la these est ici juge et partie, et le chantier a montre qu elle se contredit parfois elle-meme"
1_dates_evenements,61c00091249c44d88bc06e678331e6dc,InfrastructureEvent — Digital Asset Transfer Authority (juillet 2013),InfrastructureEvent,date,2013-07,oui,Bitcoin.fr,non,,non,reference_nommee,,,,adosse_fort,non,,aucune relation vers une Reference/PrimarySource/GreyLiterature/IndigenousLiterature/SourceQuote ; seul repère textuel : chapter=Chapitre I — trop large pour adosser une date,these_verbatim,oui,"confirme mot pour mot par le texte de la these — source PROVISOIRE : la these est ici juge et partie, et le chantier a montre qu elle se contredit parfois elle-meme"
1_dates_evenements,fa805d2b30894bf0a39d621406b22cbe,InfrastructureEvent — Doge4Water et campagnes caritatives Dogecoin (2014),InfrastructureEvent,date,2014,non,,non,,non,aucune,,,,non_adosse,oui,"La date « 2014 » de « InfrastructureEvent — Doge4Water et campagnes caritatives Dogecoin (20 » peut-elle être rattachée à une source nommée (chronologie de la thèse avec page, référence, ou URL) ? oui/non",aucune relation vers une Reference/PrimarySource/GreyLiterature/IndigenousLiterature/SourceQuote ; seul repère textuel : chapter=Chapitre I — trop large pour adosser une date,these_verbatim,oui,"confirme mot pour mot par le texte de la these — source PROVISOIRE : la these est ici juge et partie, et le chantier a montre qu elle se contredit parfois elle-meme"
1_dates_evenements,eb2cb7c7f3c44cd2b8d01fe8bbad5a5a,InfrastructureEvent — Dust limit (limite de poussière Bitcoin),InfrastructureEvent,date,2010,oui,Champagne 2014 p. 205-212,non,,non,reference_nommee,source of[inverse]→42b5d61f8b814235ab41901c076635f7 (Champagne 2014 Book of Satoshi),,,adosse_fort,non,,référence(s) de dateSource retrouvée(s) au MD : Champagne 2014 (MD l.308) ; seul repère textuel : chapter=Chapitre I — trop large pour adosser une date,approximatif,non,granularite « annee » : la date elle-meme ne designe pas un jour
1_dates_evenements,39fdc0aac1f74b8daad7a5227b99c8a5,InfrastructureEvent — Démantèlement de Silk Road,InfrastructureEvent,date,2013-10-02,non,,non,,non,aucune,quote supports[inverse]→fbfe3506451e4559aaa8cd540f2f1765 (Quote — Démantèlement de Silk Road — p.95),,,adosse_faible,non,,"adossement au niveau de la fiche seulement (thesisLocation=Chapitre I, section I.2) : localise l'entité dans la thèse, pas sa date",these_verbatim,oui,"confirme mot pour mot par le texte de la these — source PROVISOIRE : la these est ici juge et partie, et le chantier a montre qu elle se contredit parfois elle-meme"
1_dates_evenements,8c6539857956431cb3e82ac1e0548a55,InfrastructureEvent — Dépôt du nom de domaine bitcoin.org,InfrastructureEvent,date,2008-07-18,non,,non,,non,aucune,,,,non_adosse,oui,"La date « 2008-07-18 » de « InfrastructureEvent — Dépôt du nom de domaine bitcoin.org » peut-elle être rattachée à une source nommée (chronologie de la thèse avec page, référence, ou URL) ? oui/non",aucune relation vers une Reference/PrimarySource/GreyLiterature/IndigenousLiterature/SourceQuote,these_verbatim,oui,"confirme mot pour mot par le texte de la these — source PROVISOIRE : la these est ici juge et partie, et le chantier a montre qu elle se contredit parfois elle-meme"
1_dates_evenements,e94f426ef4b24efdb0a936bc1f5ee5ad,InfrastructureEvent — Emergence services KYC/AML (2012-2013),InfrastructureEvent,date,2012,oui,"ECB 2012 ; Rauchs 2016, p. 58",non,,non,reference_nommee,source of[inverse]→117c1b4f6212439a832bb191383b4a7b (European Central Bank 2012)|triggers[inverse]→117c1b4f6212439a832bb191383b4a7b (European Central Bank 2012),,,adosse_fort,non,,"référence(s) de dateSource retrouvée(s) au MD : Rauchs 2016 (MD l.988) ; référence(s) de dateSource NON retrouvée(s) dans assets/MD/07_bibliographie.md : ECB 2012 (non-résolution, pas preuve d'erreur) ; seul repère textuel : chapter=Chapitre I — trop large pour adosser une date",these_verbatim,oui,"confirme mot pour mot par le texte de la these — source PROVISOIRE : la these est ici juge et partie, et le chantier a montre qu elle se contredit parfois elle-meme"
1_dates_evenements,45cd642a1b8b411092e611c51acdb791,InfrastructureEvent — First Bitcoin halving,InfrastructureEvent,date,2012-11-28,oui,Thèse — Chronologie 2 (p.88),oui,TIMELINE_FIGURE,non,renvoi_these,,,,adosse_fort,non,,"aucun libellé « Chronologie 2 » n'existe dans assets/MD/ ; le renvoi est paginé sur le PDF de la thèse, non relocalisable dans le Markdown ; aucune relation vers une Reference/PrimarySource/GreyLiterature/IndigenousLiterature/SourceQuote",infere,non,"aucune confirmation par la these, aucune source primaire, granularite fine — origine de la date non etablie"
1_dates_evenements,4d123d178412441bbf33bfa8240e9c3c,InfrastructureEvent — First public French info site Bitcoin.fr,InfrastructureEvent,date,2010-12-23,oui,Thèse — Chronologie 2 (p.88),oui,TIMELINE_FIGURE,non,renvoi_these,,,,adosse_fort,non,,"aucun libellé « Chronologie 2 » n'existe dans assets/MD/ ; le renvoi est paginé sur le PDF de la thèse, non relocalisable dans le Markdown ; aucune relation vers une Reference/PrimarySource/GreyLiterature/IndigenousLiterature/SourceQuote",infere,non,"aucune confirmation par la these, aucune source primaire, granularite fine — origine de la date non etablie"
1_dates_evenements,5b8c5959b2114befb0021a2c5d416e6f,InfrastructureEvent — First soft fork (Value overflow bug fix),InfrastructureEvent,date,2010-07-28,oui,Thèse — Chronologie 2 (p.88),oui,TIMELINE_FIGURE,non,renvoi_these,,,,adosse_fort,non,,"aucun libellé « Chronologie 2 » n'existe dans assets/MD/ ; le renvoi est paginé sur le PDF de la thèse, non relocalisable dans le Markdown ; aucune relation vers une Reference/PrimarySource/GreyLiterature/IndigenousLiterature/SourceQuote",infere,non,"aucune confirmation par la these, aucune source primaire, granularite fine — origine de la date non etablie"
1_dates_evenements,4f57a750014849e6b8676b66ef2aadd2,"InfrastructureEvent — Flash crash MtGox : 32$ vers 0,01$ (juillet 2011)",InfrastructureEvent,date,2011-07,oui,Sedgwick 2019g ; BitMEX Research 2018,non,,non,reference_nommee,source of[inverse]→7e8f363118eb44e7b9878864a8f5e58a (Sedgwick 2019g),,,adosse_fort,non,,"référence(s) de dateSource retrouvée(s) au MD : Sedgwick 2019 (MD l.1060,1062,1064,1066,1068,1070,1072,1074,1076,1078,1080,1082,1084,1086,1088,1090) ; BitMEX 2018 (MD l.168,170,172) ; seul repère textuel : chapter=Chapitre I — trop large pour adosser une date",infere,non,"aucune confirmation par la these, aucune source primaire, granularite fine — origine de la date non etablie"
1_dates_evenements,398e5477ea2041a1a030330178fb9c52,InfrastructureEvent — Flood attacks / attaques DOS par spam de transactions,InfrastructureEvent,date,2011,oui,Lopp 2021,non,,non,reference_nommee,source of[inverse]→78aaaaee3c684931b0b63a0b2a7ec181 (Lopp 2021 Spam Storms),,,adosse_fort,non,,référence(s) de dateSource retrouvée(s) au MD : Lopp 2021 (MD l.764) ; seul repère textuel : chapter=Chapitre I — trop large pour adosser une date,approximatif,non,granularite « annee » : la date elle-meme ne designe pas un jour
1_dates_evenements,f9f289de35d14463999022184a680479,InfrastructureEvent — Fondation Bitcoin (fin 2012),InfrastructureEvent,date,2012,oui,"Rauchs 2016, p. 12",non,,non,reference_nommee,source of[inverse]→117c1b4f6212439a832bb191383b4a7b (European Central Bank 2012),,,adosse_fort,non,,référence(s) de dateSource retrouvée(s) au MD : Rauchs 2016 (MD l.988) ; seul repère textuel : chapter=Chapitre I — trop large pour adosser une date,these_verbatim,oui,"confirme mot pour mot par le texte de la these — source PROVISOIRE : la these est ici juge et partie, et le chantier a montre qu elle se contredit parfois elle-meme"
1_dates_evenements,318b090059f34be4b52d389f0b38c3a7,InfrastructureEvent — Fork contentieux Bitcoin / Bitcoin Cash (aout 2017),InfrastructureEvent,date,2017-08,non,,non,,non,aucune,,,,non_adosse,oui,"La date « 2017-08 » de « InfrastructureEvent — Fork contentieux Bitcoin / Bitcoin Cash (aout 20 » peut-elle être rattachée à une source nommée (chronologie de la thèse avec page, référence, ou URL) ? oui/non",aucune relation vers une Reference/PrimarySource/GreyLiterature/IndigenousLiterature/SourceQuote ; seul repère textuel : chapter=Chapitre I — trop large pour adosser une date,these_verbatim,oui,"confirme mot pour mot par le texte de la these — source PROVISOIRE : la these est ici juge et partie, et le chantier a montre qu elle se contredit parfois elle-meme"
1_dates_evenements,544943d3d87a4c898c5e706622b2df97,InfrastructureEvent — France audition Commission des Finances sur les cryptomonnaies (2015),InfrastructureEvent,date,07/11/2014,non,,non,,non,aucune,part of→302da3d678614292bdebe97402db785b (Quote — régulations protocolaires comme cristallisations normatives),,,adosse_faible,non,,,infere,non,"aucune confirmation par la these, aucune source primaire, granularite fine — origine de la date non etablie"
1_dates_evenements,d7fdcd25ac024e799bbaa6c9bda0a607,InfrastructureEvent — France rapport TraFin et régime fiscal du Bitcoin (2014),InfrastructureEvent,date,11/07/2014,non,,non,,non,aucune,part of→302da3d678614292bdebe97402db785b (Quote — régulations protocolaires comme cristallisations normatives),,,adosse_faible,non,,,infere,non,"aucune confirmation par la these, aucune source primaire, granularite fine — origine de la date non etablie"
1_dates_evenements,70d79dda054d462086a5472657b011a7,InfrastructureEvent — Genesis Block / lancement du protocole,InfrastructureEvent,date,2009-01-03,oui,Thèse — Chronologie 2 (p.88),oui,TIMELINE_FIGURE,non,renvoi_these,,,,adosse_fort,non,,"aucun libellé « Chronologie 2 » n'existe dans assets/MD/ ; le renvoi est paginé sur le PDF de la thèse, non relocalisable dans le Markdown ; aucune relation vers une Reference/PrimarySource/GreyLiterature/IndigenousLiterature/SourceQuote",these_verbatim,oui,"confirme mot pour mot par le texte de la these — source PROVISOIRE : la these est ici juge et partie, et le chantier a montre qu elle se contredit parfois elle-meme"
1_dates_evenements,1ec1befcb68c4886917b9b37f1ac4fed,InfrastructureEvent — HODL : naissance d'un mème et d'une pratique communautaire (décembre 2013),InfrastructureEvent,date,2013-12,non,,non,,non,aucune,,,,non_adosse,oui,"La date « 2013-12 » de « InfrastructureEvent — HODL : naissance d'un mème et d'une pratique com » peut-elle être rattachée à une source nommée (chronologie de la thèse avec page, référence, ou URL) ? oui/non",aucune relation vers une Reference/PrimarySource/GreyLiterature/IndigenousLiterature/SourceQuote ; seul repère textuel : chapter=Chapitre II — trop large pour adosser une date,infere,non,"aucune confirmation par la these, aucune source primaire, granularite fine — origine de la date non etablie"
1_dates_evenements,feb3b3b528af4403a43cb63516a4f212,InfrastructureEvent — ICANN : gouvernance centralisée du DNS (cible cypherpunk),InfrastructureEvent,date,1998,oui,DeNardis et Musiani 2014,non,,non,reference_nommee,quote supports[inverse]→f28872b50db54393aa148b4a43f6da65 (Quote — DeNardis et Musiani : DNS comme 'lutte de pouvoir mondiale' (2)|source of[inverse]→2272e5b8d44449d29f7429c2f59b5615 (DeNardis et Musiani 2014),,,adosse_fort,non,,référence(s) de dateSource retrouvée(s) au MD : DeNardis 2014 (MD l.394) ; seul repère textuel : chapter=Chapitre I — trop large pour adosser une date,approximatif,non,granularite « annee » : la date elle-meme ne designe pas un jour
1_dates_evenements,09746caaab9347219a82b622960f3b49,InfrastructureEvent — Incident Ghash.io : dépassement 51% (janvier 2014),InfrastructureEvent,date,2014-01,oui,Hajdarbegovic 2014,non,,non,reference_nommee,source of[inverse]→bcd561cc100f4da38b912c31a7ea5d11 (Hajdarbegovic 2014),,,adosse_fort,non,,référence(s) de dateSource retrouvée(s) au MD : Hajdarbegovic 2014 (MD l.546) ; seul repère textuel : chapter=Chapitre I — trop large pour adosser une date,these_verbatim,oui,"confirme mot pour mot par le texte de la these — source PROVISOIRE : la these est ici juge et partie, et le chantier a montre qu elle se contredit parfois elle-meme"
1_dates_evenements,644be87209214927af0a4ffb959df6d8,InfrastructureEvent — Introduction des frais relais minimums (protocole),InfrastructureEvent,date,2012,oui,Bradbury 2014,non,,non,reference_nommee,quote supports[inverse]→1c0f4b0d8a314f5ea7c38835582136a9 (Quote — Nakamoto : 'frais de transaction si nécessaire' (Champagne 201)|quote supports[inverse]→a49967a693af4032a04eb4c15bff6aa3 (Quote — Jeff Garzik : deux seuils frais relais / frais de transaction )|source of[inverse]→13392028e0914028989b1b58efe04c03 (Bradbury 2014)|source of[inverse]→42b5d61f8b814235ab41901c076635f7 (Champagne 2014 Book of Satoshi)|source of[inverse]→f8d9b4f12815491ba6ad9d2caa0387db (Andresen 2016),,,adosse_fort,non,,référence(s) de dateSource retrouvée(s) au MD : Bradbury 2014 (MD l.210) ; seul repère textuel : chapter=Chapitre I — trop large pour adosser une date,approximatif,non,granularite « annee » : la date elle-meme ne designe pas un jour
1_dates_evenements,69aa91b1014e4143b79c9f3547c29c6d,InfrastructureEvent — Introduction d’une limite de bloc (activée 2010-09-12),InfrastructureEvent,date,2010-07-15,oui,Thèse — Chronologie (figure) Chapitre I.2,oui,TIMELINE_FIGURE,non,renvoi_these,,,,adosse_fort,non,,"le renvoi vise la figure « Chronologie n° 6 » (assets/MD/01_chapitre_I.md l.255, section I.2) : c'est une image (media/image5.png) absente du dépôt — la date n'est relisible que dans assets/pdf/5_Chapitre_1.pdf, pas dans le Markdown ; aucune relation vers une Reference/PrimarySource/GreyLiterature/IndigenousLiterature/SourceQuote",infere,non,"aucune confirmation par la these, aucune source primaire, granularite fine — origine de la date non etablie"
1_dates_evenements,ba1d7f22fdef48b4bbc489e736810412,"InfrastructureEvent — Kraken : plateforme d'échange cryptos (Jesse Powell, 2011)",InfrastructureEvent,date,2011,non,,non,,non,aucune,,,,non_adosse,oui,"La date « 2011 » de « InfrastructureEvent — Kraken : plateforme d'échange cryptos (Jesse Pow » peut-elle être rattachée à une source nommée (chronologie de la thèse avec page, référence, ou URL) ? oui/non",aucune relation vers une Reference/PrimarySource/GreyLiterature/IndigenousLiterature/SourceQuote ; seul repère textuel : chapter=Chapitre I — trop large pour adosser une date,approximatif,non,granularite « annee » : la date elle-meme ne designe pas un jour
1_dates_evenements,b3e21da76d6548fda0625c0410af758c,"InfrastructureEvent — Lancement Binance (plateforme d'échange mondiale, 2017)",InfrastructureEvent,date,14/07/2017,non,,non,,non,aucune,,,,non_adosse,oui,"La date « 14/07/2017 » de « InfrastructureEvent — Lancement Binance (plateforme d'échange mondiale » peut-elle être rattachée à une source nommée (chronologie de la thèse avec page, référence, ou URL) ? oui/non",aucune relation vers une Reference/PrimarySource/GreyLiterature/IndigenousLiterature/SourceQuote,infere,non,"aucune confirmation par la these, aucune source primaire, granularite fine — origine de la date non etablie"
1_dates_evenements,b18c50643f6b4a59a9b06ff01ecf2e5c,"InfrastructureEvent — Lancement Casascius Physical Bitcoins (Mike Caldwell, 2011)",InfrastructureEvent,date,2011,non,,non,,non,aucune,source of[inverse]→e3a66f5b481943e2bf8276c057d70694 (Sedgwick 2018d),,,adosse_faible,non,,,these_verbatim,oui,"confirme mot pour mot par le texte de la these — source PROVISOIRE : la these est ici juge et partie, et le chantier a montre qu elle se contredit parfois elle-meme"
1_dates_evenements,f5161f664dbd43929b59d560548ddd87,InfrastructureEvent — Lancement Darkcoin / Dash (2014),InfrastructureEvent,date,18/01/2014,non,,non,,non,aucune,,,,non_adosse,oui,"La date « 18/01/2014 » de « InfrastructureEvent — Lancement Darkcoin / Dash (2014) » peut-elle être rattachée à une source nommée (chronologie de la thèse avec page, référence, ou URL) ? oui/non",aucune relation vers une Reference/PrimarySource/GreyLiterature/IndigenousLiterature/SourceQuote,these_verbatim,oui,"confirme mot pour mot par le texte de la these — source PROVISOIRE : la these est ici juge et partie, et le chantier a montre qu elle se contredit parfois elle-meme"
1_dates_evenements,94ce188ef0534c1e8601226fc60163dd,InfrastructureEvent — Lancement Litecoin (LTC) par Charlie Lee (2011),InfrastructureEvent,date,2011-10-07,oui,Vérification externe 02/08/2026 ; thèse ch.I l.359,oui,EXTERNAL_VERIFICATION,non,renvoi_these,,,,adosse_fort,non,,"valeur composite : une mention « vérification externe » sans source nommée, et un renvoi à la thèse ; seul le second est relocalisable ; aucune relation vers une Reference/PrimarySource/GreyLiterature/IndigenousLiterature/SourceQuote",these_verbatim,oui,"confirme mot pour mot par le texte de la these — source PROVISOIRE : la these est ici juge et partie, et le chantier a montre qu elle se contredit parfois elle-meme"
1_dates_evenements,af85b2621cb14132a88ffcb4e8185ac9,InfrastructureEvent — Lancement Peercoin (PoS) par Sunny King / Scott Nadal (2012),InfrastructureEvent,date,19/08/2012,non,,non,,non,aucune,,,,non_adosse,oui,"La date « 19/08/2012 » de « InfrastructureEvent — Lancement Peercoin (PoS) par Sunny King / Scott  » peut-elle être rattachée à une source nommée (chronologie de la thèse avec page, référence, ou URL) ? oui/non",aucune relation vers une Reference/PrimarySource/GreyLiterature/IndigenousLiterature/SourceQuote,these_verbatim,oui,"confirme mot pour mot par le texte de la these — source PROVISOIRE : la these est ici juge et partie, et le chantier a montre qu elle se contredit parfois elle-meme"
1_dates_evenements,55f0a933c1f6483f80adda294c744961,InfrastructureEvent — Lancement bourse d'échange Bitcoin en Inde (2016),InfrastructureEvent,date,01/07/2016,non,,non,,non,aucune,,,,non_adosse,oui,"La date « 01/07/2016 » de « InfrastructureEvent — Lancement bourse d'échange Bitcoin en Inde (2016 » peut-elle être rattachée à une source nommée (chronologie de la thèse avec page, référence, ou URL) ? oui/non",aucune relation vers une Reference/PrimarySource/GreyLiterature/IndigenousLiterature/SourceQuote,infere,non,"aucune confirmation par la these, aucune source primaire, granularite fine — origine de la date non etablie"
1_dates_evenements,3c3d4fec977c4e788b850a0ea5cbebfa,"InfrastructureEvent — Lancement d'Ethereum (Frontier, 30 juillet 2015)",InfrastructureEvent,date,30/07/2015,non,,non,,non,aucune,,,,non_adosse,oui,"La date « 30/07/2015 » de « InfrastructureEvent — Lancement d'Ethereum (Frontier, 30 juillet 2015) » peut-elle être rattachée à une source nommée (chronologie de la thèse avec page, référence, ou URL) ? oui/non",aucune relation vers une Reference/PrimarySource/GreyLiterature/IndigenousLiterature/SourceQuote,infere,non,"aucune confirmation par la these, aucune source primaire, granularite fine — origine de la date non etablie"
1_dates_evenements,56a70d9580224ae6b51334139b921ee0,InfrastructureEvent — Lancement de Counterparty / XCP (janvier 2014),InfrastructureEvent,date,2014-01,non,,non,,non,aucune,source of[inverse]→0e96ccb67e8e4b5ba0f2c9af8d3276bd (Brokaw 2014),,,adosse_faible,non,,seul repère textuel : chapter=Chapitre I — trop large pour adosser une date,these_verbatim,oui,"confirme mot pour mot par le texte de la these — source PROVISOIRE : la these est ici juge et partie, et le chantier a montre qu elle se contredit parfois elle-meme"
1_dates_evenements,7b73ed5f4e7149baaf8c534c809bc33f,InfrastructureEvent — Lancement de Namecoin (merge mining),InfrastructureEvent,date,2011-04-18,oui,Thèse — Chronologie (figure) Chapitre I.2,oui,TIMELINE_FIGURE,non,renvoi_these,,,,adosse_fort,non,,"le renvoi vise la figure « Chronologie n° 6 » (assets/MD/01_chapitre_I.md l.255, section I.2) : c'est une image (media/image5.png) absente du dépôt — la date n'est relisible que dans assets/pdf/5_Chapitre_1.pdf, pas dans le Markdown ; aucune relation vers une Reference/PrimarySource/GreyLiterature/IndigenousLiterature/SourceQuote",these_verbatim,oui,"confirme mot pour mot par le texte de la these — source PROVISOIRE : la these est ici juge et partie, et le chantier a montre qu elle se contredit parfois elle-meme"
1_dates_evenements,dbf09eba683d492da97f27513d7a4752,InfrastructureEvent — Lancement de Tether / USDT via Mastercoin/Omni (2015),InfrastructureEvent,date,2015,non,,non,,non,aucune,,,,non_adosse,oui,"La date « 2015 » de « InfrastructureEvent — Lancement de Tether / USDT via Mastercoin/Omni ( » peut-elle être rattachée à une source nommée (chronologie de la thèse avec page, référence, ou URL) ? oui/non",aucune relation vers une Reference/PrimarySource/GreyLiterature/IndigenousLiterature/SourceQuote ; seul repère textuel : chapter=Chapitre I — trop large pour adosser une date,approximatif,non,granularite « annee » : la date elle-meme ne designe pas un jour
1_dates_evenements,c4f2c47e95f2452daed330139fd8691f,"InfrastructureEvent — Ledger (premier hardware wallet français, 2014)",InfrastructureEvent,date,2014,non,,non,,non,aucune,,,,non_adosse,oui,"La date « 2014 » de « InfrastructureEvent — Ledger (premier hardware wallet français, 2014) » peut-elle être rattachée à une source nommée (chronologie de la thèse avec page, référence, ou URL) ? oui/non",aucune relation vers une Reference/PrimarySource/GreyLiterature/IndigenousLiterature/SourceQuote,these_verbatim,oui,"confirme mot pour mot par le texte de la these — source PROVISOIRE : la these est ici juge et partie, et le chantier a montre qu elle se contredit parfois elle-meme"
1_dates_evenements,5f06214e17074a14874220ed7195ded9,InfrastructureEvent — Levee de fonds Ethereum en BTC (2014),InfrastructureEvent,date,2014,non,,non,,non,aucune,,,,non_adosse,oui,"La date « 2014 » de « InfrastructureEvent — Levee de fonds Ethereum en BTC (2014) » peut-elle être rattachée à une source nommée (chronologie de la thèse avec page, référence, ou URL) ? oui/non",aucune relation vers une Reference/PrimarySource/GreyLiterature/IndigenousLiterature/SourceQuote ; seul repère textuel : chapter=Chapitre I — trop large pour adosser une date,these_verbatim,oui,"confirme mot pour mot par le texte de la these — source PROVISOIRE : la these est ici juge et partie, et le chantier a montre qu elle se contredit parfois elle-meme"
1_dates_evenements,2ec8857fa7a24c70804d6a3a3e9d4d55,"InfrastructureEvent — Lightning Labs (premiere implementation LN, mars 2018)",InfrastructureEvent,date,2018-03,oui,Torpey 2018,non,,non,reference_nommee,source of[inverse]→54491adc29114776a8b0167125f10f5a (Torpey 2018),,,adosse_fort,non,,référence(s) de dateSource retrouvée(s) au MD : Torpey 2018 (MD l.?) ; seul repère textuel : chapter=Chapitre I — trop large pour adosser une date,these_verbatim,oui,"confirme mot pour mot par le texte de la these — source PROVISOIRE : la these est ici juge et partie, et le chantier a montre qu elle se contredit parfois elle-meme"
1_dates_evenements,646140677b0c4a67855bdb001f4680cf,InfrastructureEvent — Limite de taille de bloc 1 Mo (15 juillet 2010),InfrastructureEvent,date,2010-07-15,oui,Bier 2021d,non,,non,reference_nommee,source of[inverse]→0db6743ed2b54329b3d5a1bc06de21e0 (Apodaca 2015)|source of[inverse]→7bfdc2d35c024d118b936ae6b45dc973 (Bier 2021d)|source of[inverse]→9c6092d4334640bca80190027bfbeef4 (Theymos 2015),,,adosse_fort,non,,"référence(s) de dateSource retrouvée(s) au MD : Bier 2021 (MD l.130,132,134,136,138,140) ; seul repère textuel : chapter=Chapitre I — trop large pour adosser une date",these_verbatim,oui,"confirme mot pour mot par le texte de la these — source PROVISOIRE : la these est ici juge et partie, et le chantier a montre qu elle se contredit parfois elle-meme"
1_dates_evenements,4319dfd47a434d08a9cbc371e4c05506,InfrastructureEvent — Migration du code Bitcoin vers GitHub (2011),InfrastructureEvent,date,2011,oui,Lopp 2018,non,,non,reference_nommee,,,,adosse_fort,non,,référence(s) de dateSource retrouvée(s) au MD : Lopp 2018 (MD l.766) ; aucune relation vers une Reference/PrimarySource/GreyLiterature/IndigenousLiterature/SourceQuote ; seul repère textuel : chapter=Chapitre I — trop large pour adosser une date,these_verbatim,oui,"confirme mot pour mot par le texte de la these — source PROVISOIRE : la these est ici juge et partie, et le chantier a montre qu elle se contredit parfois elle-meme"
1_dates_evenements,608cc2e4c58247a48f6fa317fb91cbf8,InfrastructureEvent — MtGox perd 25 000 BTC (vol),InfrastructureEvent,date,2011-06-13,oui,Thèse — Chronologie (figure) Chapitre I.2,oui,TIMELINE_FIGURE,non,renvoi_these,source of[inverse]→7e8f363118eb44e7b9878864a8f5e58a (Sedgwick 2019g),,,adosse_fort,non,,"le renvoi vise la figure « Chronologie n° 6 » (assets/MD/01_chapitre_I.md l.255, section I.2) : c'est une image (media/image5.png) absente du dépôt — la date n'est relisible que dans assets/pdf/5_Chapitre_1.pdf, pas dans le Markdown",these_verbatim,oui,"confirme mot pour mot par le texte de la these — source PROVISOIRE : la these est ici juge et partie, et le chantier a montre qu elle se contredit parfois elle-meme"
1_dates_evenements,60fec4fa361140efbaa72b212c415e9f,InfrastructureEvent — NYSE publie données de prix Bitcoin (2015),InfrastructureEvent,date,2015,non,,non,,non,aucune,,,,non_adosse,oui,"La date « 2015 » de « InfrastructureEvent — NYSE publie données de prix Bitcoin (2015) » peut-elle être rattachée à une source nommée (chronologie de la thèse avec page, référence, ou URL) ? oui/non",aucune relation vers une Reference/PrimarySource/GreyLiterature/IndigenousLiterature/SourceQuote,these_verbatim,oui,"confirme mot pour mot par le texte de la these — source PROVISOIRE : la these est ici juge et partie, et le chantier a montre qu elle se contredit parfois elle-meme"
1_dates_evenements,031391f624304483a4b820df6efea622,InfrastructureEvent — Nakamoto annonce une liste de diffusion dédiée (SourceForge),InfrastructureEvent,date,2008-12-10,oui,Thèse — Chronologie (figure) Chapitre I.2,oui,TIMELINE_FIGURE,non,renvoi_these,,,,adosse_fort,non,,"le renvoi vise la figure « Chronologie n° 6 » (assets/MD/01_chapitre_I.md l.255, section I.2) : c'est une image (media/image5.png) absente du dépôt — la date n'est relisible que dans assets/pdf/5_Chapitre_1.pdf, pas dans le Markdown ; aucune relation vers une Reference/PrimarySource/GreyLiterature/IndigenousLiterature/SourceQuote",infere,non,"aucune confirmation par la these, aucune source primaire, granularite fine — origine de la date non etablie"
1_dates_evenements,06ac37fc6cf24af49ec79ec265159ad8,InfrastructureEvent — Nakamoto crée le forum Bitcointalk,InfrastructureEvent,date,2009-11-22,oui,Thèse — Chronologie (figure) Chapitre I.2,oui,TIMELINE_FIGURE,non,renvoi_these,,,,adosse_fort,non,,"le renvoi vise la figure « Chronologie n° 6 » (assets/MD/01_chapitre_I.md l.255, section I.2) : c'est une image (media/image5.png) absente du dépôt — la date n'est relisible que dans assets/pdf/5_Chapitre_1.pdf, pas dans le Markdown ; aucune relation vers une Reference/PrimarySource/GreyLiterature/IndigenousLiterature/SourceQuote",infere,non,"aucune confirmation par la these, aucune source primaire, granularite fine — origine de la date non etablie"
1_dates_evenements,4f7fd6dcbdc349a08df4b66d92cb9cdc,InfrastructureEvent — Nakamoto introduces block size limit,InfrastructureEvent,date,2010-07-15,oui,Thèse — Chronologie 2 (p.88),oui,TIMELINE_FIGURE,non,renvoi_these,,,,adosse_fort,non,,"aucun libellé « Chronologie 2 » n'existe dans assets/MD/ ; le renvoi est paginé sur le PDF de la thèse, non relocalisable dans le Markdown ; aucune relation vers une Reference/PrimarySource/GreyLiterature/IndigenousLiterature/SourceQuote",these_verbatim,oui,"confirme mot pour mot par le texte de la these — source PROVISOIRE : la these est ici juge et partie, et le chantier a montre qu elle se contredit parfois elle-meme"
1_dates_evenements,92481a368bd24325a8990decb62e666b,InfrastructureEvent — Nakamoto réserve le nom de domaine bitcoin.org,InfrastructureEvent,date,2008-07-18,oui,Thèse — Chronologie (figure) Chapitre I.2,oui,TIMELINE_FIGURE,non,renvoi_these,,,,adosse_fort,non,,"le renvoi vise la figure « Chronologie n° 6 » (assets/MD/01_chapitre_I.md l.255, section I.2) : c'est une image (media/image5.png) absente du dépôt — la date n'est relisible que dans assets/pdf/5_Chapitre_1.pdf, pas dans le Markdown ; aucune relation vers une Reference/PrimarySource/GreyLiterature/IndigenousLiterature/SourceQuote",these_verbatim,oui,"confirme mot pour mot par le texte de la these — source PROVISOIRE : la these est ici juge et partie, et le chantier a montre qu elle se contredit parfois elle-meme"
1_dates_evenements,62d87c74d3504d84bfee3d8d5fb44f4d,InfrastructureEvent — Nasdaq publie donnees de prix Bitcoin (fin 2013),InfrastructureEvent,date,2013,non,,non,,non,aucune,,,,non_adosse,oui,"La date « 2013 » de « InfrastructureEvent — Nasdaq publie donnees de prix Bitcoin (fin 2013) » peut-elle être rattachée à une source nommée (chronologie de la thèse avec page, référence, ou URL) ? oui/non",aucune relation vers une Reference/PrimarySource/GreyLiterature/IndigenousLiterature/SourceQuote ; seul repère textuel : chapter=Chapitre I — trop large pour adosser une date,these_verbatim,oui,"confirme mot pour mot par le texte de la these — source PROVISOIRE : la these est ici juge et partie, et le chantier a montre qu elle se contredit parfois elle-meme"
1_dates_evenements,f535babd17f4456bae93f6e02cb93337,InfrastructureEvent — New York Agreement : tentative de conciliation Scaling Debate (mai 2017),InfrastructureEvent,date,2017-05,non,,non,,non,aucune,,,,non_adosse,oui,"La date « 2017-05 » de « InfrastructureEvent — New York Agreement : tentative de conciliation S » peut-elle être rattachée à une source nommée (chronologie de la thèse avec page, référence, ou URL) ? oui/non",aucune relation vers une Reference/PrimarySource/GreyLiterature/IndigenousLiterature/SourceQuote ; seul repère textuel : chapter=Chapitre II — trop large pour adosser une date,these_verbatim,oui,"confirme mot pour mot par le texte de la these — source PROVISOIRE : la these est ici juge et partie, et le chantier a montre qu elle se contredit parfois elle-meme"
1_dates_evenements,60b665021b014f6d9803f0e227d8d076,InfrastructureEvent — NewLibertyStandard : modele de prix par cout minage (fev.2010),InfrastructureEvent,date,2010-02,oui,Sedgwick 2018b,non,,non,reference_nommee,,,,adosse_fort,non,,"référence(s) de dateSource retrouvée(s) au MD : Sedgwick 2018 (MD l.1092,1094,1096,1098,1100,1102,1104) ; aucune relation vers une Reference/PrimarySource/GreyLiterature/IndigenousLiterature/SourceQuote ; seul repère textuel : chapter=Chapitre I — trop large pour adosser une date",these_verbatim,oui,"confirme mot pour mot par le texte de la these — source PROVISOIRE : la these est ici juge et partie, et le chantier a montre qu elle se contredit parfois elle-meme"
1_dates_evenements,e7825fb2b95343959119bcc866c0390f,InfrastructureEvent — Op_Return War (conflit sur les usages non-monétaires de Bitcoin),InfrastructureEvent,date,2014,non,,non,,non,aucune,,,,non_adosse,oui,"La date « 2014 » de « InfrastructureEvent — Op_Return War (conflit sur les usages non-monéta » peut-elle être rattachée à une source nommée (chronologie de la thèse avec page, référence, ou URL) ? oui/non",aucune relation vers une Reference/PrimarySource/GreyLiterature/IndigenousLiterature/SourceQuote ; seul repère textuel : chapter=Chapitre I — trop large pour adosser une date,these_verbatim,oui,"confirme mot pour mot par le texte de la these — source PROVISOIRE : la these est ici juge et partie, et le chantier a montre qu elle se contredit parfois elle-meme"
1_dates_evenements,9041eaed3b7f4e1d9d276f5ca1b42d0e,InfrastructureEvent — OpenCoin / Ripple Labs : fondation de Ripple (2012),InfrastructureEvent,date,2012,non,,non,,non,aucune,source of[inverse]→f6f684376ae1449189b28f097a07fc6f (Bitmex Research 2018 Implementations),,,adosse_faible,non,,seul repère textuel : chapter=Chapitre I — trop large pour adosser une date,these_verbatim,oui,"confirme mot pour mot par le texte de la these — source PROVISOIRE : la these est ici juge et partie, et le chantier a montre qu elle se contredit parfois elle-meme"
1_dates_evenements,549dedd53b84b0f870d09e03ac9fbceb,InfrastructureEvent — PR 9049 : insémination du bogue CVE-2018-17144 (octobre 2016),InfrastructureEvent,date,2016-10,oui,Thèse ch.III l.87,non,,non,renvoi_these,,,,adosse_fort,non,,aucune relation vers une Reference/PrimarySource/GreyLiterature/IndigenousLiterature/SourceQuote ; seul repère textuel : chapter=Chapitre III — trop large pour adosser une date,these_verbatim,oui,"confirme mot pour mot par le texte de la these — source PROVISOIRE : la these est ici juge et partie, et le chantier a montre qu elle se contredit parfois elle-meme"
1_dates_evenements,a02861544b794d229d08dc36c935fc77,"InfrastructureEvent — Parite BTC/$ (1$, debut 2011)",InfrastructureEvent,date,2011-02,oui,Le Calvez 2020,non,,non,reference_nommee,source of[inverse]→c712736b311b4648a71c6edd75b29f70 (Le Calvez 2020),,,adosse_fort,non,,référence(s) de dateSource retrouvée(s) au MD : Calvez 2020 (MD l.732) ; seul repère textuel : chapter=Chapitre I — trop large pour adosser une date,these_verbatim,oui,"confirme mot pour mot par le texte de la these — source PROVISOIRE : la these est ici juge et partie, et le chantier a montre qu elle se contredit parfois elle-meme"
1_dates_evenements,120e6fa2cdfa464ea7e51a34386adb73,"InfrastructureEvent — Perte 9000 BTC (premier utilisateur, 10 aout 2010)",InfrastructureEvent,date,2010-08-10,oui,Sedgwick 2019,non,,non,reference_nommee,,,,adosse_fort,non,,"référence(s) de dateSource retrouvée(s) au MD : Sedgwick 2019 (MD l.1060,1062,1064,1066,1068,1070,1072,1074,1076,1078,1080,1082,1084,1086,1088,1090) ; aucune relation vers une Reference/PrimarySource/GreyLiterature/IndigenousLiterature/SourceQuote ; seul repère textuel : chapter=Chapitre I — trop large pour adosser une date",these_verbatim,oui,"confirme mot pour mot par le texte de la these — source PROVISOIRE : la these est ici juge et partie, et le chantier a montre qu elle se contredit parfois elle-meme"
1_dates_evenements,e2157aa27a83bd481000c494d7f869e8,InfrastructureEvent — Pivot « blockchain sans les UCN » des acteurs financiers et des médias (2015),InfrastructureEvent,date,2015,oui,Thèse ch.I l.289,non,,non,renvoi_these,,,,adosse_fort,non,,aucune relation vers une Reference/PrimarySource/GreyLiterature/IndigenousLiterature/SourceQuote ; seul repère textuel : chapter=Chapitre I — trop large pour adosser une date,these_verbatim,oui,"confirme mot pour mot par le texte de la these — source PROVISOIRE : la these est ici juge et partie, et le chantier a montre qu elle se contredit parfois elle-meme"
1_dates_evenements,8bc6f2749a284bb7add34a1739cec310,InfrastructureEvent — Premier logiciel de portefeuille léger (Electrum),InfrastructureEvent,date,2011-11-09,oui,Thèse — Chronologie (figure) Chapitre I.2,oui,TIMELINE_FIGURE,non,renvoi_these,quote supports[inverse]→86325317e4e948df8f3d7ff228969196 (Quote — date — Electrum wallet launch — p.91)|quote supports[inverse]→d44b5cf9679a472a840943a48410e666 (Quote — Electrum (portefeuille léger) — p.91 (note 133)),,,adosse_fort,non,,"le renvoi vise la figure « Chronologie n° 6 » (assets/MD/01_chapitre_I.md l.255, section I.2) : c'est une image (media/image5.png) absente du dépôt — la date n'est relisible que dans assets/pdf/5_Chapitre_1.pdf, pas dans le Markdown",these_verbatim,oui,"confirme mot pour mot par le texte de la these — source PROVISOIRE : la these est ici juge et partie, et le chantier a montre qu elle se contredit parfois elle-meme"
1_dates_evenements,f28b9ec90edb4d7782ce4827a9cf9834,InfrastructureEvent — Premier minage FPGA (2011),InfrastructureEvent,date,2011,non,,non,,non,aucune,,,,non_adosse,oui,"La date « 2011 » de « InfrastructureEvent — Premier minage FPGA (2011) » peut-elle être rattachée à une source nommée (chronologie de la thèse avec page, référence, ou URL) ? oui/non",aucune relation vers une Reference/PrimarySource/GreyLiterature/IndigenousLiterature/SourceQuote ; seul repère textuel : chapter=Chapitre I — trop large pour adosser une date,approximatif,non,granularite « annee » : la date elle-meme ne designe pas un jour
1_dates_evenements,ef24c1fb7a7040b49a2c1e0194355cf1,InfrastructureEvent — Premier minage GPU,InfrastructureEvent,date,2010-04-01,oui,Thèse — Chronologie (figure) Chapitre I.2,oui,TIMELINE_FIGURE,non,renvoi_these,quote supports[inverse]→c80f819dcb99461daccbd6220853d816 (Quote — Premier minage GPU — p.91)|source of[inverse]→0b6757906af240538fa81cb46e306e21 (Sedgwick 2019f),,,adosse_fort,non,,"le renvoi vise la figure « Chronologie n° 6 » (assets/MD/01_chapitre_I.md l.255, section I.2) : c'est une image (media/image5.png) absente du dépôt — la date n'est relisible que dans assets/pdf/5_Chapitre_1.pdf, pas dans le Markdown",infere,non,"aucune confirmation par la these, aucune source primaire, granularite fine — origine de la date non etablie"
1_dates_evenements,8c6f302ba7484a718a163a6747c81fa5,InfrastructureEvent — Premier tournoi de poker en ligne utilisant BTC,InfrastructureEvent,date,2010-03-10,oui,Thèse — Chronologie (figure) Chapitre I.2,oui,TIMELINE_FIGURE,non,renvoi_these,,,,adosse_fort,non,,"le renvoi vise la figure « Chronologie n° 6 » (assets/MD/01_chapitre_I.md l.255, section I.2) : c'est une image (media/image5.png) absente du dépôt — la date n'est relisible que dans assets/pdf/5_Chapitre_1.pdf, pas dans le Markdown ; aucune relation vers une Reference/PrimarySource/GreyLiterature/IndigenousLiterature/SourceQuote",these_verbatim,oui,"confirme mot pour mot par le texte de la these — source PROVISOIRE : la these est ici juge et partie, et le chantier a montre qu elle se contredit parfois elle-meme"
1_dates_evenements,66a591458af644a9a0a83a0565e02488,InfrastructureEvent — Premier échange BTC/$ (NewLibertyStandard),InfrastructureEvent,date,2009-10-05,oui,Thèse — Chronologie (figure) Chapitre I.2,oui,TIMELINE_FIGURE,non,renvoi_these,authored→04dd36dce5e64b6487820a2b61229d43 (NewLibertyStandard 2009 — Bitcoin exchange rate post)|source of[inverse]→01b382d629ca4147885aba6de31028b4 (Sedgwick 2018b)|source of[inverse]→17d787029b114193bac5a9a4eefac4c9 (Sedgwick 2018e),,,adosse_fort,non,,"le renvoi vise la figure « Chronologie n° 6 » (assets/MD/01_chapitre_I.md l.255, section I.2) : c'est une image (media/image5.png) absente du dépôt — la date n'est relisible que dans assets/pdf/5_Chapitre_1.pdf, pas dans le Markdown",infere,non,"aucune confirmation par la these, aucune source primaire, granularite fine — origine de la date non etablie"
1_dates_evenements,09d15bd8d03c4fa38ecbd33cf5862f9b,InfrastructureEvent — Premier échange contre marchandise (pizzas),InfrastructureEvent,date,2010-05-21,oui,Thèse — Chronologie (figure) Chapitre I.2,oui,TIMELINE_FIGURE,non,renvoi_these,source of[inverse]→1a65bbcf08a149a19181da4445b4d682 (Sedgwick 2018f),,,adosse_fort,non,,"le renvoi vise la figure « Chronologie n° 6 » (assets/MD/01_chapitre_I.md l.255, section I.2) : c'est une image (media/image5.png) absente du dépôt — la date n'est relisible que dans assets/pdf/5_Chapitre_1.pdf, pas dans le Markdown",infere,non,"aucune confirmation par la these, aucune source primaire, granularite fine — origine de la date non etablie"
1_dates_evenements,500e47a7ba0346be981231b81afe7e88,InfrastructureEvent — Premiers NFT sur Namecoin (détournement d'usage),InfrastructureEvent,date,2011,oui,Whitebbit1111 2022,non,,non,reference_nommee,source of[inverse]→4cf7803656584b009ba11f1a99fdb6e8 (Whitebbit1111 2022),,,adosse_fort,non,,référence(s) de dateSource retrouvée(s) au MD : Whitebbit1111 2022 (MD l.1278) ; seul repère textuel : chapter=Chapitre I — trop large pour adosser une date,approximatif,non,granularite « annee » : la date elle-meme ne designe pas un jour
1_dates_evenements,cb4acdc336754f22840ba9a4192a941e,InfrastructureEvent — Première ICO : Mastercoin (31 juillet 2013),InfrastructureEvent,date,2013-07-31,non,,non,,non,aucune,source of[inverse]→e318cea2b733450ca0992a87ead0b345 (Lars 2019a),,,adosse_faible,non,,seul repère textuel : chapter=Chapitre I — trop large pour adosser une date,these_verbatim,oui,"confirme mot pour mot par le texte de la these — source PROVISOIRE : la these est ici juge et partie, et le chantier a montre qu elle se contredit parfois elle-meme"
1_dates_evenements,ae1cb2659fd7470b8ec1aa621226b3e1,InfrastructureEvent — Première bourse BTC/EUR (Paymium),InfrastructureEvent,date,2011-08-16,oui,Thèse — Chronologie (figure) Chapitre I.2,oui,TIMELINE_FIGURE,non,renvoi_these,,,,adosse_fort,non,,"le renvoi vise la figure « Chronologie n° 6 » (assets/MD/01_chapitre_I.md l.255, section I.2) : c'est une image (media/image5.png) absente du dépôt — la date n'est relisible que dans assets/pdf/5_Chapitre_1.pdf, pas dans le Markdown ; aucune relation vers une Reference/PrimarySource/GreyLiterature/IndigenousLiterature/SourceQuote",these_verbatim,oui,"confirme mot pour mot par le texte de la these — source PROVISOIRE : la these est ici juge et partie, et le chantier a montre qu elle se contredit parfois elle-meme"
1_dates_evenements,9670a4beed1a47bda5628c9770dddfd1,InfrastructureEvent — Première bourse d’échange importante (MtGox),InfrastructureEvent,date,2010-07-18,oui,Thèse — Chronologie (figure) Chapitre I.2,oui,TIMELINE_FIGURE,non,renvoi_these,quote supports[inverse]→073d0e18acd649b68cefa69e72257288 (Quote — Prix/cours — MtGox flash crack — p.92)|quote supports[inverse]→110bdfda074c49da92e7a47077700a13 (Quote — MtGox — volumes d’échange — p.91)|quote supports[inverse]→251e08cd9b804f479d4275aa56dda32c (Quote — Prix/cours — Chypre / DDOS / SilkRoad — p.96)|quote supports[inverse]→43058b2c519748f6ba2f54840d6342d3 (Quote — MtGox (bourse centrale) — p.92)|quote supports[inverse]→b1d76aa0f223458eadd2a019dc2e7e73 (Quote — Offre — MtGox — p.92),,,adosse_fort,non,,"le renvoi vise la figure « Chronologie n° 6 » (assets/MD/01_chapitre_I.md l.255, section I.2) : c'est une image (media/image5.png) absente du dépôt — la date n'est relisible que dans assets/pdf/5_Chapitre_1.pdf, pas dans le Markdown",infere,non,"aucune confirmation par la these, aucune source primaire, granularite fine — origine de la date non etablie"
1_dates_evenements,1c84e58808404ab891a1ef9b0e5d6449,InfrastructureEvent — Première couverture média (Slashdot),InfrastructureEvent,date,2010-07-11,oui,Thèse — Chronologie (figure) Chapitre I.2,oui,TIMELINE_FIGURE,non,renvoi_these,,,,adosse_fort,non,,"le renvoi vise la figure « Chronologie n° 6 » (assets/MD/01_chapitre_I.md l.255, section I.2) : c'est une image (media/image5.png) absente du dépôt — la date n'est relisible que dans assets/pdf/5_Chapitre_1.pdf, pas dans le Markdown ; aucune relation vers une Reference/PrimarySource/GreyLiterature/IndigenousLiterature/SourceQuote",infere,non,"aucune confirmation par la these, aucune source primaire, granularite fine — origine de la date non etablie"
1_dates_evenements,a089031b82eb4c67b2cfc686016a3820,InfrastructureEvent — Première place d’échange illégale (Silk Road),InfrastructureEvent,date,2011-02-01,oui,Thèse — Chronologie (figure) Chapitre I.2,oui,TIMELINE_FIGURE,non,renvoi_these,quote supports[inverse]→4e5dca7fa0a8440bb1c78b7b688a2580 (Quote — Silk Road (phase charnière) — p.96)|quote supports[inverse]→ae08b7bf612b415585ff3b2a8fb50dc8 (Quote — Silk Road (revenus/commissions) — p.94),,,adosse_fort,non,,"le renvoi vise la figure « Chronologie n° 6 » (assets/MD/01_chapitre_I.md l.255, section I.2) : c'est une image (media/image5.png) absente du dépôt — la date n'est relisible que dans assets/pdf/5_Chapitre_1.pdf, pas dans le Markdown",these_verbatim,oui,"confirme mot pour mot par le texte de la these — source PROVISOIRE : la these est ici juge et partie, et le chantier a montre qu elle se contredit parfois elle-meme"
1_dates_evenements,d2a8798b6f064140851367c98162f594,InfrastructureEvent — Première plateforme d’échange BTC (BitcoinMarket.com),InfrastructureEvent,date,2010-03-17,oui,Thèse — Chronologie (figure) Chapitre I.2,oui,TIMELINE_FIGURE,non,renvoi_these,,,,adosse_fort,non,,"le renvoi vise la figure « Chronologie n° 6 » (assets/MD/01_chapitre_I.md l.255, section I.2) : c'est une image (media/image5.png) absente du dépôt — la date n'est relisible que dans assets/pdf/5_Chapitre_1.pdf, pas dans le Markdown ; aucune relation vers une Reference/PrimarySource/GreyLiterature/IndigenousLiterature/SourceQuote",these_verbatim,oui,"confirme mot pour mot par le texte de la these — source PROVISOIRE : la these est ici juge et partie, et le chantier a montre qu elle se contredit parfois elle-meme"
1_dates_evenements,cc346d7c8cdf450ca81c1cd08d65b68c,InfrastructureEvent — Première pool de minage (Slush Pool),InfrastructureEvent,date,2010-11-27,oui,Thèse — Chronologie (figure) Chapitre I.2,oui,TIMELINE_FIGURE,non,renvoi_these,quote supports[inverse]→2a326df566e841dfac836f168751c860 (Quote — Sedgwick 2019c : pool de minage 'communisme fondamentalement d)|source of[inverse]→b469ce6b277c4d61a8bd5a9b33619389 (Sedgwick 2019c)|source of[inverse]→cd74d2f448ec4372b41a8ed63a3f5f98 (Sedgwick 2019k),,,adosse_fort,non,,"le renvoi vise la figure « Chronologie n° 6 » (assets/MD/01_chapitre_I.md l.255, section I.2) : c'est une image (media/image5.png) absente du dépôt — la date n'est relisible que dans assets/pdf/5_Chapitre_1.pdf, pas dans le Markdown",these_verbatim,oui,"confirme mot pour mot par le texte de la these — source PROVISOIRE : la these est ici juge et partie, et le chantier a montre qu elle se contredit parfois elle-meme"
1_dates_evenements,fb0bb535e9014c58b7fb73151258f67b,InfrastructureEvent — Première transaction Bitcoin (Nakamoto → Finney),InfrastructureEvent,date,2009-01-12,oui,Thèse — Chronologie (figure) Chapitre I.2,oui,TIMELINE_FIGURE,non,renvoi_these,source of[inverse]→1a65bbcf08a149a19181da4445b4d682 (Sedgwick 2018f),,,adosse_fort,non,,"le renvoi vise la figure « Chronologie n° 6 » (assets/MD/01_chapitre_I.md l.255, section I.2) : c'est une image (media/image5.png) absente du dépôt — la date n'est relisible que dans assets/pdf/5_Chapitre_1.pdf, pas dans le Markdown",these_verbatim,oui,"confirme mot pour mot par le texte de la these — source PROVISOIRE : la these est ici juge et partie, et le chantier a montre qu elle se contredit parfois elle-meme"
1_dates_evenements,0eb8e8c40dca46c0b2a860444b29a454,"InfrastructureEvent — Proof of Keys Day (3 janvier, annuel depuis 2019)",InfrastructureEvent,date,2019-01-03,non,,non,,non,aucune,,,,non_adosse,oui,"La date « 2019-01-03 » de « InfrastructureEvent — Proof of Keys Day (3 janvier, annuel depuis 2019 » peut-elle être rattachée à une source nommée (chronologie de la thèse avec page, référence, ou URL) ? oui/non",aucune relation vers une Reference/PrimarySource/GreyLiterature/IndigenousLiterature/SourceQuote ; seul repère textuel : chapter=Chapitre II — trop large pour adosser une date,infere,non,"aucune confirmation par la these, aucune source primaire, granularite fine — origine de la date non etablie"
1_dates_evenements,4443393ff9094574a7c2adcd5fc96162,InfrastructureEvent — Proposition du ticker BTC,InfrastructureEvent,date,2010-02-05,oui,Thèse — Chronologie (figure) Chapitre I.2,oui,TIMELINE_FIGURE,non,renvoi_these,,,,adosse_fort,non,,"le renvoi vise la figure « Chronologie n° 6 » (assets/MD/01_chapitre_I.md l.255, section I.2) : c'est une image (media/image5.png) absente du dépôt — la date n'est relisible que dans assets/pdf/5_Chapitre_1.pdf, pas dans le Markdown ; aucune relation vers une Reference/PrimarySource/GreyLiterature/IndigenousLiterature/SourceQuote",infere,non,"aucune confirmation par la these, aucune source primaire, granularite fine — origine de la date non etablie"
1_dates_evenements,f1927b1b6c9371e1df03b058f3d8c408,"InfrastructureEvent — Publication de « The Second Bitcoin Whitepaper » (Willett, janvier 2012)",InfrastructureEvent,date,2012-01,oui,Thèse ch.I l.373,non,,non,renvoi_these,source of[inverse]→59c7ed8a91e34014b89c4afcfa04abcd (Willett 2012 Mastercoin WP),,,adosse_fort,non,,seul repère textuel : chapter=Chapitre I — trop large pour adosser une date,these_verbatim,oui,"confirme mot pour mot par le texte de la these — source PROVISOIRE : la these est ici juge et partie, et le chantier a montre qu elle se contredit parfois elle-meme"
1_dates_evenements,ab2449a123164aa3adff6b180035c327,InfrastructureEvent — Publication du WP Bitcoin (mailing list),InfrastructureEvent,date,2008-10-31,oui,Thèse — Chronologie (figure) Chapitre I.2,oui,TIMELINE_FIGURE,non,renvoi_these,,,,adosse_fort,non,,"le renvoi vise la figure « Chronologie n° 6 » (assets/MD/01_chapitre_I.md l.255, section I.2) : c'est une image (media/image5.png) absente du dépôt — la date n'est relisible que dans assets/pdf/5_Chapitre_1.pdf, pas dans le Markdown ; aucune relation vers une Reference/PrimarySource/GreyLiterature/IndigenousLiterature/SourceQuote",these_verbatim,oui,"confirme mot pour mot par le texte de la these — source PROVISOIRE : la these est ici juge et partie, et le chantier a montre qu elle se contredit parfois elle-meme"
1_dates_evenements,4538f97bb85b07ecd652fb2bf6bede0c,"InfrastructureEvent — Publication du WP d'Ethereum (Buterin, fin novembre 2013)",InfrastructureEvent,date,2013-11,oui,Thèse ch.I l.393,non,,non,renvoi_these,source of[inverse]→12c586ca60d94526a01963a1252861cf (Buterin 2013 Ethereum Whitepaper),,,adosse_fort,non,,seul repère textuel : chapter=Chapitre I — trop large pour adosser une date,these_verbatim,oui,"confirme mot pour mot par le texte de la these — source PROVISOIRE : la these est ici juge et partie, et le chantier a montre qu elle se contredit parfois elle-meme"
1_dates_evenements,6c92b4f54bb54499b7e2d2c0625fccf7,InfrastructureEvent — Publication du code Bitcoin v0.1,InfrastructureEvent,date,2009-01-09,oui,Thèse — Chronologie (figure) Chapitre I.2,oui,TIMELINE_FIGURE,non,renvoi_these,,,,adosse_fort,non,,"le renvoi vise la figure « Chronologie n° 6 » (assets/MD/01_chapitre_I.md l.255, section I.2) : c'est une image (media/image5.png) absente du dépôt — la date n'est relisible que dans assets/pdf/5_Chapitre_1.pdf, pas dans le Markdown ; aucune relation vers une Reference/PrimarySource/GreyLiterature/IndigenousLiterature/SourceQuote",these_verbatim,oui,"confirme mot pour mot par le texte de la these — source PROVISOIRE : la these est ici juge et partie, et le chantier a montre qu elle se contredit parfois elle-meme"
1_dates_evenements,75f5c97d0a2648aea297475fa514300a,InfrastructureEvent — Rapport BCE sur les monnaies virtuelles (octobre 2012),InfrastructureEvent,date,01/10/2012,non,,non,,non,aucune,,,,non_adosse,oui,"La date « 01/10/2012 » de « InfrastructureEvent — Rapport BCE sur les monnaies virtuelles (octobre » peut-elle être rattachée à une source nommée (chronologie de la thèse avec page, référence, ou URL) ? oui/non",aucune relation vers une Reference/PrimarySource/GreyLiterature/IndigenousLiterature/SourceQuote,these_verbatim,oui,"confirme mot pour mot par le texte de la these — source PROVISOIRE : la these est ici juge et partie, et le chantier a montre qu elle se contredit parfois elle-meme"
1_dates_evenements,a6db42830f81475a8050e8315e295426,InfrastructureEvent — Retrait PayPal de BitcoinMarket (4 juin 2011),InfrastructureEvent,date,2011-06-04,oui,Sedgwick 2018b,non,,non,reference_nommee,source of[inverse]→01b382d629ca4147885aba6de31028b4 (Sedgwick 2018b),,,adosse_fort,non,,"référence(s) de dateSource retrouvée(s) au MD : Sedgwick 2018 (MD l.1092,1094,1096,1098,1100,1102,1104) ; seul repère textuel : chapter=Chapitre I — trop large pour adosser une date",these_verbatim,oui,"confirme mot pour mot par le texte de la these — source PROVISOIRE : la these est ici juge et partie, et le chantier a montre qu elle se contredit parfois elle-meme"
1_dates_evenements,ae0f729d88cf472db6b6aeb80783594f,InfrastructureEvent — Retrait de Nakamoto (décembre 2010),InfrastructureEvent,date,2010-12,oui,Nakamoto 2011,non,,non,reference_nommee,quote supports[inverse]→a717370833b048c2b32b4ce3b4bc5e5c (Quote — Nakamoto 2010b — 'nid de frelons' (WikiLeaks))|quote supports[inverse]→b214bf1d05804daf992cb65a2079433a (Quote — Nakamoto : 'mystérieuse figure d'ombre')|quote supports[inverse]→b88f2525f0e348898375203dfc203cda (Quote — Nakamoto : 'entre de bonnes mains avec Gavin [Andresen]')|source of[inverse]→36402a6863c344c4b894c0539b8f4308 (Sedgwick 2019d)|source of[inverse]→6f4030bca8aa4f42b6ddbccef848a383 (Nakamoto 2010a)|source of[inverse]→b987cb2865ba4b2c8723bc90bff194dd (Nakamoto 2011),,,adosse_fort,non,,référence(s) de dateSource retrouvée(s) au MD : Nakamoto 2011 (MD l.864) ; seul repère textuel : chapter=Chapitre I — trop large pour adosser une date,these_verbatim,oui,"confirme mot pour mot par le texte de la these — source PROVISOIRE : la these est ici juge et partie, et le chantier a montre qu elle se contredit parfois elle-meme"
1_dates_evenements,58f3e1dccd4c42d9ba7194d20314ed57,"InfrastructureEvent — RipplePay : réseau de confiance P2P précurseur de Ripple (Ryan Fugger, 2004)",InfrastructureEvent,date,2004,non,,non,,non,aucune,,,,non_adosse,oui,"La date « 2004 » de « InfrastructureEvent — RipplePay : réseau de confiance P2P précurseur d » peut-elle être rattachée à une source nommée (chronologie de la thèse avec page, référence, ou URL) ? oui/non",aucune relation vers une Reference/PrimarySource/GreyLiterature/IndigenousLiterature/SourceQuote ; seul repère textuel : chapter=Chapitre I — trop large pour adosser une date,these_verbatim,oui,"confirme mot pour mot par le texte de la these — source PROVISOIRE : la these est ici juge et partie, et le chantier a montre qu elle se contredit parfois elle-meme"
1_dates_evenements,4af2142b31984dc280cf51546cf08e9c,InfrastructureEvent — SatoshiDice (lancement 24 avril 2012),InfrastructureEvent,date,2012-04-24,oui,Voorhees 2013 ; Buterin 2013a ; 2013c,non,,non,reference_nommee,source of[inverse]→31a81419d5414f378aa59f43eb4e2bc9 (Buterin 2013c)|source of[inverse]→5827f98bffe845e5b17b188531d11aa0 (Voorhees 2013)|source of[inverse]→674f0f1ee7784a21866a6370f2ed4704 (Sedgwick 2019j)|source of[inverse]→7be95456e6fd4fee9f0595e3aff2bf25 (Buterin 2013a)|source of[inverse]→c712736b311b4648a71c6edd75b29f70 (Le Calvez 2020),,,adosse_fort,non,,"référence(s) de dateSource retrouvée(s) au MD : Voorhees 2013 (MD l.1252) ; Buterin 2013 (MD l.262,264,266,268,270) ; seul repère textuel : chapter=Chapitre I — trop large pour adosser une date",these_verbatim,oui,"confirme mot pour mot par le texte de la these — source PROVISOIRE : la these est ici juge et partie, et le chantier a montre qu elle se contredit parfois elle-meme"
1_dates_evenements,d693882f7dc74d6cb9a875d029f155aa,InfrastructureEvent — Service de portefeuille/paiement custodial BitPay,InfrastructureEvent,date,2011-06-03,oui,Thèse — Chronologie (figure) Chapitre I.2,oui,TIMELINE_FIGURE,non,renvoi_these,,,,adosse_fort,non,,"le renvoi vise la figure « Chronologie n° 6 » (assets/MD/01_chapitre_I.md l.255, section I.2) : c'est une image (media/image5.png) absente du dépôt — la date n'est relisible que dans assets/pdf/5_Chapitre_1.pdf, pas dans le Markdown ; aucune relation vers une Reference/PrimarySource/GreyLiterature/IndigenousLiterature/SourceQuote",infere,non,"aucune confirmation par la these, aucune source primaire, granularite fine — origine de la date non etablie"
1_dates_evenements,babc9f23c57446c88626709f94707d80,InfrastructureEvent — Service de séquestre (escrow) offert par Theymos,InfrastructureEvent,date,2010-07-29,oui,Thèse — Chronologie (figure) Chapitre I.2,oui,TIMELINE_FIGURE,non,renvoi_these,affiliated with→13af4c46d13a449f8c014c54ad1462d6 (Bitcointalk thread (topic=5032424.0))|authored→9c6092d4334640bca80190027bfbeef4 (Theymos 2015),,,adosse_fort,non,,"le renvoi vise la figure « Chronologie n° 6 » (assets/MD/01_chapitre_I.md l.255, section I.2) : c'est une image (media/image5.png) absente du dépôt — la date n'est relisible que dans assets/pdf/5_Chapitre_1.pdf, pas dans le Markdown",these_verbatim,oui,"confirme mot pour mot par le texte de la these — source PROVISOIRE : la these est ici juge et partie, et le chantier a montre qu elle se contredit parfois elle-meme"
1_dates_evenements,64a49803ef464d83a7ae3a674d180ca8,InfrastructureEvent — Service d’anonymisation BitLaundry,InfrastructureEvent,date,2010-09-01,oui,Thèse — Chronologie (figure) Chapitre I.2,oui,TIMELINE_FIGURE,non,renvoi_these,,,,adosse_fort,non,,"le renvoi vise la figure « Chronologie n° 6 » (assets/MD/01_chapitre_I.md l.255, section I.2) : c'est une image (media/image5.png) absente du dépôt — la date n'est relisible que dans assets/pdf/5_Chapitre_1.pdf, pas dans le Markdown ; aucune relation vers une Reference/PrimarySource/GreyLiterature/IndigenousLiterature/SourceQuote",infere,non,"aucune confirmation par la these, aucune source primaire, granularite fine — origine de la date non etablie"
1_dates_evenements,6c666e14270942a08b5d8908b5cd908d,"InfrastructureEvent — ShapeShift (exchange non-custodial, Voorhees, 2014)",InfrastructureEvent,date,2014,non,,non,,non,aucune,,,,non_adosse,oui,"La date « 2014 » de « InfrastructureEvent — ShapeShift (exchange non-custodial, Voorhees, 20 » peut-elle être rattachée à une source nommée (chronologie de la thèse avec page, référence, ou URL) ? oui/non",aucune relation vers une Reference/PrimarySource/GreyLiterature/IndigenousLiterature/SourceQuote ; seul repère textuel : chapter=Chapitre I — trop large pour adosser une date,approximatif,non,granularite « annee » : la date elle-meme ne designe pas un jour
1_dates_evenements,17c55315ca2a45db9d1dc895fcba105d,InfrastructureEvent — Site d’éducation WeUseCoins,InfrastructureEvent,date,2011-03-25,oui,Thèse — Chronologie (figure) Chapitre I.2,oui,TIMELINE_FIGURE,non,renvoi_these,,,,adosse_fort,non,,"le renvoi vise la figure « Chronologie n° 6 » (assets/MD/01_chapitre_I.md l.255, section I.2) : c'est une image (media/image5.png) absente du dépôt — la date n'est relisible que dans assets/pdf/5_Chapitre_1.pdf, pas dans le Markdown ; aucune relation vers une Reference/PrimarySource/GreyLiterature/IndigenousLiterature/SourceQuote",infere,non,"aucune confirmation par la these, aucune source primaire, granularite fine — origine de la date non etablie"
1_dates_evenements,33f6747a334543fcae909b2aaf0f04cd,InfrastructureEvent — Slashdot article parite BTC/$ (fevrier 2011),InfrastructureEvent,date,2011-02,oui,Le Calvez 2020 ; Sedgwick 2019c,non,,non,reference_nommee,source of[inverse]→b469ce6b277c4d61a8bd5a9b33619389 (Sedgwick 2019c),,,adosse_fort,non,,"référence(s) de dateSource retrouvée(s) au MD : Calvez 2020 (MD l.732) ; Sedgwick 2019 (MD l.1060,1062,1064,1066,1068,1070,1072,1074,1076,1078,1080,1082,1084,1086,1088,1090) ; seul repère textuel : chapter=Chapitre I — trop large pour adosser une date",these_verbatim,oui,"confirme mot pour mot par le texte de la these — source PROVISOIRE : la these est ici juge et partie, et le chantier a montre qu elle se contredit parfois elle-meme"
1_dates_evenements,714f6de9e72d4162a186c2c0e459f15f,InfrastructureEvent — Soft fork : correction bug 'Void of bitcoin',InfrastructureEvent,date,2010-07-28,oui,Thèse — Chronologie (figure) Chapitre I.2,oui,TIMELINE_FIGURE,non,renvoi_these,,,,adosse_fort,non,,"le renvoi vise la figure « Chronologie n° 6 » (assets/MD/01_chapitre_I.md l.255, section I.2) : c'est une image (media/image5.png) absente du dépôt — la date n'est relisible que dans assets/pdf/5_Chapitre_1.pdf, pas dans le Markdown ; aucune relation vers une Reference/PrimarySource/GreyLiterature/IndigenousLiterature/SourceQuote",infere,non,"aucune confirmation par la these, aucune source primaire, granularite fine — origine de la date non etablie"
1_dates_evenements,ef4dc40dd6a242019dc88551d68bbd7a,"InfrastructureEvent — SourceForge Bitcoin repo (Martti Malmi, 2009)",InfrastructureEvent,date,2009-10-30,non,,non,,non,aucune,source of[inverse]→304579e381c84c4a8f470c3386ac1e45 (Lopp 2018 GitHub Bitcoin Core),,,adosse_faible,non,,,these_verbatim,oui,"confirme mot pour mot par le texte de la these — source PROVISOIRE : la these est ici juge et partie, et le chantier a montre qu elle se contredit parfois elle-meme"
1_dates_evenements,5eeed0a89f93410184336105b8e4ec33,"InfrastructureEvent — Split de chaîne (bug de consensus, 15/03/2013)",InfrastructureEvent,date,2013-03-15,oui,Sedgwick ; Lopp 2018,non,,non,reference_nommee,,,,adosse_fort,non,,référence(s) de dateSource retrouvée(s) au MD : Lopp 2018 (MD l.766) ; aucune relation vers une Reference/PrimarySource/GreyLiterature/IndigenousLiterature/SourceQuote ; seul repère textuel : chapter=Chapitre I / Chapitre III — trop large pour adosser une date,infere,non,"aucune confirmation par la these, aucune source primaire, granularite fine — origine de la date non etablie"
1_dates_evenements,008274f26bfd46dcabf5589b2a1cd15f,InfrastructureEvent — Standardisation des propositions protocolaires (BIP),InfrastructureEvent,date,2011-08-19,oui,Thèse — Chronologie (figure) Chapitre I.2,oui,TIMELINE_FIGURE,non,renvoi_these,,,,adosse_fort,non,,"le renvoi vise la figure « Chronologie n° 6 » (assets/MD/01_chapitre_I.md l.255, section I.2) : c'est une image (media/image5.png) absente du dépôt — la date n'est relisible que dans assets/pdf/5_Chapitre_1.pdf, pas dans le Markdown ; aucune relation vers une Reference/PrimarySource/GreyLiterature/IndigenousLiterature/SourceQuote",these_verbatim,oui,"confirme mot pour mot par le texte de la these — source PROVISOIRE : la these est ici juge et partie, et le chantier a montre qu elle se contredit parfois elle-meme"
1_dates_evenements,bb7e8e8fd76be2b3ace23007e6faed3f,"InfrastructureEvent — Testnet Olympic, neuvième itération (9 mai 2015)",InfrastructureEvent,date,2015-05-09,oui,Thèse ch.I l.399,non,,non,renvoi_these,,,,adosse_fort,non,,aucune relation vers une Reference/PrimarySource/GreyLiterature/IndigenousLiterature/SourceQuote ; seul repère textuel : chapter=Chapitre I — trop large pour adosser une date,these_verbatim,oui,"confirme mot pour mot par le texte de la these — source PROVISOIRE : la these est ici juge et partie, et le chantier a montre qu elle se contredit parfois elle-meme"
1_dates_evenements,364977fb9ed943a2bac1688d22ffe1c5,InfrastructureEvent — Tether/USDT : premier stablecoin via Omni/Mastercoin (2014),InfrastructureEvent,date,2014,non,,non,,non,aucune,source of[inverse]→fd65f418b8f248caa5867f4485228eb7 (Tasca & Liu 2018),,,adosse_faible,non,,seul repère textuel : chapter=Chapitre I — trop large pour adosser une date,approximatif,non,granularite « annee » : la date elle-meme ne designe pas un jour
1_dates_evenements,f0da0d7be8df47b98cdb86fd6ee83033,"InfrastructureEvent — Trezor (premier hardware wallet, SatoshiLabs, 2013)",InfrastructureEvent,date,2013,oui,SatoshiLabs 2019,non,,non,reference_nommee,,,,adosse_fort,non,,référence(s) de dateSource retrouvée(s) au MD : SatoshiLabs 2019 (MD l.1046) ; aucune relation vers une Reference/PrimarySource/GreyLiterature/IndigenousLiterature/SourceQuote ; seul repère textuel : chapter=Chapitre I — trop large pour adosser une date,these_verbatim,oui,"confirme mot pour mot par le texte de la these — source PROVISOIRE : la these est ici juge et partie, et le chantier a montre qu elle se contredit parfois elle-meme"
1_dates_evenements,96d4a9ccc4d542dc938d1aa9d6399339,"InfrastructureEvent — Vente de SatoshiDice par Voorhees (2013, 12,4M$)",InfrastructureEvent,year,2013,non,,non,,non,aucune,source of[inverse]→5827f98bffe845e5b17b188531d11aa0 (Voorhees 2013),,,adosse_faible,non,,,approximatif,non,granularite « annee » : la date elle-meme ne designe pas un jour
1_dates_evenements,0628e0fc39504e9e8b501e94365bbef8,"InfrastructureEvent — WeUseCoins et crypto.fr, medias communautaires (2011)",InfrastructureEvent,date,2011,non,,non,,non,aucune,,,,non_adosse,oui,"La date « 2011 » de « InfrastructureEvent — WeUseCoins et crypto.fr, medias communautaires ( » peut-elle être rattachée à une source nommée (chronologie de la thèse avec page, référence, ou URL) ? oui/non",aucune relation vers une Reference/PrimarySource/GreyLiterature/IndigenousLiterature/SourceQuote ; seul repère textuel : chapter=Chapitre I — trop large pour adosser une date,these_verbatim,oui,"confirme mot pour mot par le texte de la these — source PROVISOIRE : la these est ici juge et partie, et le chantier a montre qu elle se contredit parfois elle-meme"
1_dates_evenements,04de601cb8024a0a9e9f81974f1c8116,InfrastructureEvent — WordPress accepte les paiements en Bitcoin (2012),InfrastructureEvent,date,15/11/2012,non,,non,,non,aucune,,,,non_adosse,oui,"La date « 15/11/2012 » de « InfrastructureEvent — WordPress accepte les paiements en Bitcoin (2012 » peut-elle être rattachée à une source nommée (chronologie de la thèse avec page, référence, ou URL) ? oui/non",aucune relation vers une Reference/PrimarySource/GreyLiterature/IndigenousLiterature/SourceQuote,infere,non,"aucune confirmation par la these, aucune source primaire, granularite fine — origine de la date non etablie"
1_dates_evenements,2322a151c17c456484772d74a4cfa78a,InfrastructureEvent — Wrapped Bitcoin / WBTC (2019),InfrastructureEvent,date,2019,oui,Redman 2019b,non,,non,reference_nommee,source of[inverse]→db27994d43c54873939c11e21dcf0ebe (Redman 2019b),,,adosse_fort,non,,"référence(s) de dateSource retrouvée(s) au MD : Redman 2019 (MD l.998,1000) ; seul repère textuel : chapter=Chapitre I — trop large pour adosser une date",these_verbatim,oui,"confirme mot pour mot par le texte de la these — source PROVISOIRE : la these est ici juge et partie, et le chantier a montre qu elle se contredit parfois elle-meme"
1_dates_evenements,3dd742f499c64c5ba60e874c0435e859,InfrastructureEvent — eBay / PayPal intègre Bitcoin (2014-2015),InfrastructureEvent,date,08/09/2014,non,,non,,non,aucune,,,,non_adosse,oui,"La date « 08/09/2014 » de « InfrastructureEvent — eBay / PayPal intègre Bitcoin (2014-2015) » peut-elle être rattachée à une source nommée (chronologie de la thèse avec page, référence, ou URL) ? oui/non",aucune relation vers une Reference/PrimarySource/GreyLiterature/IndigenousLiterature/SourceQuote,infere,non,"aucune confirmation par la these, aucune source primaire, granularite fine — origine de la date non etablie"
1_dates_evenements,7f80094676fd44a785c6483dbee4f8c5,Mining pools emergence,InfrastructureEvent,date,2011-01,non,,non,,non,aucune,,,,non_adosse,oui,"La date « 2011-01 » de « Mining pools emergence » peut-elle être rattachée à une source nommée (chronologie de la thèse avec page, référence, ou URL) ? oui/non",aucune relation vers une Reference/PrimarySource/GreyLiterature/IndigenousLiterature/SourceQuote,infere,non,"aucune confirmation par la these, aucune source primaire, granularite fine — origine de la date non etablie"
1_dates_evenements,6661cad88f9145a6ad28d6c30840ef00,Mt. Gox,InfrastructureEvent,date,2010,oui,Sedgwick 2018b ; Sedgwick 2019g ; Sedgwick 2019h,non,,non,reference_nommee,quote supports[inverse]→633e33174ee34a7591e998f36a8f05f4 (Quote — Mt. Gox — p.91)|quote supports[inverse]→665cb1403ac54ece8c123092aa32a268 (Quote — Mt. Gox — p.95)|quote supports[inverse]→7489c26d6eb3435c91b9d0258e8e45b9 (Quote — Mt. Gox — p.96)|quote supports[inverse]→ce6fe9864b844c58bf7629fb851fa30b (Quote — Mt. Gox — p.92)|source of[inverse]→01b382d629ca4147885aba6de31028b4 (Sedgwick 2018b)|source of[inverse]→9e5fedf5dc2947db899b6bf622c16db9 (Christin 2013 — Traveling the Silk Road)|source of[inverse]→e489ca0c8d744b43b166d85119fa4ec3 (Sedgwick 2019o),,,adosse_fort,non,,"référence(s) de dateSource retrouvée(s) au MD : Sedgwick 2018 (MD l.1092,1094,1096,1098,1100,1102,1104) ; Sedgwick 2019 (MD l.1060,1062,1064,1066,1068,1070,1072,1074,1076,1078,1080,1082,1084,1086,1088,1090) ; adossement au niveau de la fiche seulement (source=Chapitre I, section I.2) : localise l'entité dans la thèse, pas sa date",approximatif,non,granularite « annee » : la date elle-meme ne designe pas un jour
1_dates_evenements,c5b853a4aa0447ed88bc11828a8c805c,"The Merge (transition Ethereum PoW → PoS, septembre 2022)",InfrastructureEvent,date,15 septembre 2022,non,,non,,non,aucune,,,,non_adosse,oui,"La date « 15 septembre 2022 » de « The Merge (transition Ethereum PoW → PoS, septembre 2022) » peut-elle être rattachée à une source nommée (chronologie de la thèse avec page, référence, ou URL) ? oui/non",aucune relation vers une Reference/PrimarySource/GreyLiterature/IndigenousLiterature/SourceQuote,these_verbatim,oui,"confirme mot pour mot par le texte de la these — source PROVISOIRE : la these est ici juge et partie, et le chantier a montre qu elle se contredit parfois elle-meme"
1_dates_evenements,d35d720e1fa24d9fbe665a90ac0abc73,Bitcoin,Protocol,launchYear,2009-01-03T00:00:00.000Z,non,,non,,non,aucune,cites→0e846ffeb3614e4b834379420cf5700e (Entretien n°10)|cites→437720ccbf8544bf9021181d3b3ba289 (Entretien n°14)|cites→8a7bae687d81490b9eb3d16da8b5a7f1 (Entretien n°20)|cites→9490d22bd0b84fd492f1f203642cfdf1 (Entretien n°15)|cites→a9848140eab84d8783554af31477a6dd (Entretien n°17)|cites→d5ba79b06d404e4e92f3876057be65a7 (Entretien n°19)|cites→e6e850b7b08d425cb99d3571fb995458 (Entretien n°26)|cites→ece035efeb7e43e499c794e8b168e1d6 (Entretien n°8)|evidenced by[inverse]→218bb0b04a38470ea3e4478f50b5566d (Immersion : Projet Rare Pepe Cards)|evidenced by[inverse]→6c3842ee329a43c8ba3f49875bd17beb (Immersion : Création portefeuille Bitcoin (Electrum))|evidenced by[inverse]→719c780c0edb43de845fe84c875c4aea (Immersion : Test de minage Bitcoin (échec))|evidenced by[inverse]→78b3ff6850654824842af4ac3f6034b8 (Immersion : Premier achat BTC (VirWox))|evidenced by[inverse]→8b87b44e364a4852b773ff3757cc41c7 (Immersion : Acquisition UCN via faucets)|evidenced by[inverse]→933cc4993cae478c84ea0cc3fcbf1d12 (Immersion : Comptes sur multiples bourses d'échange)|evidenced by[inverse]→966ec9d10ea2401fb4e7261d93b474f2 (Immersion : Cloud mining (Genesis Mining))|evidenced by[inverse]→ccf4055f8a794e79890cc72d27e1e7ad (Immersion : Investissement ICO)|evidenced by[inverse]→d725e0ce85f540c18e8ddc5cb78e0fe3 (Immersion : Bêta-testeur Storj (Counterparty))|evidenced by[inverse]→ebc1a7feab2f4760b31d07a98bffde76 (Immersion : Bêta-testeur Spell of Genesis (Counterparty))|evidenced by[inverse]→f61cf0e8dd364f36994896e296489f6b (Immersion : Minage individuel (Minergate))|quote supports[inverse]→3e8cd949f5d246b6ae0b516045474ac2 (Quote — Mervyn King : l'immutabilité monétaire est impossible (2004))|quote supports[inverse]→c66401d7a86f407e8258dae7b0e1ad2c (Quote — Ammous : Bitcoin 'premier exemple opérationnel de monnaie fort)|quote supports[inverse]→c8b6701bb8d0405dae7750212d4c0b2a (Quote — Friedman : anticipation d'un 'ecash' anonyme (1999))|source of[inverse]→0441f46f712d41489f63260e8f97be85 (ElBahrawy et al. 2017)|source of[inverse]→308a84881f5646149829a280121952b5 (BitMEX Research 2020b)|source of[inverse]→51cd9218082f4db7b393a6d84f2f7b00 (Moser et Bohme 2015)|source of[inverse]→9984b3924a284a1d881e34ffcf669c39 (Rauchs et al. 2018)|source of[inverse]→9d25569f745942b0a299160fbf8c8d2d (Kaushal Bagga Sobti 2017)|source of[inverse]→a03d6533107d41568be5a09f65e91cdf (Dodd 2017 Social Life Bitcoin)|source of[inverse]→c539113210a84e1eaea3d8340504aba5 (Narayanan & Clark 2017)|source of[inverse]→d1dd82174b304af3a93ea3a86186a661 (Ammous 2018 Bitcoin Standard)|source of→4510632442f34a1c8ad6f3fe0f17ad05 (Nakamoto 2008 Bitcoin WP),,,adosse_faible,non,,"autres clés de date : created=2008-10-01T00:00:00.000Z ; adossement au niveau de la fiche seulement (sourcePage=15, sourcePages=15, 16, 17, 18, 19, 20, 21, 22, 23, 31, 32, 33, 34, 36, 37, 38, 39, 41, 43, 44, 46, 47, 48, 49, 50, 51, 52, 53, 54, 55, 56, 57, 58, 59, 60, 63, 64, 65, 68, 69, 70, 71, 72, 73, 74, 75, 76, 77, 78, 79, 80, 81, 84, 85, 86, 87, 88, 89, 90, 91, 92, 93, 94, 95, 96, 97, 98, 99, 100, 101, 102, 103, 104, 105, 106, 107, 108, 109, 110, 111, 112, 113, 114, 115, 116, 117, 118, 119, 120, 121, 122, 123, 124, 125, 126, 127, 128, 129, 130, 131, 132, 133, 134, 135, 136, 137, 138, 139, 140, 141, 142, 143, 144, 145, 147, 150, 153, 154, 155, 158, 159, 160, 161, 162, 163, 164, 165, 166, 173, 177, 178, 179, 180, 181, 182, 183, 184, 185, 190, 191, 194, 195, 196, 197, 198, 199, 202, 203, 204, 205, 206, 207, 208, 209, 210, 211, 212, 213, 216, 218, 220, 221, 222, 223, 224, 225, 226, 227, 228, 229, 230, 231, 232, 233, 234, 235, 236, 237, 238, 239, 240, 241, 242, 243, 244, 245, 246, 247, 248, 249, 250, 251, 252, 253, 254, 255, 256, 259, 260, 261, 262, 263, 264, 265, 266, 267, 268, 269, 270, 271, 272, 273, 274, 275, 276, 277, 278, 279, 280, 281, 282, 283, 284, 285, 286, 287, 288, 289, 290, 291, 301, 306, 308, 314, 315, 316, 317, 318, 319, 321, 323, 324, 325, 326, 327, 328, 329, 330, 331, 332, 333, 334, 335, 336, 337, 338, 339) : localise l'entité dans la thèse, pas sa date",these_verbatim,oui,"confirme mot pour mot par le texte de la these — source PROVISOIRE : la these est ici juge et partie, et le chantier a montre qu elle se contredit parfois elle-meme"
1_dates_evenements,a4553092b4a94a52a56858474c8da2c9,Bitcoin Cash,Protocol,launchYear,2017-08-01T00:00:00.000Z,non,,non,,non,aucune,,,,adosse_faible,non,,"aucune relation vers une Reference/PrimarySource/GreyLiterature/IndigenousLiterature/SourceQuote ; adossement au niveau de la fiche seulement (sourcePage=99, sourcePages=99, 205, 224, 233, 234, 238, 286) : localise l'entité dans la thèse, pas sa date",these_verbatim,oui,"confirme mot pour mot par le texte de la these — source PROVISOIRE : la these est ici juge et partie, et le chantier a montre qu elle se contredit parfois elle-meme"
1_dates_evenements,ffdc27d9e9c7485a81c0482017ed9246,Counterparty,Protocol,launch,Janvier 2014,non,,non,,non,aucune,source of[inverse]→0e96ccb67e8e4b5ba0f2c9af8d3276bd (Brokaw 2014)|source of[inverse]→20c955b4d08b43238954a2ddc14020d6 (BitMEXResearch 2022)|source of[inverse]→766c49236ee6484aa92a0566d223b8de (Rizzo 2015)|source of[inverse]→876698e2a15d4e6da5912cb1c391e08b (Buterin 2013b)|source of[inverse]→b4b693b0021941cfbfc70e4f4afe3c5b (Bartoletti et Pompianu 2017),,,adosse_faible,non,,"adossement au niveau de la fiche seulement (sourcePage=95, sourcePages=95, 118, 120, 121, 122, 123) : localise l'entité dans la thèse, pas sa date",infere,non,"aucune confirmation par la these, aucune source primaire, granularite fine — origine de la date non etablie"
1_dates_evenements,587ec87def084d2c965bc33353a01985,Dogecoin,Protocol,launch,Décembre 2013,non,,non,,non,aucune,source of[inverse]→144d0cb97ace4d729d080510b48c7c81 (Estrada 2014)|source of[inverse]→8df0c49c307e4444b6d65be8754210f6 (Rodriguez 2014)|source of[inverse]→be56089c62d34df08bd15f366454ab9e (David Gilbert 2014)|source of[inverse]→dce21d76b18f43509017a322d58f386a (Coldewey 2014),,,adosse_faible,non,,"adossement au niveau de la fiche seulement (sourcePage=117, sourcePages=117) : localise l'entité dans la thèse, pas sa date",infere,non,"aucune confirmation par la these, aucune source primaire, granularite fine — origine de la date non etablie"
1_dates_evenements,2956b3b87db1448f8a2ddde82d39e9c9,Ethereum,Protocol,launchYear,2015-07-30T00:00:00.000Z,non,,non,,non,aucune,"cites→156444b8fffe4cab99b2aefdbb7edd7c (Entretien n°11)|cites→c5d82d5b8e38402a94728be1c08e9b47 (Entretien n°22)|cites→e6e850b7b08d425cb99d3571fb995458 (Entretien n°26)|cites→f8deca339df74733b7fbba18a90de6f0 (Entretien n°9)|evidenced by[inverse]→4518f007658e4fce9cafcf06a922fcb0 (Immersion : Utilisation DApps Ethereum et L1/L2)|evidenced by[inverse]→966ec9d10ea2401fb4e7261d93b474f2 (Immersion : Cloud mining (Genesis Mining))|evidenced by[inverse]→ccf4055f8a794e79890cc72d27e1e7ad (Immersion : Investissement ICO)|evidenced by[inverse]→f61cf0e8dd364f36994896e296489f6b (Immersion : Minage individuel (Minergate))|quote supports[inverse]→68d8c0d57cbe4c6e9a1dc642fa33354b (Quote — Buterin : peur que les règles changent 'sous ses pieds' (2017))|quote supports[inverse]→6b1a40ec612241d3afc1abc1cfd29713 (Quote — Buterin : dépendances au sentier (Russo 2020, p. 57))|quote supports[inverse]→7c7bf025a9bf4e18b2c4aca1857fb9ea (Quote — Buterin : 'la couche fondamentale abstraite ultime' (2013d))|quote supports[inverse]→ab4249424b6c4df5a051763a8c757eca (Quote — Buterin : 'distribution en loi de puissance' des usages (2013d)|quote supports[inverse]→ca81bca55f21444798d9d35f683966b3 (Quote — Buterin : protocole 'aussi généralisé que possible' (2014j))|source of[inverse]→0441f46f712d41489f63260e8f97be85 (ElBahrawy et al. 2017)|source of[inverse]→12c586ca60d94526a01963a1252861cf (Buterin 2013 Ethereum Whitepaper)|source of[inverse]→20c955b4d08b43238954a2ddc14020d6 (BitMEXResearch 2022)|source of[inverse]→3ceaf75ad5dc44f8baa0813b954cb5eb (Buterin 2013e)|source of[inverse]→7be95456e6fd4fee9f0595e3aff2bf25 (Buterin 2013a)|source of[inverse]→995d0c272da14d479572f406a5cd7423 (Young 2017)|source of[inverse]→9984b3924a284a1d881e34ffcf669c39 (Rauchs et al. 2018)|source of[inverse]→a03d6533107d41568be5a09f65e91cdf (Dodd 2017 Social Life Bitcoin)|source of[inverse]→c0f588f7fb3747ea9c964a94661d0027 (Buterin 2017)|source of[inverse]→e70690b67c514557baade09dd0410872 (Russo 2020 Infinite Machine)|source of→462ca3c2907a45f0a4ef51d3bddbf906 (Wood 2014 Yellow Paper)",,,adosse_faible,non,,"autres clés de date : created=2015-07-30T00:00:00.000Z ; adossement au niveau de la fiche seulement (sourcePage=15, sourcePages=15, 32, 33, 34, 36, 38, 41, 43, 44, 45, 46, 47, 48, 49, 50, 52, 54, 55, 81, 86, 87, 97, 99, 109, 110, 111, 123, 125, 126, 127, 128, 129, 130, 131, 132, 133, 134, 135, 136, 137, 138, 139, 140, 141, 143, 155, 164, 173, 177, 178, 179, 180, 181, 182, 184, 185, 202, 203, 204, 206, 207, 210, 212, 213, 216, 217, 220, 221, 222, 223, 233, 242, 264, 283, 287, 288, 289, 290, 291, 292, 293, 294, 295, 296, 297, 298, 299, 300, 301, 302, 303, 304, 305, 306, 307, 308, 309, 310, 311, 314, 315, 316, 317, 318, 319, 320, 321, 322, 323, 324, 325, 326, 327, 328, 329, 330, 331, 332, 333, 334, 335, 336, 337) : localise l'entité dans la thèse, pas sa date",infere,non,"aucune confirmation par la these, aucune source primaire, granularite fine — origine de la date non etablie"
1_dates_evenements,5ea44d21a07d4d13a6f1d6677936b8e7,Ethereum Classic (ETHC),Protocol,launchYear,2016-07-20T00:00:00.000Z,non,,non,,non,aucune,,,,adosse_faible,non,,"aucune relation vers une Reference/PrimarySource/GreyLiterature/IndigenousLiterature/SourceQuote ; adossement au niveau de la fiche seulement (sourcePage=324, sourcePages=324) : localise l'entité dans la thèse, pas sa date",infere,non,"aucune confirmation par la these, aucune source primaire, granularite fine — origine de la date non etablie"
1_dates_evenements,6213eb5f73954b8e957f5649a854c578,Lightning Network,Protocol,launch,Mars 2018,non,,non,,non,aucune,source of[inverse]→54491adc29114776a8b0167125f10f5a (Torpey 2018)|source of→a2d58ccdc9ea4a81a58a5649494aaff4 (Poon & Dryja 2015 LN),,,adosse_faible,non,,"autres clés de date : launchYear=2018-03-15T00:00:00.000Z ; adossement au niveau de la fiche seulement (sourcePage=99, sourcePages=99, 130, 205, 245) : localise l'entité dans la thèse, pas sa date",these_verbatim,oui,"confirme mot pour mot par le texte de la these — source PROVISOIRE : la these est ici juge et partie, et le chantier a montre qu elle se contredit parfois elle-meme"
1_dates_evenements,933ea1ffffba4a38ac567d3c55cd8e73,Litecoin,Protocol,launch,Octobre 2011,non,,non,,non,aucune,quote supports[inverse]→5d0fb91b1da1469a91acd1ef11487f0f (Quote — Charlie Lee : 'créer une véritable monnaie alternative similai)|source of[inverse]→58bad1bd625d4ff4928204acc3705e6e (Bier 2021a)|source of[inverse]→6c31f72f6f6d4fca9f9512a7d66b7551 (Charli Lee 2011)|source of[inverse]→74b4e44f74614a38b5e319be177e46ee (Maurer Nelms Swartz 2013 — Practical materiality of Bitcoin),,,adosse_faible,non,,"adossement au niveau de la fiche seulement (sourcePage=114, sourcePages=114, 115, 117, 118, 205) : localise l'entité dans la thèse, pas sa date",infere,non,"aucune confirmation par la these, aucune source primaire, granularite fine — origine de la date non etablie"
1_dates_evenements,4c6fd0d7d2dd48b3ba56eb748ecbe212,Namecoin,Protocol,launch,Avril 2011,non,,non,,non,aucune,source of[inverse]→36a71df1f997487eab76b897d010da1d (Loibl 2014)|source of[inverse]→a9f90b789f76495f8dd585508f0d3270 (Sedgwick 2018c)|source of[inverse]→d672ddb50e8346f8be770f2fe60dbf46 (Breed 2020),,,adosse_faible,non,,"adossement au niveau de la fiche seulement (sourcePage=23, sourcePages=23, 52, 111, 112, 113, 114, 115, 118) : localise l'entité dans la thèse, pas sa date",infere,non,"aucune confirmation par la these, aucune source primaire, granularite fine — origine de la date non etablie"
1_dates_evenements,5fd4d8dcdc404c1998aa8015ff944ecb,Peercoin,Protocol,launch,Août 2012,non,,non,,non,aucune,quote supports[inverse]→45c0739a6a284ac59c2abb709cb68488 (Quote — Sunny King & Nadal : PoS et dépendance énergétique de la PoW ()|source of[inverse]→8ba11b69224445fba65e1e5160b365f7 (Sunny King et Nadal 2012)|source of→b9b474c9712b4dbea11d55ae163d2b36 (King & Nadal 2012 Peercoin),,,adosse_faible,non,,"adossement au niveau de la fiche seulement (sourcePage=115, sourcePages=115, 116, 137) : localise l'entité dans la thèse, pas sa date",infere,non,"aucune confirmation par la these, aucune source primaire, granularite fine — origine de la date non etablie"
1_dates_evenements,35e4c4fb41e94a98a13b41fd42213679,Ripple / XRP,Protocol,launch,2012,non,,non,,non,aucune,source of[inverse]→6a5e27f616b143dbb797376acca129cf (Bradbury 2013)|source of[inverse]→9984b3924a284a1d881e34ffcf669c39 (Rauchs et al. 2018)|source of[inverse]→f6f684376ae1449189b28f097a07fc6f (Bitmex Research 2018 Implementations),,,adosse_faible,non,,,infere,non,"aucune confirmation par la these, aucune source primaire, granularite fine — origine de la date non etablie"
1_dates_evenements,ed784dce6320f08fae83cf569b3e494d,Ethereum Hard Fork — Arrow Glacier,ProtocolChange,date,2021-12-09,oui,"Chronologie des HF d'Ethereum V1 (M. Rolland) — constituee et verifiee par l'auteur, non mobilisee dans la these",oui,AUTHOR_VERIFIED,non,texte_libre_opaque,,,,adosse_faible,oui,La « Chronologie des HF d'Ethereum V1 » citée en dateSource doit-elle être versée au dépôt (ou remplacée par une source publiée) pour que ces dates soient vérifiables par un tiers ? oui/non,"valeur de dateSource sans référent relocalisable ; dateAuthority=AUTHOR_VERIFIED : caution de l'auteur ; le document cité n'est ni publié ni présent dans le dépôt, donc non consultable ; aucune relation vers une Reference/PrimarySource/GreyLiterature/IndigenousLiterature/SourceQuote ; adossement au niveau de la fiche seulement (source=Chronologie des HF d'Ethereum V1 (M. Rolland) — constituee et verifiee par l'auteur, non mobilisee dans la these) : localise l'entité dans la thèse, pas sa date",infere,non,"aucune confirmation par la these, aucune source primaire, granularite fine — origine de la date non etablie"
1_dates_evenements,c4427c0f5da91478669a41b0f1392409,Ethereum Hard Fork — Berlin,ProtocolChange,date,2021-04-15,oui,"Chronologie des HF d'Ethereum V1 (M. Rolland) — constituee et verifiee par l'auteur, non mobilisee dans la these",oui,AUTHOR_VERIFIED,non,texte_libre_opaque,,,,adosse_faible,oui,La « Chronologie des HF d'Ethereum V1 » citée en dateSource doit-elle être versée au dépôt (ou remplacée par une source publiée) pour que ces dates soient vérifiables par un tiers ? oui/non,"valeur de dateSource sans référent relocalisable ; dateAuthority=AUTHOR_VERIFIED : caution de l'auteur ; le document cité n'est ni publié ni présent dans le dépôt, donc non consultable ; aucune relation vers une Reference/PrimarySource/GreyLiterature/IndigenousLiterature/SourceQuote ; adossement au niveau de la fiche seulement (source=Chronologie des HF d'Ethereum V1 (M. Rolland) — constituee et verifiee par l'auteur, non mobilisee dans la these) : localise l'entité dans la thèse, pas sa date",infere,non,"aucune confirmation par la these, aucune source primaire, granularite fine — origine de la date non etablie"
1_dates_evenements,992e94ee75227cf02aaae2c367752d06,Ethereum Hard Fork — Byzantium,ProtocolChange,date,2017-10-16,oui,"Chronologie des HF d'Ethereum V1 (M. Rolland) — constituee et verifiee par l'auteur, non mobilisee dans la these",oui,AUTHOR_VERIFIED,non,texte_libre_opaque,,,,adosse_faible,oui,La « Chronologie des HF d'Ethereum V1 » citée en dateSource doit-elle être versée au dépôt (ou remplacée par une source publiée) pour que ces dates soient vérifiables par un tiers ? oui/non,"valeur de dateSource sans référent relocalisable ; dateAuthority=AUTHOR_VERIFIED : caution de l'auteur ; le document cité n'est ni publié ni présent dans le dépôt, donc non consultable ; aucune relation vers une Reference/PrimarySource/GreyLiterature/IndigenousLiterature/SourceQuote ; adossement au niveau de la fiche seulement (source=Chronologie des HF d'Ethereum V1 (M. Rolland) — constituee et verifiee par l'auteur, non mobilisee dans la these) : localise l'entité dans la thèse, pas sa date",infere,non,"aucune confirmation par la these, aucune source primaire, granularite fine — origine de la date non etablie"
1_dates_evenements,6f8631eacbadc58e9b3c184372e50b81,Ethereum Hard Fork — Frontier Thawing,ProtocolChange,date,2015-08-04,oui,"Chronologie des HF d'Ethereum V1 (M. Rolland) — constituee et verifiee par l'auteur, non mobilisee dans la these",oui,AUTHOR_VERIFIED,non,texte_libre_opaque,,,,adosse_faible,oui,La « Chronologie des HF d'Ethereum V1 » citée en dateSource doit-elle être versée au dépôt (ou remplacée par une source publiée) pour que ces dates soient vérifiables par un tiers ? oui/non,"valeur de dateSource sans référent relocalisable ; dateAuthority=AUTHOR_VERIFIED : caution de l'auteur ; le document cité n'est ni publié ni présent dans le dépôt, donc non consultable ; aucune relation vers une Reference/PrimarySource/GreyLiterature/IndigenousLiterature/SourceQuote ; adossement au niveau de la fiche seulement (source=Chronologie des HF d'Ethereum V1 (M. Rolland) — constituee et verifiee par l'auteur, non mobilisee dans la these) : localise l'entité dans la thèse, pas sa date",infere,non,"aucune confirmation par la these, aucune source primaire, granularite fine — origine de la date non etablie"
1_dates_evenements,2daf14737ac02a14b06f770f8046f3c7,Ethereum Hard Fork — Homestead,ProtocolChange,date,2016-03-14,oui,"Chronologie des HF d'Ethereum V1 (M. Rolland) — constituee et verifiee par l'auteur, non mobilisee dans la these",oui,AUTHOR_VERIFIED,non,texte_libre_opaque,,,,adosse_faible,oui,La « Chronologie des HF d'Ethereum V1 » citée en dateSource doit-elle être versée au dépôt (ou remplacée par une source publiée) pour que ces dates soient vérifiables par un tiers ? oui/non,"valeur de dateSource sans référent relocalisable ; dateAuthority=AUTHOR_VERIFIED : caution de l'auteur ; le document cité n'est ni publié ni présent dans le dépôt, donc non consultable ; aucune relation vers une Reference/PrimarySource/GreyLiterature/IndigenousLiterature/SourceQuote ; adossement au niveau de la fiche seulement (source=Chronologie des HF d'Ethereum V1 (M. Rolland) — constituee et verifiee par l'auteur, non mobilisee dans la these) : localise l'entité dans la thèse, pas sa date",infere,non,"aucune confirmation par la these, aucune source primaire, granularite fine — origine de la date non etablie"
1_dates_evenements,36872a2e0f2ba1af10285fc4a458d89e,Ethereum Hard Fork — Istanbul,ProtocolChange,date,2019-12-08,oui,"Chronologie des HF d'Ethereum V1 (M. Rolland) — constituee et verifiee par l'auteur, non mobilisee dans la these",oui,AUTHOR_VERIFIED,non,texte_libre_opaque,,,,adosse_faible,oui,La « Chronologie des HF d'Ethereum V1 » citée en dateSource doit-elle être versée au dépôt (ou remplacée par une source publiée) pour que ces dates soient vérifiables par un tiers ? oui/non,"valeur de dateSource sans référent relocalisable ; dateAuthority=AUTHOR_VERIFIED : caution de l'auteur ; le document cité n'est ni publié ni présent dans le dépôt, donc non consultable ; aucune relation vers une Reference/PrimarySource/GreyLiterature/IndigenousLiterature/SourceQuote ; adossement au niveau de la fiche seulement (source=Chronologie des HF d'Ethereum V1 (M. Rolland) — constituee et verifiee par l'auteur, non mobilisee dans la these) : localise l'entité dans la thèse, pas sa date",infere,non,"aucune confirmation par la these, aucune source primaire, granularite fine — origine de la date non etablie"
1_dates_evenements,7793fdb7a9d5615dcb071fcb35e388ed,Ethereum Hard Fork — London,ProtocolChange,date,2021-08-05,oui,"Chronologie des HF d'Ethereum V1 (M. Rolland) — constituee et verifiee par l'auteur, non mobilisee dans la these",oui,AUTHOR_VERIFIED,non,texte_libre_opaque,,,,adosse_faible,oui,La « Chronologie des HF d'Ethereum V1 » citée en dateSource doit-elle être versée au dépôt (ou remplacée par une source publiée) pour que ces dates soient vérifiables par un tiers ? oui/non,"valeur de dateSource sans référent relocalisable ; dateAuthority=AUTHOR_VERIFIED : caution de l'auteur ; le document cité n'est ni publié ni présent dans le dépôt, donc non consultable ; aucune relation vers une Reference/PrimarySource/GreyLiterature/IndigenousLiterature/SourceQuote ; adossement au niveau de la fiche seulement (source=Chronologie des HF d'Ethereum V1 (M. Rolland) — constituee et verifiee par l'auteur, non mobilisee dans la these) : localise l'entité dans la thèse, pas sa date",infere,non,"aucune confirmation par la these, aucune source primaire, granularite fine — origine de la date non etablie"
1_dates_evenements,69bbc0160968acbd6f0cfb812917767d,Ethereum Hard Fork — Muir Glacier,ProtocolChange,date,2020-01-02,oui,"Chronologie des HF d'Ethereum V1 (M. Rolland) — constituee et verifiee par l'auteur, non mobilisee dans la these",oui,AUTHOR_VERIFIED,non,texte_libre_opaque,,,,adosse_faible,oui,La « Chronologie des HF d'Ethereum V1 » citée en dateSource doit-elle être versée au dépôt (ou remplacée par une source publiée) pour que ces dates soient vérifiables par un tiers ? oui/non,"valeur de dateSource sans référent relocalisable ; dateAuthority=AUTHOR_VERIFIED : caution de l'auteur ; le document cité n'est ni publié ni présent dans le dépôt, donc non consultable ; aucune relation vers une Reference/PrimarySource/GreyLiterature/IndigenousLiterature/SourceQuote ; adossement au niveau de la fiche seulement (source=Chronologie des HF d'Ethereum V1 (M. Rolland) — constituee et verifiee par l'auteur, non mobilisee dans la these) : localise l'entité dans la thèse, pas sa date",infere,non,"aucune confirmation par la these, aucune source primaire, granularite fine — origine de la date non etablie"
1_dates_evenements,90748c44eebb88fb889fa419159e72e7,Ethereum Hard Fork — Spurious Dragon,ProtocolChange,date,2016-11-22,oui,"Chronologie des HF d'Ethereum V1 (M. Rolland) — constituee et verifiee par l'auteur, non mobilisee dans la these",oui,AUTHOR_VERIFIED,non,texte_libre_opaque,,,,adosse_faible,oui,La « Chronologie des HF d'Ethereum V1 » citée en dateSource doit-elle être versée au dépôt (ou remplacée par une source publiée) pour que ces dates soient vérifiables par un tiers ? oui/non,"valeur de dateSource sans référent relocalisable ; dateAuthority=AUTHOR_VERIFIED : caution de l'auteur ; le document cité n'est ni publié ni présent dans le dépôt, donc non consultable ; aucune relation vers une Reference/PrimarySource/GreyLiterature/IndigenousLiterature/SourceQuote ; adossement au niveau de la fiche seulement (source=Chronologie des HF d'Ethereum V1 (M. Rolland) — constituee et verifiee par l'auteur, non mobilisee dans la these) : localise l'entité dans la thèse, pas sa date",infere,non,"aucune confirmation par la these, aucune source primaire, granularite fine — origine de la date non etablie"
1_dates_evenements,801ceac52958a50815963a9826719d34,Ethereum Hard Fork — St. Petersburg,ProtocolChange,date,2019-02-28,oui,"Chronologie des HF d'Ethereum V1 (M. Rolland) — constituee et verifiee par l'auteur, non mobilisee dans la these",oui,AUTHOR_VERIFIED,non,texte_libre_opaque,,,,adosse_faible,oui,La « Chronologie des HF d'Ethereum V1 » citée en dateSource doit-elle être versée au dépôt (ou remplacée par une source publiée) pour que ces dates soient vérifiables par un tiers ? oui/non,"valeur de dateSource sans référent relocalisable ; dateAuthority=AUTHOR_VERIFIED : caution de l'auteur ; le document cité n'est ni publié ni présent dans le dépôt, donc non consultable ; aucune relation vers une Reference/PrimarySource/GreyLiterature/IndigenousLiterature/SourceQuote ; adossement au niveau de la fiche seulement (source=Chronologie des HF d'Ethereum V1 (M. Rolland) — constituee et verifiee par l'auteur, non mobilisee dans la these) : localise l'entité dans la thèse, pas sa date",infere,non,"aucune confirmation par la these, aucune source primaire, granularite fine — origine de la date non etablie"
1_dates_evenements,dfc2028b715ce4c66c48d08b1aa0dac0,Ethereum Hard Fork — Tangerine Whistle,ProtocolChange,date,2016-10-18,oui,"Chronologie des HF d'Ethereum V1 (M. Rolland) — constituee et verifiee par l'auteur, non mobilisee dans la these",oui,AUTHOR_VERIFIED,non,texte_libre_opaque,,,,adosse_faible,oui,La « Chronologie des HF d'Ethereum V1 » citée en dateSource doit-elle être versée au dépôt (ou remplacée par une source publiée) pour que ces dates soient vérifiables par un tiers ? oui/non,"valeur de dateSource sans référent relocalisable ; dateAuthority=AUTHOR_VERIFIED : caution de l'auteur ; le document cité n'est ni publié ni présent dans le dépôt, donc non consultable ; aucune relation vers une Reference/PrimarySource/GreyLiterature/IndigenousLiterature/SourceQuote ; adossement au niveau de la fiche seulement (source=Chronologie des HF d'Ethereum V1 (M. Rolland) — constituee et verifiee par l'auteur, non mobilisee dans la these) : localise l'entité dans la thèse, pas sa date",infere,non,"aucune confirmation par la these, aucune source primaire, granularite fine — origine de la date non etablie"
1_dates_evenements,2ced7a41de564ff9b9d55f81cf9822c6,BIP-0001 — Standardisation des BIPs,ProtocolProposal,year,2011,non,,non,,non,aucune,,,,non_adosse,oui,"La date « 2011 » de « BIP-0001 — Standardisation des BIPs » peut-elle être rattachée à une source nommée (chronologie de la thèse avec page, référence, ou URL) ? oui/non",aucune relation vers une Reference/PrimarySource/GreyLiterature/IndigenousLiterature/SourceQuote,approximatif,non,granularite « annee » : la date elle-meme ne designe pas un jour
1_dates_evenements,f718464a559d41e59af935f56dc99fdd,BIP-141/143/147 — SegWit,ProtocolProposal,year,2015-2017,non,,non,,non,aucune,,,,non_adosse,oui,"La date « 2015-2017 » de « BIP-141/143/147 — SegWit » peut-elle être rattachée à une source nommée (chronologie de la thèse avec page, référence, ou URL) ? oui/non",aucune relation vers une Reference/PrimarySource/GreyLiterature/IndigenousLiterature/SourceQuote,approximatif,non,granularite « plage » : la date elle-meme ne designe pas un jour
1_dates_evenements,738483a6f54f428f88c96ef209b2fede,BIP-148 — UASF activation SegWit,ProtocolProposal,year,2017,non,,non,,non,aucune,,,,non_adosse,oui,"La date « 2017 » de « BIP-148 — UASF activation SegWit » peut-elle être rattachée à une source nommée (chronologie de la thèse avec page, référence, ou URL) ? oui/non",aucune relation vers une Reference/PrimarySource/GreyLiterature/IndigenousLiterature/SourceQuote,approximatif,non,granularite « annee » : la date elle-meme ne designe pas un jour
1_dates_evenements,dcff56c931694f7d966301978c94c04c,BIP-34/65/66 — Script improvements,ProtocolProposal,year,2012-2015,non,,non,,non,aucune,,,,non_adosse,oui,"La date « 2012-2015 » de « BIP-34/65/66 — Script improvements » peut-elle être rattachée à une source nommée (chronologie de la thèse avec page, référence, ou URL) ? oui/non",aucune relation vers une Reference/PrimarySource/GreyLiterature/IndigenousLiterature/SourceQuote,approximatif,non,granularite « plage » : la date elle-meme ne designe pas un jour
1_dates_evenements,ca059c7bca7f4351bafab4a3b4daf319,BIP-91 — Compromise SegWit activation,ProtocolProposal,year,2017,non,,non,,non,aucune,,,,non_adosse,oui,"La date « 2017 » de « BIP-91 — Compromise SegWit activation » peut-elle être rattachée à une source nommée (chronologie de la thèse avec page, référence, ou URL) ? oui/non",aucune relation vers une Reference/PrimarySource/GreyLiterature/IndigenousLiterature/SourceQuote,approximatif,non,granularite « annee » : la date elle-meme ne designe pas un jour
1_dates_evenements,31c5fff0646c43d2a6925749d8aeac58,EIP-150 — Gas cost changes (post-DAO),ProtocolProposal,year,2016,non,,non,,non,aucune,,,,non_adosse,oui,"La date « 2016 » de « EIP-150 — Gas cost changes (post-DAO) » peut-elle être rattachée à une source nommée (chronologie de la thèse avec page, référence, ou URL) ? oui/non",aucune relation vers une Reference/PrimarySource/GreyLiterature/IndigenousLiterature/SourceQuote,approximatif,non,granularite « annee » : la date elle-meme ne designe pas un jour
1_dates_evenements,54f5460c4a9f44f8bde5ddda237c835b,EIP-155 — Replay protection (post-fork),ProtocolProposal,year,2016,non,,non,,non,aucune,,,,non_adosse,oui,"La date « 2016 » de « EIP-155 — Replay protection (post-fork) » peut-elle être rattachée à une source nommée (chronologie de la thèse avec page, référence, ou URL) ? oui/non",aucune relation vers une Reference/PrimarySource/GreyLiterature/IndigenousLiterature/SourceQuote,approximatif,non,granularite « annee » : la date elle-meme ne designe pas un jour
1_dates_evenements,2914e957f2dd447385cde0af56b24f1e,Proposition de Hard Fork — The DAO,ProtocolProposal,year,2016,non,,non,,non,aucune,,,,non_adosse,oui,"La date « 2016 » de « Proposition de Hard Fork — The DAO » peut-elle être rattachée à une source nommée (chronologie de la thèse avec page, référence, ou URL) ? oui/non",aucune relation vers une Reference/PrimarySource/GreyLiterature/IndigenousLiterature/SourceQuote,approximatif,non,granularite « annee » : la date elle-meme ne designe pas un jour
1_dates_evenements,66a9aaacdaac4412bc2e687d4b633630,Proposition de Soft Fork — The DAO (abandon),ProtocolProposal,year,2016,non,,non,,non,aucune,,,,non_adosse,oui,"La date « 2016 » de « Proposition de Soft Fork — The DAO (abandon) » peut-elle être rattachée à une source nommée (chronologie de la thèse avec page, référence, ou URL) ? oui/non",aucune relation vers une Reference/PrimarySource/GreyLiterature/IndigenousLiterature/SourceQuote,approximatif,non,granularite « annee » : la date elle-meme ne designe pas un jour
1_dates_evenements,ed7b68eeb3114b32a7ab0baabd62cc5a,The DAO,SmartContract,year,2016-04-30T00:00:00.000Z,non,,non,,non,aucune,cites→156444b8fffe4cab99b2aefdbb7edd7c (Entretien n°11)|cites→c5d82d5b8e38402a94728be1c08e9b47 (Entretien n°22)|cites→e6e850b7b08d425cb99d3571fb995458 (Entretien n°26)|cites→f8deca339df74733b7fbba18a90de6f0 (Entretien n°9)|evidenced by[inverse]→ccf4055f8a794e79890cc72d27e1e7ad (Immersion : Investissement ICO),,,adosse_faible,non,,"adossement au niveau de la fiche seulement (sourcePage=33, sourcePages=33, 34, 37, 41, 44, 45, 50, 125, 127, 130, 204, 206, 220, 221, 222, 223, 224, 258, 285, 287, 288, 289, 290, 291, 292, 293, 294, 295, 296, 297, 298, 299, 300, 303, 304, 305, 306, 307, 308, 309, 310, 311, 312, 313, 314, 315, 316, 319, 322, 323, 326, 327, 328, 329, 330, 334) : localise l'entité dans la thèse, pas sa date",infere,non,"aucune confirmation par la these, aucune source primaire, granularite fine — origine de la date non etablie"
1_dates_evenements,a4a78c8ef9174d968ca142d6d5b9f409,Bitcoin-QT / Bitcoin Core (client),SoftwareClient,launchYear,2009-01-09T00:00:00.000Z,non,,non,,non,aucune,,,,non_adosse,oui,"La date « 2009-01-09T00:00:00.000Z » de « Bitcoin-QT / Bitcoin Core (client) » peut-elle être rattachée à une source nommée (chronologie de la thèse avec page, référence, ou URL) ? oui/non",aucune relation vers une Reference/PrimarySource/GreyLiterature/IndigenousLiterature/SourceQuote,infere,non,"aucune confirmation par la these, aucune source primaire, granularite fine — origine de la date non etablie"
1_dates_evenements,8461f7b5fdb04deb8e9521ffee616c2b,Bitcoin-Qt / Bitcoin Core Wallet,SoftwareClient,released,2009-01-09,non,,non,,non,aucune,,,,non_adosse,oui,"La date « 2009-01-09 » de « Bitcoin-Qt / Bitcoin Core Wallet » peut-elle être rattachée à une source nommée (chronologie de la thèse avec page, référence, ou URL) ? oui/non",aucune relation vers une Reference/PrimarySource/GreyLiterature/IndigenousLiterature/SourceQuote,infere,non,"aucune confirmation par la these, aucune source primaire, granularite fine — origine de la date non etablie"
1_dates_evenements,bf9931aa5cec4f87ae0edce43a1907ea,Go-Ethereum (Geth),SoftwareClient,launchYear,2015-07-30T00:00:00.000Z,non,,non,,non,aucune,,,,non_adosse,oui,"La date « 2015-07-30T00:00:00.000Z » de « Go-Ethereum (Geth) » peut-elle être rattachée à une source nommée (chronologie de la thèse avec page, référence, ou URL) ? oui/non",aucune relation vers une Reference/PrimarySource/GreyLiterature/IndigenousLiterature/SourceQuote,infere,non,"aucune confirmation par la these, aucune source primaire, granularite fine — origine de la date non etablie"
1_dates_evenements,5203960e41d1470fb6cda90d1da326d5,OpenEthereum / Parity,SoftwareClient,launchYear,2016-01-01T00:00:00.000Z,non,,non,,non,aucune,,,,non_adosse,oui,"La date « 2016-01-01T00:00:00.000Z » de « OpenEthereum / Parity » peut-elle être rattachée à une source nommée (chronologie de la thèse avec page, référence, ou URL) ? oui/non",aucune relation vers une Reference/PrimarySource/GreyLiterature/IndigenousLiterature/SourceQuote,infere,non,"aucune confirmation par la these, aucune source primaire, granularite fine — origine de la date non etablie"
2_annees_references,8d060dcfd4e54ad48c445af6cadec8e6,AFP 2018 — Bitcoin fait fureur au Japon,GreyLiterature|Reference,year,2018,non,,non,,non,aucune,,"l.16 — AFP, 2018, « Le marché du bitcoin fait fureur au Japon », Le Point, 5 janv. 2018.",2018,accord,non,,apparié par patronyme+année (entrée unique ; similarité titre 1.00),,,hors perimetre (volet 2)
2_annees_references,d39ba9cddee04648bc27e75b4e0bc02d,Abdelatif Hafid 2022 — Sharding Blockchain Protocols,AcademicWork|Reference,year,2022,non,,non,,non,aucune,,"l.12 — ABDELATIF HAFID, 2022, « Probabilistic Models to Analyze the Security of Sharding -Based Blockchain Protocols », Unpublished, Montréal, 120 p.",2022,accord,non,,apparié par patronyme+année (entrée unique ; similarité titre 1.00),,,hors perimetre (volet 2)
2_annees_references,dd9f7883d03e4bc2a49a1f9e18ed8bbd,Abraham 2020 — Prestataires actifs numériques cadre légal,GreyLiterature|Reference,year,2020,non,,non,,non,aucune,,"l.14 — ABRAHAM Michelle, 2020, « Les prestataires de services sur actifs numériques : cadre légal », RFComptable, janvier 2020, vol. 20, no 478, p. 3.",2020,accord,non,,apparié par patronyme+année (entrée unique ; similarité titre 1.00),,,hors perimetre (volet 2)
2_annees_references,4568cc431bce437ba36f137dbafbc67e,Aglietta & Cartelier 1998 — Ordre monétaire,AcademicWork|Reference,year,1998,non,,non,,non,aucune,authored[inverse]→02e004e015cc4982a33168f8d6432cab (Aglietta & Orleans 2002),"l.20 — AGLIETTA Michel et CARTELIER Jean, 1998, « Ordre monétaire des économies de marché » dans La monnaie souveraine, s.l., p. 129‑157.",1998,accord,non,,apparié par patronyme+année+titre (similarité 1.00),,,hors perimetre (volet 2)
2_annees_references,02e004e015cc4982a33168f8d6432cab,Aglietta & Orleans 2002,Reference,year,2002-01-01T00:00:00.000Z,non,,non,,oui,aucune,authored→4568cc431bce437ba36f137dbafbc67e (Aglietta & Cartelier 1998 — Ordre monétaire)|authored→7c1a7e8719354b7e9aec465305888b4e (Aglietta & Orléan 1998 — La monnaie souveraine)|authored→7e9c5d90afd24211b0d8ba706bdad15f (Aglietta Ponsot Ould-Ahmed 2014 — Entretien)|authored→b8200b7c29ef4db1a0540db4dc4dd7b9 (Aglietta & Scialom 2002 — Risques monnaie électronique)|authored→dfeba626b96846cf988d4020424196d5 (Aglietta & Orléan 2002 — Violence et confiance)|authored→f8cf5fce5ed54a0291b3816d301bb148 (Aglietta 1988 — L'ambivalence de l'argent),"l.22 — AGLIETTA Michel et ORLÉAN André, 2002, La monnaie entre violence et confiance, Odile Jacob, Paris, 384 p.",2002,accord,non,,année corroborée par 2 entrées du même patronyme ; l'entrée précise n'est pas discriminée,,,hors perimetre (volet 2)
2_annees_references,7c1a7e8719354b7e9aec465305888b4e,Aglietta & Orléan 1998 — La monnaie souveraine,AcademicWork|Reference,year,1998,non,,non,,non,aucune,authored[inverse]→02e004e015cc4982a33168f8d6432cab (Aglietta & Orleans 2002),"l.20 — AGLIETTA Michel et CARTELIER Jean, 1998, « Ordre monétaire des économies de marché » dans La monnaie souveraine, s.l., p. 129‑157.",1998,accord,non,,année corroborée par 2 entrées du même patronyme ; l'entrée précise n'est pas discriminée,,,hors perimetre (volet 2)
2_annees_references,dfeba626b96846cf988d4020424196d5,Aglietta & Orléan 2002 — Violence et confiance,AcademicWork|Reference,year,2002,non,,non,,non,aucune,authored[inverse]→02e004e015cc4982a33168f8d6432cab (Aglietta & Orleans 2002),"l.22 — AGLIETTA Michel et ORLÉAN André, 2002, La monnaie entre violence et confiance, Odile Jacob, Paris, 384 p.",2002,accord,non,,année corroborée par 2 entrées du même patronyme ; l'entrée précise n'est pas discriminée,,,hors perimetre (volet 2)
2_annees_references,b8200b7c29ef4db1a0540db4dc4dd7b9,Aglietta & Scialom 2002 — Risques monnaie électronique,AcademicWork|Reference,year,2002,non,,non,,non,aucune,authored[inverse]→02e004e015cc4982a33168f8d6432cab (Aglietta & Orleans 2002),"l.28 — AGLIETTA Michel et SCIALOM Laurence, 2002, « Les risques de la monnaie électronique », L’Économie politique, 2002, vol. 2, no 14, p. 82‑95.",2002,accord,non,,apparié par patronyme+année+titre (similarité 1.00),,,hors perimetre (volet 2)
2_annees_references,f8cf5fce5ed54a0291b3816d301bb148,Aglietta 1988 — L'ambivalence de l'argent,AcademicWork|Reference,year,1988,non,,non,,non,aucune,authored[inverse]→02e004e015cc4982a33168f8d6432cab (Aglietta & Orleans 2002),"l.18 — AGLIETTA Michel, 1988, « L’ambivalence de l’argent », Revue française d’économie , 1988, vol. 3, no 3, p. 87‑133.",1988,accord,non,,apparié par patronyme+année (entrée unique ; similarité titre 1.00),,,hors perimetre (volet 2)
2_annees_references,7e9c5d90afd24211b0d8ba706bdad15f,Aglietta Ponsot Ould-Ahmed 2014 — Entretien,AcademicWork|Reference,year,2014,non,,non,,non,aucune,authored[inverse]→02e004e015cc4982a33168f8d6432cab (Aglietta & Orleans 2002),"l.26 — AGLIETTA Michel, PONSOT Jean-François et OULD-AHMED Pepita, 2014, « La monnaie, la valeur et la règle - Entretien avec Michel Aglietta », Revue de la régulation, 2014, vol. 16, p. 17.",2014,accord,non,,apparié par patronyme+année (entrée unique ; similarité titre 1.00),,,hors perimetre (volet 2)
2_annees_references,be60c5d6b44049e683f476d2b3b497de,Aguiton Cabane Cornilleau 2019 — Politiques de la mise en crise,AcademicWork|Reference,year,2019,non,,non,,non,aucune,,"l.30 — AGUITON Sara Angeli, CABANE Lydie et CORNILLEAU Lise, 2019, « Politiques de la « mise en crise » », Critique internationale, 1 décembre 2019, vol. 85, no 4, p. 9‑21.",2019,accord,non,,apparié par patronyme+année (entrée unique ; similarité titre 1.00),,,hors perimetre (volet 2)
2_annees_references,2528eba96a574f2491c28b0ab11b0974,Akrich 1989,Reference,year,1989-01-01T00:00:00.000Z,non,,non,,oui,aucune,,"l.36 — AKRICH Madeleine, 1989, « La construction d’un système socio -technique – Esquisse pour une anthropologie des techniques », Anthropologie et Sociétés, 1989, vol. 13, no 2, p. 31‑54.",1989,accord,non,,apparié par patronyme+année (entrée unique ; similarité titre 0.65),,,hors perimetre (volet 2)
2_annees_references,750fdaa27a5d4030a626673d3110ddf2,Akrich 1989 — Construction d'un système socio-technique,AcademicWork|Reference,year,1989,non,,non,,non,aucune,,"l.36 — AKRICH Madeleine, 1989, « La construction d’un système socio -technique – Esquisse pour une anthropologie des techniques », Anthropologie et Sociétés, 1989, vol. 13, no 2, p. 31‑54.",1989,accord,non,,apparié par patronyme+année (entrée unique ; similarité titre 0.65),,,hors perimetre (volet 2)
2_annees_references,204c323d3ad144c195cd0c0e3c85d0c5,Akrich 2010 — Comment décrire les objets techniques,AcademicWork|Reference,year,2010,non,,non,,non,aucune,,"l.34 — AKRICH Madeleine, 2010, « Comment Décrire Les Objets Techniques? », Techniques & Cultures , 2010, vol. 54‑55, no 9, p. 205‑219.",2010,accord,non,,apparié par patronyme+année (entrée unique ; similarité titre 1.00),,,hors perimetre (volet 2)
2_annees_references,c33c1251f58f47b3b0762b5054c43834,Alary 2009 — Genèse de la monnaie,AcademicWork|Reference,year,2009,non,,non,,non,aucune,,"l.38 — ALARY Pierre, 2009, « La genèse de la monnaie : les théories économiques face aux enseignements de l’anthropologie et de l’histoire », Cahiers d’économie Politique / Papers in Political Economy , 2009, no 56, p. 129‑149.",2009,accord,non,,apparié par patronyme+année (entrée unique ; similarité titre 0.91),,,hors perimetre (volet 2)
2_annees_references,8d16182a10884bd59e0b3f39c9e4a42a,Alary Blanc Desmedt Théret 2016 — Institutionnalismes monétaires,AcademicWork|Reference,year,2016,non,,non,,non,aucune,,"l.40 — ALARY Pierre, BLANC Jérôme, DESMEDT Ludovic et THÉRET Bruno, 2016, « Colloque international : « Institutionnalismes monétaires francophones : (...) - Triangle - UMR 5206 ».",2016,accord,non,,apparié par patronyme+année (entrée unique ; similarité titre 0.68),,,hors perimetre (volet 2)
2_annees_references,a9881e8b5f8b4724ba5e48a205081413,Ali et al 2013 BoE Digital Currencies,Reference,year,2013-01-01T00:00:00.000Z,non,,non,,non,aucune,source of[inverse]→05338358f9d7485dbef4110be604c4f8 (Danezis et Meiklejohn 2015),"l.42 — ALI Robleh, BARRDEAR John, CLEWS Roger et SOUTHGATE James, 2013, « The economics of digital currencies », Bank of England Quarterly Bulletin, 2013, vol. Q3, no 1, p. 38‑47.",2013,accord,non,,apparié par patronyme+année (entrée unique ; similarité titre 1.00),,,hors perimetre (volet 2)
2_annees_references,5060d49425084250939155fab66108ae,Allaire 2013 — Les communs comme infrastructure,AcademicWork|Reference,year,2013,non,,non,,non,aucune,,"l.46 — ALLAIRE Gilles, 2013, « Les communs comme infrastructure institutionnelle de l’économie marchande », Revue de la régulation. Capitalisme, institutions, pouvoirs, 12 décembre 2013, no 14.",2013,accord,non,,apparié par patronyme+année (entrée unique ; similarité titre 1.00),,,hors perimetre (volet 2)
2_annees_references,eefe27284b08444cb1ddc05773972197,Allard 2017 — Bitcoin et exclus du système bancaire,GreyLiterature|Reference,year,2017,non,,non,,non,aucune,,"l.50 — ALLARD Laurence, 2017, « Le bitcoin s’adresse aussi aux exclus du système bancaire », https://www.humanite.fr/laurence-allard-le-bitcoin-sadresse-aussi-aux-exclus-du-systeme-bancaire-647243, 12 décembre 2017, consulté le",2017,accord,non,,apparié par patronyme+année (entrée unique ; similarité titre 1.00),,,hors perimetre (volet 2)
2_annees_references,c9331bbe47b548ae9237c5f31c277b60,Allard 2018 — Cryptomonnaies usages et pratiques,AcademicWork|Reference,year,2018,non,,non,,non,aucune,,"l.48 — ALLARD Laurence, 2018, « Cryptomonnaies: usages et pratiques », Science, Travail & Environnement, Revue Progressistes, 11 mai 2018, no 19.",2018,accord,non,,apparié par patronyme+année (entrée unique ; similarité titre 1.00),,,hors perimetre (volet 2)
2_annees_references,1b9ca92299994ccfb9a52cb3975a3567,Amato 2008 — Ethnométhodologie jeux vidéo,AcademicWork|Reference,year,2008,non,,non,,non,aucune,,"l.54 — AMATO Étienne Armand, 2008, « Quelle ethnométhodologie appliquer aux jeux vidéo multijoueurs persistants ? », Sens Public, mars 2008, p. 24.",2008,accord,non,,apparié par patronyme+année (entrée unique ; similarité titre 1.00),,,hors perimetre (volet 2)
2_annees_references,d1dd82174b304af3a93ea3a86186a661,Ammous 2018 Bitcoin Standard,Reference,year,2018-01-01T00:00:00.000Z,non,,non,,non,aucune,,"l.56 — AMMOUS Saifedean, 2018, The Bitcoin Standard - The Decentralized Alternative to Central Banking », John Wiley & Sons, Inc., Hoboken, New Jersey, 305 p.",2018,accord,non,,apparié par patronyme+année (entrée unique pour ce couple),,,hors perimetre (volet 2)
2_annees_references,e82afd03ea514828a61d96054971f6e0,Andolfatto 2013 — Why gold and bitcoin make lousy money,GreyLiterature|Reference,year,2013,non,,non,,non,aucune,,"l.60 — ANDOLFATTO David, 2013, « MacroMania: Why gold and bitcoin make lousy money », https://andolfatto.blogspot.com/2013/04/why-gold-and-bitcoin-make-lousy-money.html , 24 avril 2013, consulté le 19 février 2021.",2013,accord,non,,apparié par patronyme+année (entrée unique ; similarité titre 0.87),,,hors perimetre (volet 2)
2_annees_references,b666ecd130b24eb3be67d61460d5a47e,Andolfatto 2016 — Is Bitcoin a Safe Asset,GreyLiterature|Reference,year,2016,non,,non,,non,aucune,,"l.58 — ANDOLFATTO David, 2016, « MacroMania: Is Bitcoin a Safe Asset? », https://andolfatto.blogspot.com/2016/03/is-bitcoin-safe-asset.html , 27 mars 2016, consulté le 19 février 2021.",2016,accord,non,,apparié par patronyme+année (entrée unique ; similarité titre 0.81),,,hors perimetre (volet 2)
2_annees_references,aff449b29cc249a281a508728901c18f,Andresen 2011,IndigenousLiterature|Reference,year,2011,non,,non,,non,aucune,,"l.66 — ANDRESEN Gavin, 2011, « Bitcoin / [bitcoin-list] Bitcoin version 0.3.20.01 released ».",2011,accord,non,,apparié par patronyme+année (entrée unique pour ce couple),,,hors perimetre (volet 2)
2_annees_references,74f9134398d346a4b39be11431bc0baa,Andresen 2011 — Bitcoin v0.3.20.01 released,IndigenousLiterature|Reference,year,2011,non,,non,,non,aucune,,"l.66 — ANDRESEN Gavin, 2011, « Bitcoin / [bitcoin-list] Bitcoin version 0.3.20.01 released ».",2011,accord,non,,apparié par patronyme+année (entrée unique ; similarité titre 1.00),,,hors perimetre (volet 2)
2_annees_references,65b4ab9b69ac4a968d99e39e11ec3774,Andresen 2012 BIP Process,Reference,year,2012-01-01T00:00:00.000Z,non,,non,,oui,aucune,,"l.64 — ANDRESEN Gavin, 2012, « Blockchain Rule Update Process », https://gist.github.com/gavinandresen/2355445 , 11 avril 2012, consulté le 11 décembre 2019.",2012,accord,non,,apparié par patronyme+année (entrée unique ; similarité titre 1.00),,,hors perimetre (volet 2)
2_annees_references,f8fb83d515424bad916e03ff5956d56d,Andresen 2012 — Blockchain Rule Update Process,IndigenousLiterature|Reference,year,2012,non,,non,,non,aucune,,"l.64 — ANDRESEN Gavin, 2012, « Blockchain Rule Update Process », https://gist.github.com/gavinandresen/2355445 , 11 avril 2012, consulté le 11 décembre 2019.",2012,accord,non,,apparié par patronyme+année (entrée unique ; similarité titre 1.00),,,hors perimetre (volet 2)
2_annees_references,f8d9b4f12815491ba6ad9d2caa0387db,Andresen 2016,GreyLiterature|Reference,year,2016,non,,non,,non,aucune,,"l.62 — ANDRESEN Gavin, 2016, « One-dollar lulz • Gavin Andresen », http://gavinandresen.ninja/One - Dollar-Lulz , 3 mars 2016, consulté le 8 novembre 2021.",2016,accord,non,,apparié par patronyme+année (entrée unique pour ce couple),,,hors perimetre (volet 2)
2_annees_references,63ed4d1a77544c98a047be919573aafb,Andresen 2016 — One-dollar lulz,IndigenousLiterature|Reference,year,2016,non,,non,,non,aucune,,"l.62 — ANDRESEN Gavin, 2016, « One-dollar lulz • Gavin Andresen », http://gavinandresen.ninja/One - Dollar-Lulz , 3 mars 2016, consulté le 8 novembre 2021.",2016,accord,non,,apparié par patronyme+année (entrée unique ; similarité titre 0.67),,,hors perimetre (volet 2)
2_annees_references,cbbc7f90349f49c9b6e13bdb26132439,Anonyme 2018 — CVE-2018-17144 reward schedule StackExchange,IndigenousLiterature|Reference,year,2018,non,,non,,non,aucune,,"l.70 — ANONYME, 2018, « reward schedule - How does the most recently found critical vulnerability (CVE- 2018-17144) work? »",2018,accord,non,,apparié par patronyme+année (entrée unique ; similarité titre 0.59),,,hors perimetre (volet 2)
2_annees_references,d253190f545f4cdd9548b161201e72eb,Antonopoulos 2013 — Bitcoin Neutrality Conference,IndigenousLiterature|Reference,year,2013,non,,non,,non,aucune,,"l.74 — ANTONOPOULOS Andreas, 2013, « Bitcoin Neutrality - Bitcoin 2013 Conference ». https://www.youtube.com/watch?v=EiW4lKrMXQ4, consulté le 16 octobre 2016",2013,accord,non,,apparié par patronyme+année (entrée unique ; similarité titre 1.00),,,hors perimetre (volet 2)
2_annees_references,df887492f61d4ae2bb03d935cfcce178,Antonopoulos 2018 — CVE-2018-17144 Q&A,IndigenousLiterature|Reference,year,2018,non,,non,,non,aucune,,"l.78 — ANTONOPOULOS Andreas, « Bitcoin Q&A: CVE -2018-17144 Vulnerability », 2018, https://www.youtube.com/watch?v=5GD0kGT0SU0, consulté le 17 mars 2021.",2018,accord,non,,apparié par patronyme+année+titre (similarité 1.00),,,hors perimetre (volet 2)
2_annees_references,0db6743ed2b54329b3d5a1bc06de21e0,Apodaca 2015,GreyLiterature|Reference,year,2015,non,,non,,non,aucune,,"l.82 — APODACA Rich, 2015, « script - Which release fixed CVE-2010-5141 (attacker can spend any coin) ».",2015,accord,non,,apparié par patronyme+année (entrée unique pour ce couple),,,hors perimetre (volet 2)
2_annees_references,1b5d7a273c734210b0b121e57a2de26f,Arvicco 2016a — ETC exchange trading,IndigenousLiterature|Reference,year,2016,non,,non,,non,aucune,,"l.84 — ARVICCO, 2016a, « ETC exchange trading and other news », Ethereum Classic , https://ethereumclassic.github.io/blog/2016-07-24-polo-trading/, 24 juillet 2016, consulté le 27 mars 2019.",2016,accord,non,,apparié par patronyme+année+suffixe 'a',,,hors perimetre (volet 2)
2_annees_references,93fa2e758d06412cb39831626cb062db,Arvicco 2016b — ETC new ticker symbol,IndigenousLiterature|Reference,year,2016,non,,non,,non,aucune,,"l.86 — ARVICCO, 2016b, « ETC - new Ethereum Classic ticker symbol », Ethereum Classic , https://ethereumclassic.github.io/blog/2016-07-22-etc-ticker/ , 22 juillet 2016, consulté le 27 mars 2019.",2016,accord,non,,apparié par patronyme+année+suffixe 'b',,,hors perimetre (volet 2)
2_annees_references,62bafe2074254283882c378aeac17e24,Arvicco 2016c — What can I do to help ETC,IndigenousLiterature|Reference,year,2016,non,,non,,non,aucune,,"l.88 — ARVICCO, 2016c, « What can I do to help Ethereum Classic project? », Ethereum Classic , https://ethereumclassic.github.io/blog/2016-07-25-call-for-action/, 25 avril 2016, consulté le 27 mars 2019.",2016,accord,non,,apparié par patronyme+année+suffixe 'c',,,hors perimetre (volet 2)
2_annees_references,f42300a97eb0484082ebad01ab1727d7,Assouan 2018 — Banque de France bitcoin cryptoactifs,GreyLiterature|Reference,year,2018,non,,non,,non,aucune,,"l.90 — ASSOUAN Emmanuelle, 2018, « Le point de la Banque de France sur le bitcoin et autres crypto- actifs », https://publications.banque-france.fr/lemergence-du-bitcoin-et-autres-crypto-actifs-enjeux-risques- et-perspectives, ",2018,accord,non,,apparié par patronyme+année (entrée unique ; similarité titre 0.99),,,hors perimetre (volet 2)
2_annees_references,2dc9c4588b0742c88169833739626868,Attaquant 2016 — An Open Letter (DAO hacker statement),IndigenousLiterature|Reference,year,2016,non,,non,,non,aucune,,"l.92 — ATTAQUANT AUTO -PROCLAMÉ Anonyme, 2016, « An Open Letter », https://pastebin.com/CcGUBgDG , 18 juin 2016, consulté le 3 juin 2020.",2016,accord,non,,apparié par patronyme+année (entrée unique ; similarité titre 0.48),,,hors perimetre (volet 2)
2_annees_references,a6b08d316b964eda994c13b7d9c621f1,Atzei Bartoletti Cimoli 2017 DAO,Reference,year,2017-01-01T00:00:00.000Z,non,,non,,non,aucune,,"l.94 — ATZEI Nicola, BARTOLETTI Massimo et CIMOLI Tiziana, 2017, « A Survey of Attacks on Ethereum Smart contracts (SoK) » dans Matteo Maffei et Mark Ryan (dir.), Principles of Security and Trust , Berlin, Heidelberg, Springer ",2017,accord,non,,apparié par patronyme+année (entrée unique ; similarité titre 1.00),,,hors perimetre (volet 2)
2_annees_references,5c29ca6480a54f67a950bf0495caf898,Avenier & Thomas 2011 — Mixer quali et quanti,AcademicWork|Reference,year,2011,non,,non,,non,aucune,,"l.98 — AVENIER Marie-josé et THOMAS C., 2011, « Mixer quali et quanti pour quoi faire ? Méthodologie sans épistémologie n’est que ruine de la réflexion ! », Cahier de recherche, 2011, n° 2011-06, juillet, p. 1‑26.",2011,accord,non,,apparié par patronyme+année (entrée unique ; similarité titre 1.00),,,hors perimetre (volet 2)
2_annees_references,2d5638fefb314cd6be9d120f091878b9,Awemany 2018 — 600 Microseconds CVE-2018-17144,IndigenousLiterature|Reference,year,2018,non,,non,,non,aucune,,"l.100 — AWEMANY, 2018, « 600 Microseconds - A perspective from the Bitcoin Cash and Bitcoin Unlimited developer who discovered CVE -2018–17144 », https://medium.com/@awemany/600 -microseconds- b70f87b0b2a6, consulté le 20 septem",2018,accord,non,,apparié par patronyme+année (entrée unique ; similarité titre 0.63),,,hors perimetre (volet 2)
2_annees_references,896f386e155e4b77b108d4ecdeb375af,BCE 2012 — Virtual Currency Schemes,Reference,year,2012,non,,non,,non,aucune,,"l.462 — EUROPEAN CENTRAL BANK, 2012, Virtual Currency Scheme, s.l.",2012,accord,non,,apparié par patronyme+année (entrée unique pour ce couple),,,hors perimetre (volet 2)
2_annees_references,34c4361eb0a64d6197d36d61639226e3,BIS 2018 CM Rapport,Reference,year,2018-01-01T00:00:00.000Z,non,,non,,oui,aucune,,"l.108 — BANK OF INTERNATIONAL SETTLEMENTS, 2018, V. « Cryptocurrencies: looking beyond the hype », https://www.bis.org/publ/arpdf/ar2018e5.pdf, consulté le 24 juin 2019.",2018,accord,non,,apparié par patronyme+année (entrée unique ; similarité titre 1.00),,,hors perimetre (volet 2)
2_annees_references,206f2addc41144a8abb84aff060fc00f,Bano et al. 2017,Reference,year,2017-01-01T00:00:00.000Z,non,,non,,oui,aucune,,"l.110 — BANO Shehar, ALBERTO Sonnino, AL-BASSAM Mustafa, AZOUVI Sarah, MCCORRY; Patrick, MEIKLEJOHN Sarah et DANEZIS George, 2017, « SoK: Consensus in the Age of Blockchains », https://arxiv.org/pdf/1711.03936, consulté le 5 mai",2017,accord,non,,apparié par patronyme+année (entrée unique ; similarité titre 1.00),,,hors perimetre (volet 2)
2_annees_references,a5bcf26d91c04f4593ef7a0776dacb52,Banque de France 2013,Reference,year,2013,non,,non,,non,aucune,,"l.112 — BANQUE DE FRANCE, 2013, « Les dangers liés au développement des monnaies virtuelles : l’exemple du bitcoin », Focus, vol. 05/12/2013, no 10.",2013,accord,non,,apparié par patronyme+année (entrée unique pour ce couple),,,hors perimetre (volet 2)
2_annees_references,e7daf0b469ff4a0a9dc9be81ac269477,Barlow 2016 — Declaration of Independence of Cyberspace,IndigenousLiterature|Reference,year,2016,non,,non,,non,aucune,,"l.114 — BARLOW John Perry, 2016, « A Declaration of the Independence of Cyberspace », https://www.eff.org/fr/cyberspace-independence, 20 janvier 2016, consulté le 6 mai 2020.",2016,accord,non,,apparié par patronyme+année (entrée unique ; similarité titre 1.00),,,hors perimetre (volet 2)
2_annees_references,3a5f6962ebb4440283c245a23655a5a6,Baron 2003 — La gouvernance concept polysémique,AcademicWork|Reference,year,2003,non,,non,,non,aucune,,"l.116 — BARON Catherine, 2003, « La gouvernance : débats autour d’ un concept polysémique », Droit et société, 2003, vol. 2, n° 54.",2003,accord,non,,apparié par patronyme+année (entrée unique ; similarité titre 1.00),,,hors perimetre (volet 2)
2_annees_references,9c49d164ca0c46888f6b7f2ab8d5b49c,Barro & Gordon 1983 — Rules discretion and reputation,AcademicWork|Reference,year,1983,non,,non,,non,aucune,,"l.120 — BARRO Robert J., & GORDON, David B., 1983. « Rules, discretion and reputation in a model of monetary policy », Journal of Monetary Economics, Elsevier, vol. 12(1), pages 101-121.",1983,accord,non,,apparié par patronyme+année (entrée unique ; similarité titre 1.00),,,hors perimetre (volet 2)
2_annees_references,ae01bbd26c97490f9d613d92bd4a7081,Barro 1986 — Rules Versus Discretion,AcademicWork|Reference,year,1986,non,,non,,non,aucune,,"l.118 — BARRO Robert J., 1986, « Recent Developments in the Theory of Rules Versus Discretion », The Economic Journal, 1986, vol. 96, p. 23‑37.",1986,accord,non,,apparié par patronyme+année (entrée unique ; similarité titre 1.00),,,hors perimetre (volet 2)
2_annees_references,ae73f326b85f491da28770ac6b6b9bc9,Bartoletti & Pompianu 2017,Reference,year,2017-01-01T00:00:00.000Z,non,,non,,non,aucune,,"l.122 — BARTOLETTI Massimo et POMPIANU Livio, 2017, « An analysis of Bitcoin OP RETURN metadata », arXiv preprint arXiv:1702.01024., 2017.",2017,accord,non,,apparié par patronyme+année (entrée unique ; similarité titre 1.00),,,hors perimetre (volet 2)
2_annees_references,b4b693b0021941cfbfc70e4f4afe3c5b,Bartoletti et Pompianu 2017,AcademicWork|Reference,year,2017,non,,non,,non,aucune,,"l.122 — BARTOLETTI Massimo et POMPIANU Livio, 2017, « An analysis of Bitcoin OP RETURN metadata », arXiv preprint arXiv:1702.01024., 2017.",2017,accord,non,,apparié par patronyme+année (entrée unique pour ce couple),,,hors perimetre (volet 2)
2_annees_references,6197ae54ffc647c8a745daff547aebd1,Bercy Infos 2020 — Crypto-actifs comment s'y retrouver,GreyLiterature|Reference,year,2020,non,,non,,non,aucune,,"l.124 — BERCY INFOS, 2020, « Crypto-monnaies, crypto-actifs... Comment s’y retrouver ? », https://www.economie.gouv.fr/particuliers/cryptomonnaies-cryptoactifs, 4 décembre 2020, consulté le 29 janvier 2021.",2020,accord,non,,apparié par patronyme+année (entrée unique ; similarité titre 1.00),,,hors perimetre (volet 2)
2_annees_references,ffef0b73382d4670bdf83e9aae4c24e6,Berry 2012 — Ethnographie sur Internet,AcademicWork|Reference,year,2012,non,,non,,non,aucune,,"l.126 — BERRY Vincent, 2012, « Ethnographie sur Internet : rendre compte du « virtuel  » , Les Sciences de l’éducation - Pour l’Ère nouvelle, 2012, vol. 45, no 4, p. 35.",2012,accord,non,,apparié par patronyme+année (entrée unique ; similarité titre 1.00),,,hors perimetre (volet 2)
2_annees_references,154e47beee654756a38fcc0d7c8aba2b,Bezbakh 2019 — Inflation et désinflation,AcademicWork|Reference,year,2019,non,,non,,non,aucune,,"l.128 — BEZBAKH Pierre, 2019, Inflation et désinflation, Paris, La Découverte (coll. « Repères »), vol.7e éd., 128 p.",2019,accord,non,,apparié par patronyme+année (entrée unique ; similarité titre 0.19),,,hors perimetre (volet 2)
2_annees_references,58bad1bd625d4ff4928204acc3705e6e,Bier 2021a,AcademicWork|Reference,year,2021,non,,non,,non,aucune,,"l.130 — BIER Jonathan, 2021a, « The Blocksize War – Chapter 16 – Litecoin » dans The Blocksize War: The battle over who controls Bitcoin’s protocol rules, s.l., s.é., 227 p.",2021,accord,non,,apparié par patronyme+année+suffixe 'a',,,hors perimetre (volet 2)
2_annees_references,4304b6cc4a5540a5957f98aea18c2792,Bier 2021b — Blocksize War Ch.3 Scaling I Montreal,AcademicWork|Reference,year,2021,non,,non,,non,aucune,,"l.132 — BIER Jonathan, 2021b, « The Blocksize War – Chapter 3 – Scaling I – Montreal » dans The Blocksize War: The battle over who controls Bitcoin’s protocol rules, s.l., s.é., 227 p.",2021,accord,non,,apparié par patronyme+année+suffixe 'b',,,hors perimetre (volet 2)
2_annees_references,e8798f2d51f74a519e8b5c7a55d7c8f6,Bier 2021c — Blocksize War Ch.8 Hong Kong Roundtable,AcademicWork|Reference,year,2021,non,,non,,non,aucune,,"l.134 — BIER Jonathan, 2021c, « The Blocksize War – Chapter 8 – Hong Kong Roundtable » dans The Blocksize War: The battle over who controls Bitcoin’s protocol rules, s.l., s.é., 227 p..",2021,accord,non,,apparié par patronyme+année+suffixe 'c',,,hors perimetre (volet 2)
2_annees_references,7bfdc2d35c024d118b936ae6b45dc973,Bier 2021d,AcademicWork|Reference,year,2021,non,,non,,non,aucune,,"l.136 — BIER Jonathan, 2021d, « The Blocksize War – Chapter 2 – March To War » dans The Blocksize War: The battle over who controls Bitcoin’s protocol rules, s.l., s.é., 227 p.",2021,accord,non,,apparié par patronyme+année+suffixe 'd',,,hors perimetre (volet 2)
2_annees_references,7ee2037b78e14507b44f8caa68251619,Bier 2021e — Blocksize War Ch.4 Scaling II Hong Kong,AcademicWork|Reference,year,2021,non,,non,,non,aucune,,"l.138 — BIER Jonathan, 2021e, « The Blocksize War – Chapter 4 – Scaling II – Hong Kong » dans The Blocksize War: The battle over who controls Bitcoin’s protocol rules, s.l., s.é., 227 p.",2021,accord,non,,apparié par patronyme+année+suffixe 'e',,,hors perimetre (volet 2)
2_annees_references,e9b77ef3c0cc4f659881702b3bd36bac,Bier 2021f — Blocksize War Ch.18 New York Agreement,AcademicWork|Reference,year,2021,non,,non,,non,aucune,,"l.140 — BIER Jonathan, 2021f, « The Blocksize War – Chapter 18 – New York Agreement » dans The Blocksize War: The battle over who controls Bitcoin’s protocol rules, s.l., s.é., 227 p.",2021,accord,non,,apparié par patronyme+année+suffixe 'f',,,hors perimetre (volet 2)
2_annees_references,5aab53cf651f4bf2a4910c8841673b02,Binance 2017 — Whitepaper Binance Token,Reference,year,2017,non,,non,,non,aucune,,,,entree_bibliographique_introuvable,non,,"aucune entrée du MD ne porte un des patronymes candidats (BINANCE) ; non-résolution, pas preuve d'erreur ; une Reference sans entrée au MD peut simplement n'avoir pas été convertie du PDF : ce n'est pas un défaut constaté",,,hors perimetre (volet 2)
2_annees_references,3ed56967e0d24141a3fe023d6dfe5a01,BitMEX Research 2018b — Ripple story,GreyLiterature|Reference,year,2018,non,,non,,non,aucune,,"l.172 — BITMEX RESEARCH, 2018b, « The Ripple story », BitMEX Blog, https://blog.bitmex.com/the-ripple- story/ , 6 février 2018, consulté le 24 septembre 2020.",2018,accord,non,,apparié par patronyme+année+suffixe 'b',,,hors perimetre (volet 2)
2_annees_references,308a84881f5646149829a280121952b5,BitMEX Research 2020b,GreyLiterature|Reference,year,2020,non,,non,,non,aucune,,"l.166 — BITMEX RESEARCH, 2020b, « Growth In The Level Of Precision Of Bitcoin Spending », BitMEX Blog, https://blog.bitmex.com/bitcoin -transaction-output-value-precision/ , 27 janvier 2020, consulté le 28 juillet 2020.",2020,accord,non,,apparié par patronyme+année+suffixe 'b',,,hors perimetre (volet 2)
2_annees_references,20c955b4d08b43238954a2ddc14020d6,BitMEXResearch 2022,GreyLiterature|Reference,year,2022,non,,non,,non,aucune,,,,resolution_ambigue,oui,Le nœud « BitMEXResearch 2022 » désigne-t-il bien l'entrée du MD l.? (?) ? oui/non,"7 entrées portent ce patronyme (années 2017,2018,2020), aucune en 2022, et le graphe ne porte pas de titre pour discriminer",,,hors perimetre (volet 2)
2_annees_references,2c773020f5214d0aab99737d494ef2c8,Bitcoin Core 2014 — version 0.9.0 released,IndigenousLiterature|Reference,year,2014,non,,non,,non,aucune,,"l.152 — BITCOIN CORE, 2014, « Bitcoin Core version 0.9.0 released », https://bitcoin.org/en/release/v0.9.0#downgrading-warnings , 19 mars 2014, consulté le 2 juin 2023.",2014,accord,non,,apparié par patronyme+année (entrée unique ; similarité titre 1.00),,,hors perimetre (volet 2)
2_annees_references,3d0cbcef5e434da1adc012942e302113,Bitcoin Core 2018 Rapport divulgation,Reference,year,2018-01-01T00:00:00.000Z,non,,non,,oui,aucune,,"l.148 — BITCOIN CORE, 2018a, « CVE-2018-17144 Full Disclosure », https://bitcoincore.org/en/2018/09/20/notice/, 20 septembre 2018, consulté le 20 septembre 2019.",2018,accord,non,,apparié par patronyme+année+titre (similarité 1.00),,,hors perimetre (volet 2)
2_annees_references,dd3e2896aaa6408a84dded4e2922471e,Bitcoin Core 2018a — CVE-2018-17144 Full Disclosure,IndigenousLiterature|Reference,year,2018,non,,non,,non,aucune,,"l.148 — BITCOIN CORE, 2018a, « CVE-2018-17144 Full Disclosure », https://bitcoincore.org/en/2018/09/20/notice/, 20 septembre 2018, consulté le 20 septembre 2019.",2018,accord,non,,apparié par patronyme+année+suffixe 'a',,,hors perimetre (volet 2)
2_annees_references,a22db16b88124625a0514a2f6ea0545b,Bitcoin Core 2018b — CONTRIBUTING to Bitcoin Core,IndigenousLiterature|Reference,year,2018,non,,non,,non,aucune,,"l.150 — BITCOIN CORE, 2018b, « CONTRIBUTING to Bitcoin Core », https://github.com/chaintope/tapyrus- core/blob/master/CONTRIBUTING.md, 2018, consulté le 24 septembre 2024.",2018,accord,non,,apparié par patronyme+année+suffixe 'b',,,hors perimetre (volet 2)
2_annees_references,2657595f89414142abf89fef823260b5,Bitcoin Foundation 2013 — About,IndigenousLiterature|Reference,year,2013,non,,non,,non,aucune,,,,entree_bibliographique_introuvable,non,,"aucune entrée du MD ne porte un des patronymes candidats (BITCOIN FOUNDATION) ; non-résolution, pas preuve d'erreur ; une Reference sans entrée au MD peut simplement n'avoir pas été convertie du PDF : ce n'est pas un défaut constaté",,,hors perimetre (volet 2)
2_annees_references,bc7f490962eb4ef0a437207bd6b56905,Bitcoin Foundation 2014 — The Foundation's Vision,IndigenousLiterature|Reference,year,2014,non,,non,,non,aucune,,,,entree_bibliographique_introuvable,non,,"aucune entrée du MD ne porte un des patronymes candidats (BITCOIN FOUNDATION) ; non-résolution, pas preuve d'erreur ; une Reference sans entrée au MD peut simplement n'avoir pas été convertie du PDF : ce n'est pas un défaut constaté",,,hors perimetre (volet 2)
2_annees_references,02ecb7bc25414f3391f3c67145607241,Bitmex Research 2017 DAO Hard Fork,Reference,year,2017-01-01T00:00:00.000Z,non,,non,,oui,aucune,,"l.176 — BITMEX RESEARCH, 2017b, « Revisiting “The DAO” », BitMEX Blog , https://blog.bitmex.com/revisiting-the-dao/ , 22 novembre 2017, consulté le 27 mars 2019.",2017,accord,non,,apparié par patronyme+année+titre (similarité 1.00),,,hors perimetre (volet 2)
2_annees_references,67fb1ee45c044b9b8ceb44519f69f122,Bitmex Research 2017a — History Bitcoin Consensus Forks,GreyLiterature|Reference,year,2017,non,,non,,non,aucune,,"l.174 — BITMEX RESEARCH, 2017a, « A complete history of Bitcoin’s consensus Forks », BitMEX Blog , https://blog.bitmex.com/bitcoins-consensus-Forks/ , 28 décembre 2017, consulté le 10 décembre 2019.",2017,accord,non,,apparié par patronyme+année+suffixe 'a',,,hors perimetre (volet 2)
2_annees_references,a42a1798e79d47b7a9e3a02921b24cf7,Bitmex Research 2017b — Revisiting The DAO,GreyLiterature|Reference,year,2017,non,,non,,non,aucune,,"l.176 — BITMEX RESEARCH, 2017b, « Revisiting “The DAO” », BitMEX Blog , https://blog.bitmex.com/revisiting-the-dao/ , 22 novembre 2017, consulté le 27 mars 2019.",2017,accord,non,,apparié par patronyme+année+suffixe 'b',,,hors perimetre (volet 2)
2_annees_references,f6f684376ae1449189b28f097a07fc6f,Bitmex Research 2018 Implementations,Reference,year,2018-01-01T00:00:00.000Z,non,,non,,oui,aucune,,"l.168 — BITMEX RESEARCH, 2018, « Competing with Bitcoin Core », BitMEX Blog , https://blog.bitmex.com/bitcoin-cores-competition/ , 15 octobre 2018, consulté le 17 octobre 2019.",2018,accord,non,,apparié par patronyme+année+titre (similarité 1.00),,,hors perimetre (volet 2)
2_annees_references,c6cda6d8c3b14482b6051e1703c5e756,Blanc & Fare 2013 — Role of Governments Community Currencies,AcademicWork|Reference,year,2013,non,,non,,non,aucune,,"l.192 — BLANC Jérôme et FARE Marie, 2013, « Understanding the Role of Governments and Administrations in the Implementation of Community and Complementary Currencies », Annals of Public and Cooperative Economics, 2013, vol. 84, ",2013,accord,non,,apparié par patronyme+année (entrée unique ; similarité titre 0.79),,,hors perimetre (volet 2)
2_annees_references,923a78235ac1409288edfbcd7a3409a1,Blanc & Fare 2017 — La monnaie éclairages institutionnalistes,AcademicWork|Reference,year,2017,non,,non,,non,aucune,,"l.190 — BLANC Jérôme et FARE Marie, 2017, « La monnaie, éclairages et débats institutionnalistes », Économie et Institutions, 31 décembre 2017, no 26.",2017,accord,non,,apparié par patronyme+année (entrée unique ; similarité titre 1.00),,,hors perimetre (volet 2)
2_annees_references,7094b28621af4595939c08525b718f39,Blanc 1998 Monnaies paralleles,Reference,year,1998-01-01T00:00:00.000Z,non,,non,,non,aucune,,"l.186 — BLANC Jérôme, 1998a, « Les monnaies parallèles. Approches historiques et théoriques », Université Lumière - Lyon II, 1998. French., s.l.",1998,accord,non,,apparié par patronyme+année+titre (similarité 1.00),,,hors perimetre (volet 2)
2_annees_references,a906b88366234d5d97901ee6cb3673d2,Blanc 1998a — Les monnaies parallèles approches historiques,AcademicWork|Reference,year,1998,non,,non,,non,aucune,,"l.186 — BLANC Jérôme, 1998a, « Les monnaies parallèles. Approches historiques et théoriques », Université Lumière - Lyon II, 1998. French., s.l.",1998,accord,non,,apparié par patronyme+année+suffixe 'a',,,hors perimetre (volet 2)
2_annees_references,96bdb9f6cad746f28ff711462c46d8b0,Blanc 1998b — Les monnaies parallèles évaluation,AcademicWork|Reference,year,1998,non,,non,,non,aucune,,"l.188 — BLANC Jérôme, 1998b, « Les monnaies parallèles : évaluation du phénomène et enjeux théoriques », Revue d’économie financière, 1998, AEF, p. 81-102.",1998,accord,non,,apparié par patronyme+année+suffixe 'b',,,hors perimetre (volet 2)
2_annees_references,621555b126f4496c94f5ea08a904603e,Blanc 2008 — Usages de l'argent pratiques monétaires,AcademicWork|Reference,year,2008,non,,non,,non,aucune,,"l.184 — BLANC Jérôme, 2008, « Usages de l’argent et pratiques monétaires », halshs-00278345, 2008, p. 30.",2008,accord,non,,apparié par patronyme+année (entrée unique ; similarité titre 0.99),,,hors perimetre (volet 2)
2_annees_references,38ffe3510ae04ff09cef5676920e4dc5,Blanc 2009 IMF,Reference,year,2009-01-01T00:00:00.000Z,non,,non,,non,aucune,,"l.180 — BLANC Jérôme, 2009a, « Contraintes et choix organisationnels dans les dispositifs de monnaies sociales », Annales de l’économie publique, sociale et cooperative, 2009, 80:4, p. 547‑577.",2009,accord,non,,apparié par patronyme+année+titre (similarité 1.00),,,hors perimetre (volet 2)
2_annees_references,4df197e434614e35879f37a0c40d6679,Blanc 2009a — Monnaies sociales contraintes organisationnelles,AcademicWork|Reference,year,2009,non,,non,,non,aucune,,"l.180 — BLANC Jérôme, 2009a, « Contraintes et choix organisationnels dans les dispositifs de monnaies sociales », Annales de l’économie publique, sociale et cooperative, 2009, 80:4, p. 547‑577.",2009,accord,non,,apparié par patronyme+année+suffixe 'a',,,hors perimetre (volet 2)
2_annees_references,47d023c1e1b343b2b311162d19f9c365,Blanc 2009b — Usages de l'argent (Traité sociologie),AcademicWork|Reference,year,2009,non,,non,,non,aucune,,"l.182 — BLANC Jérôme, 2009b, « Usages de l’argent et pratiques monétaire » dans Presses Universitaires de France (ed.), Traité de sociologie économique (sous la direction de P. Steiner et F. Vatin), Quadrige., Paris, p. 649‑688.",2009,accord,non,,apparié par patronyme+année+suffixe 'b',,,hors perimetre (volet 2)
2_annees_references,56dc412f484748a8a5dab8f7a0bfa9c8,Bohme et al 2015 Bitcoin Economics,Reference,year,2015-01-01T00:00:00.000Z,non,,non,,non,aucune,,"l.194 — BÖHME Rainer, CHRISTIN Nicolas, EDELMAN Benjamin et MOORE Tyler, 2015, « Bitcoin: Economics, Technology, and Governance », Journal of Economic Perspectives, 2015, vol. 29, no 2, p. 213‑238.",2015,accord,non,,apparié par patronyme+année (entrée unique ; similarité titre 1.00),,,hors perimetre (volet 2)
2_annees_references,b1e56c595625472bbd61740c7549cb4d,Bollier 2007 — The Growth of the Commons Paradigm,AcademicWork|Reference,year,2007,non,,non,,non,aucune,,"l.198 — BOLLIER David, 2007, « The Growth of the Commons Paradigm » dans Understanding knowledge as a commons: From theory to practice, s.l.",2007,accord,non,,apparié par patronyme+année (entrée unique ; similarité titre 1.00),,,hors perimetre (volet 2)
2_annees_references,762e6813527d4880b74075d23740679a,Bonneau et al. 2015,AcademicWork|Reference,year,2015,non,,non,,non,aucune,,"l.200 — BONNEAU Joseph, MILLER Andrew, CLARK Jeremy, NARAYANAN Arvind, KROLL Joshua A, FELTEN Edward W et FOUNDATION Electronic Frontier, 2015, « SoK : Research Perspectives and Challenges for Bitcoin and Cryptocurrencies », s.l",2015,accord,non,,apparié par patronyme+année (entrée unique pour ce couple),,,hors perimetre (volet 2)
2_annees_references,85ea3fbf6756411088682089319f9a25,Bonneau et al. 2015 — SoK Bitcoin Cryptocurrencies,AcademicWork|Reference,year,2015,non,,non,,non,aucune,,"l.200 — BONNEAU Joseph, MILLER Andrew, CLARK Jeremy, NARAYANAN Arvind, KROLL Joshua A, FELTEN Edward W et FOUNDATION Electronic Frontier, 2015, « SoK : Research Perspectives and Challenges for Bitcoin and Cryptocurrencies », s.l",2015,accord,non,,apparié par patronyme+année (entrée unique ; similarité titre 1.00),,,hors perimetre (volet 2)
2_annees_references,9ec05e6390f2465c96df8c0dcff5d1d0,Bounie & Lavoisier 2003 — La monnaie électronique,AcademicWork|Reference,year,2003,non,,non,,non,aucune,,"l.204 — BOUNIE David et LAVOISIER Soriano, 2003, La monnaie électronique, Ed. Lavoisier, n°1/2003, vol. 4.",2003,accord,non,,apparié par patronyme+année (entrée unique pour ce couple),,,hors perimetre (volet 2)
2_annees_references,e842404ac62041138262f6fb317485f8,Bounie 2001 — Incidences bancaires paiement électronique,AcademicWork|Reference,year,2001,non,,non,,non,aucune,,"l.202 — BOUNIE David, 2001, « Quelques incidences bancaires et monétaires des systèmes de paiement électronique », Revue économique, 2001, vol. 52, no 7, p. 313.",2001,accord,non,,apparié par patronyme+année (entrée unique ; similarité titre 1.00),,,hors perimetre (volet 2)
2_annees_references,1fd79ed6648e43538068fa4540bc12b7,Bowker 1996 Infrastructure Inversion,Reference,year,1996-01-01T00:00:00.000Z,non,,non,,non,aucune,,"l.206 — BOWKER Geoffrey C, 1996, « The history of information infrastructures: The case of the international classification of diseases », Information Processing & Management, janvier 1996, vol. 32, no 1, p. 49‑61.",1996,accord,non,,apparié par patronyme+année (entrée unique ; similarité titre 1.00),,,hors perimetre (volet 2)
2_annees_references,f420ad44b02844fa853e4035b9ad224e,Bowker 1996 — History of Information Infrastructures,AcademicWork|Reference,year,1996,non,,non,,non,aucune,,"l.206 — BOWKER Geoffrey C, 1996, « The history of information infrastructures: The case of the international classification of diseases », Information Processing & Management, janvier 1996, vol. 32, no 1, p. 49‑61.",1996,accord,non,,apparié par patronyme+année (entrée unique ; similarité titre 1.00),,,hors perimetre (volet 2)
2_annees_references,6a5e27f616b143dbb797376acca129cf,Bradbury 2013,GreyLiterature|Reference,year,2013,non,,non,,non,aucune,,"CANDIDAT NON CONFIRMÉ — l.210 — BRADBURY Danny, 2014, « Bitcoin Transaction Fees To Be Slashed Tenfold », https://www.coindesk.com/markets/2014/02/28/bitcoin-transaction-fees-to-be-slashed-tenfold/, 28 février 2014, consulté le 8 novembre 2021.",2014,resolution_ambigue,oui,Le nœud « Bradbury 2013 » désigne-t-il bien l'entrée du MD l.210 (2014) ? oui/non,"une seule entrée au MD pour ce patronyme, en 2014 ; le graphe ne porte pas de titre, l'identité de l'œuvre n'est donc pas établie : impossible de trancher entre une année erronée et une œuvre absente de la bibliographie",,,hors perimetre (volet 2)
2_annees_references,13392028e0914028989b1b58efe04c03,Bradbury 2014,GreyLiterature|Reference,year,2014,non,,non,,non,aucune,,"l.210 — BRADBURY Danny, 2014, « Bitcoin Transaction Fees To Be Slashed Tenfold », https://www.coindesk.com/markets/2014/02/28/bitcoin-transaction-fees-to-be-slashed-tenfold/, 28 février 2014, consulté le 8 novembre 2021.",2014,accord,non,,apparié par patronyme+année (entrée unique pour ce couple),,,hors perimetre (volet 2)
2_annees_references,d672ddb50e8346f8be770f2fe60dbf46,Breed 2020,GreyLiterature|Reference,year,2020,non,,non,,non,aucune,,"l.212 — BREED Cathy, 2020, « Why Work in Blockchain? — Journey from C++ to Rust Developer », https://medium.com/centrality/why-work-in-blockchain-journey-from-c-to-rust-developer-eddbc9ccdc3d, 22 novembre 2020, consulté le 13 oc",2020,accord,non,,apparié par patronyme+année (entrée unique pour ce couple),,,hors perimetre (volet 2)
2_annees_references,0e96ccb67e8e4b5ba0f2c9af8d3276bd,Brokaw 2014,GreyLiterature|Reference,year,2014,non,,non,,non,aucune,,"l.218 — BROKAW Alex, 2014, « The People Who Burn Bitcoins », Editor’s Pick, Minyanville’s Wall Street, https://web.archive.org/web/20140429075927/http://www.minyanville.com/business-news/editors- pick/articles/The-People-Who-Bur",2014,accord,non,,apparié par patronyme+année (entrée unique pour ce couple),,,hors perimetre (volet 2)
2_annees_references,12c586ca60d94526a01963a1252861cf,Buterin 2013 Ethereum Whitepaper,Reference,year,2013,non,,non,,oui,aucune,,"l.262 — BUTERIN Vitalik, 2013a, « Ethereum: The Ultimate Smart Contract and Decentralized Application Platform », http://web.archive.org/web/20131228111141/http://vbuterin.com/ethereum.html , 28 décembre 2013, consulté le 6 octo",2013,accord,non,,apparié par patronyme+année+titre (similarité 1.00),,,hors perimetre (volet 2)
2_annees_references,7be95456e6fd4fee9f0595e3aff2bf25,Buterin 2013a,GreyLiterature|Reference,year,2013,non,,non,,non,aucune,,"l.262 — BUTERIN Vitalik, 2013a, « Ethereum: The Ultimate Smart Contract and Decentralized Application Platform », http://web.archive.org/web/20131228111141/http://vbuterin.com/ethereum.html , 28 décembre 2013, consulté le 6 octo",2013,accord,non,,apparié par patronyme+année+suffixe 'a',,,hors perimetre (volet 2)
2_annees_references,876698e2a15d4e6da5912cb1c391e08b,Buterin 2013b,GreyLiterature|Reference,year,2013,non,,non,,non,aucune,,"l.264 — BUTERIN Vitalik, 2013b, « Mastercoin: A Second-Generation Protocol on the Bitcoin Blockchain », https://bitcoinmagazine.com/technical/mastercoin-a-second-generation-protocol-on-the-bitcoin-blockchain- 1383603310 , 4 nove",2013,accord,non,,apparié par patronyme+année+suffixe 'b',,,hors perimetre (volet 2)
2_annees_references,31a81419d5414f378aa59f43eb4e2bc9,Buterin 2013c,GreyLiterature|Reference,year,2013,non,,non,,non,aucune,,"l.266 — BUTERIN Vitalik, 2013c, « The Bitcoin Gambling Diaspora », https://bitcoinmagazine.com/articles/the-bitcoin-gambling-diaspora-1375548799 , 3 août 2013, consulté le 5 août 2020.",2013,accord,non,,apparié par patronyme+année+suffixe 'c',,,hors perimetre (volet 2)
2_annees_references,3ceaf75ad5dc44f8baa0813b954cb5eb,Buterin 2013e,GreyLiterature|Reference,year,2013,non,,non,,non,aucune,,"l.270 — BUTERIN Vitalik, 2013e, « Dagger: A Memory-Hard to Compute, Memory -Easy to Verify Scrypt Alternative », http://www.hashcash.org/papers/dagger.html, consulté le 10 septembre 2020.",2013,accord,non,,apparié par patronyme+année+suffixe 'e',,,hors perimetre (volet 2)
2_annees_references,c0f588f7fb3747ea9c964a94661d0027,Buterin 2017,GreyLiterature|Reference,year,2017,non,,non,,non,aucune,,"l.224 — BUTERIN Vitalik, 2017a, « The very earliest versions of ETH protocol were a counterparty -style metacoin on top of primecoin. Not Bitcoin because the OP_RETURN wars were happening at the time », https://twitter.com/Vital",2017,accord,non,,année corroborée par 4 entrées du même patronyme ; l'entrée précise n'est pas discriminée,,,hors perimetre (volet 2)
2_annees_references,5c2cf7a5479d42bcaa2a9e3ee326ddf4,Böhme et al. 2015 — Bitcoin Economics Technology Governance,AcademicWork|Reference,year,2015,non,,non,,non,aucune,,"l.194 — BÖHME Rainer, CHRISTIN Nicolas, EDELMAN Benjamin et MOORE Tyler, 2015, « Bitcoin: Economics, Technology, and Governance », Journal of Economic Perspectives, 2015, vol. 29, no 2, p. 213‑238.",2015,accord,non,,apparié par patronyme+année (entrée unique ; similarité titre 1.00),,,hors perimetre (volet 2)
2_annees_references,030117094d7c40deb5dea2f95e04c203,Böhme et al. 2020 — Responsible vulnerability disclosure,AcademicWork|Reference,year,2020,non,,non,,non,aucune,,"l.196 — BÖHME Rainer, ECKEY Lisa, MOORE Tyler, NARULA Neha, RUFFING Tim et ZOHAR Aviv, 2020, « Responsible vulnerability disclosure in cryptocurrencies », Communications of the ACM , 23 septembre 2020, vol. 63, no 10, p. 62‑71.",2020,accord,non,,apparié par patronyme+année (entrée unique ; similarité titre 1.00),,,hors perimetre (volet 2)
2_annees_references,64d68c3185654a3aa4477aaa46065146,Callon 1986 Traduction,Reference,year,1986-01-01T00:00:00.000Z,non,,non,,non,aucune,,"l.276 — CALLON Michel, 1986, « Éléments pour une sociologie de la traduction : La domestication des coquilles Saint-Jacques et des marins-pêcheurs dans la baie de Saint-Brieuc », L’année sociologique, 1986, vol. 36, p. 41.",1986,accord,non,,apparié par patronyme+année (entrée unique ; similarité titre 0.78),,,hors perimetre (volet 2)
2_annees_references,6ed9d8a5bb4c4cf98d75874169ddaf31,Callon 2006 Controverses,Reference,year,2006-01-01T00:00:00.000Z,non,,non,,non,aucune,,"l.274 — CALLON Michel, 2006, « Pour une sociologie des controverses technologiques » dans Madeleine Akrich, Michel Callon et Bruno Latour (dir.), Sociologie de la traduction, s.l., Presses des Mines, p. 135‑157.",2006,accord,non,,apparié par patronyme+année (entrée unique ; similarité titre 1.00),,,hors perimetre (volet 2)
2_annees_references,6764629f79164965926d3b12df278d39,Carney 2019 — Growing Challenges for Monetary Policy,GreyLiterature|Reference,year,2019,non,,non,,non,aucune,,"l.280 — CARNEY Mark, 2019, « The Growing Challenges for Monetary Policy in the current International Monetary and Financial System », discours donné par Mark Carney , Governor de la Bank of England , Jackson Hole Symposium 2019,",2019,accord,non,,apparié par patronyme+année (entrée unique ; similarité titre 1.00),,,hors perimetre (volet 2)
2_annees_references,a881071200dc48c19fdc5d3af054a7d5,Cartelier 1996 La monnaie,Reference,year,1996-01-01T00:00:00.000Z,non,,non,,non,aucune,,"l.288 — CARTELIER Jean, 1996, La monnaie, Dominos. Flammarion, Paris, 125 p.",1996,accord,non,,apparié par patronyme+année (entrée unique pour ce couple),,,hors perimetre (volet 2)
2_annees_references,2165a0e1e59e479098a71d3b4213a0ae,Cartelier 1996 — La monnaie,AcademicWork|Reference,year,1996,non,,non,,non,aucune,,"l.288 — CARTELIER Jean, 1996, La monnaie, Dominos. Flammarion, Paris, 125 p.",1996,accord,non,,apparié par patronyme+année (entrée unique pour ce couple),,,hors perimetre (volet 2)
2_annees_references,0abc7476946d4dbdbd9d4bca209cc889,Cartelier 2001 — Monnaie et marché,AcademicWork|Reference,year,2001,non,,non,,non,aucune,,"l.286 — CARTELIER Jean, 2001, « Monnaie et marché: Un point de vue critique sur les modèles de prospection », Revue Économique, vol. 52, n° 5, sept. 2001, p. 993‑1011.",2001,accord,non,,apparié par patronyme+année (entrée unique ; similarité titre 0.73),,,hors perimetre (volet 2)
2_annees_references,735ad05fd0654bbaa9eca5d65cd118e1,Cartelier 2002 — Monnaie ou don,AcademicWork|Reference,year,2002,non,,non,,non,aucune,,"l.284 — CARTELIER Jean, 2002, « Monnaie ou don : réflexions sur le mythe économique de la monnaie », Journal des anthropologues, vol. 90-91, p. 335-374.",2002,accord,non,,apparié par patronyme+année (entrée unique ; similarité titre 1.00),,,hors perimetre (volet 2)
2_annees_references,81049b3899914142a40dd283772766c4,Castillo 2013,GreyLiterature|Reference,year,2013,non,,non,,non,aucune,,"l.296 — CASTILLO Michael del, 2013, « Dark Wallet: A Radical Way to Bitcoin », https://www.newyorker.com/business/currency/dark-wallet-a-radical-way-to-bitcoin, 24 septembre 2013, consulté le 4 août 2020.",2013,accord,non,,apparié par patronyme+année (entrée unique pour ce couple),,,hors perimetre (volet 2)
2_annees_references,3219f8784d754aedb612e5bec517a2aa,Cefai 2009 — Codifier l'engagement ethnographique,AcademicWork|Reference,year,2009,non,,non,,non,aucune,,"l.300 — CEFAI Daniel, 2009, « Codifier l’engagement ethnographique ? », L’Engagement ethnographique , Paris, Éditions des Hautes Études en Sciences Sociales, 2009, p. 1‑27.",2009,accord,non,,apparié par patronyme+année (entrée unique ; similarité titre 1.00),,,hors perimetre (volet 2)
2_annees_references,0e225413a3db45f3934676e31efc9798,Chainalysis Team 2019,GreyLiterature|Reference,year,2019,non,,non,,non,aucune,,"l.304 — CHAINALYSIS TEAM, 2019, « Chainalysis Crypto Crime Report (2019) », https://go.chainalysis.com/rs/503-FAP- 074/images/2019%20Chainalysis%20Crypto%20Crime%20Report.pdf, janvier 2019, consulté le 21 août 2020.",2019,accord,non,,apparié par patronyme+année (entrée unique pour ce couple),,,hors perimetre (volet 2)
2_annees_references,2e155d6cc3874a62b20de72700e34b27,Chainalysis Team 2019 — Crypto Crime Report,Reference,year,2019,non,,non,,non,aucune,,"l.304 — CHAINALYSIS TEAM, 2019, « Chainalysis Crypto Crime Report (2019) », https://go.chainalysis.com/rs/503-FAP- 074/images/2019%20Chainalysis%20Crypto%20Crime%20Report.pdf, janvier 2019, consulté le 21 août 2020.",2019,accord,non,,apparié par patronyme+année (entrée unique pour ce couple),,,hors perimetre (volet 2)
2_annees_references,42b5d61f8b814235ab41901c076635f7,Champagne 2014 Book of Satoshi,Reference,year,2014,non,,non,,non,aucune,quote supports[inverse]→d8b3649c745841a297f1d55f5eeee714 (Quote — Nakamoto : tous types de transactions (Champagne 2014 p.159-16)|source of→2f3052182833490ea3a04a5fabf65df9 (Quote — Nakamoto : fermes de serveurs spécialisées (Champagne 2014 p.3)|source of→4510632442f34a1c8ad6f3fe0f17ad05 (Nakamoto 2008 Bitcoin WP)|source of→a446bbdc6ce344cfaedfbd5a5915a735 (Quote — Nakamoto : vérifier paiements sans nœud complet (2008 WP p.5))|source of→b965c10b863441a7abd8dd4238f2520a (Quote — Nakamoto : faire confiance à un nœud tiers (Champagne 2014 p.1),"l.308 — CHAMPAGNE Phil, 2014, The Book Of Satoshi - The Collected Writings of Bitcoin Creator Satoshi Nakamoto, s.l., e53 Publishing LLC.",2014,accord,non,,apparié par patronyme+année (entrée unique pour ce couple),,,hors perimetre (volet 2)
2_annees_references,d33481e85d3243a08cabfe2cddeedff2,Chanteau & Labrousse 2013 — Institutionnalisme méthodologique Ostrom,AcademicWork|Reference,year,2013,non,,non,,non,aucune,,"l.310 — CHANTEAU Jean-Pierre et LABROUSSE Agnès, 2013, « L’institutionnalisme méthodologique d’Elinor Ostrom : quelques enjeux et controverses », Revue de la régulation, 12 décembre 2013, no 14.",2013,accord,non,,apparié par patronyme+année (entrée unique ; similarité titre 1.00),,,hors perimetre (volet 2)
2_annees_references,6c31f72f6f6d4fca9f9512a7d66b7551,Charli Lee 2011,Reference,year,2011,non,,non,,non,aucune,,"l.736 — LEE Charli, 2011, « Lite Coin White Paper », 7 octobre 2011, 6 p.",2011,accord,non,,apparié par patronyme+année (entrée unique pour ce couple),,,hors perimetre (volet 2)
2_annees_references,8640b516c787428b9dd87ac173176e3e,Chaum 1982 — Blind Signatures for Untraceable Payments,AcademicWork|Reference,year,1982,non,,non,,non,aucune,,"l.320 — CHAUM David, 1982, « Blind Signatures for Untraceable Payments », Crypto, 1982, vol. 82, p. 199‑203.",1982,accord,non,,apparié par patronyme+année (entrée unique ; similarité titre 1.00),,,hors perimetre (volet 2)
2_annees_references,67b9428e0daa430aa618c7730274fb66,Chaum 1985 — Security without Identification,AcademicWork|Reference,year,1985,non,,non,,non,aucune,,"l.318 — CHAUM David, 1985, « Security without Identification Card Computers to make Big Brother Obsolete », Communications of the ACM, vol 28, n° 10, p. 1030-1044.",1985,accord,non,,apparié par patronyme+année (entrée unique ; similarité titre 1.00),,,hors perimetre (volet 2)
2_annees_references,d2c006f8f528491b9c3fb64f996fa607,Chaum 1994 — World's first electronic cash payment,IndigenousLiterature|Reference,year,1994,non,,non,,non,aucune,,"l.316 — CHAUM David, 1994, « 05-27-94 - World_s first electronic cash payment over computer networks », https://www.chaum.com/ecash/articles/1994/05-27-94%20- %20World_s%20first%20electronic%20cash%20payment%20over%20computer%20",1994,accord,non,,apparié par patronyme+année (entrée unique ; similarité titre 0.93),,,hors perimetre (volet 2)
2_annees_references,0eb3e354c767442f9cfad6071a35af03,Chaum 1996 — DigiCash eCash Deutsche Bank,IndigenousLiterature|Reference,year,1996,non,,non,,non,aucune,,"l.314 — CHAUM David, 1996, « 05-07-96 – DigiCash_s Ecash TM to be Issued by Deutsche Bank », https://www.chaum.com/ecash/articles/1996/05-07-96%20- %20DigiCash_s%20Ecash%E2%84%A2%20to%20be%20Issued%20by%20Deutsche%20Bank.pdf, 7 ",1996,accord,non,,apparié par patronyme+année (entrée unique ; similarité titre 0.91),,,hors perimetre (volet 2)
2_annees_references,72ad349cc28c4760a46521d685fca284,Chen 2011,GreyLiterature|Reference,year,2011,non,,non,,non,aucune,,"l.324 — CHEN Adrian, 2011, « The Underground Website Where You Can Buy Any Drug Imaginable », http://gawker.com/the-underground-website-where-you-can-buy-any-drug-imag-30818160, 6 janvier 2011, consulté le 30 juillet 2020.",2011,accord,non,,apparié par patronyme+année (entrée unique pour ce couple),,,hors perimetre (volet 2)
2_annees_references,9e5fedf5dc2947db899b6bf622c16db9,Christin 2013 — Traveling the Silk Road,AcademicWork|Reference,year,2013,non,,non,,non,aucune,,"l.330 — CHRISTIN Nicolas, 2013, « Traveling the silk road: a measurement analysis of a large anonymous online marketplace », Rio de Janeiro Brazil, ACM.",2013,accord,non,,apparié par patronyme+année (entrée unique ; similarité titre 0.70),,,hors perimetre (volet 2)
2_annees_references,b8686137916e4a11b1655e3edc8d85ee,Cohen 1998 — The Geography of Money,AcademicWork|Reference,year,1998,non,,non,,non,aucune,,"l.338 — COHEN Benjamin J., 1998, The Geography of Money, Ithaca, Cornell University Press, 229 p.",1998,accord,non,,apparié par patronyme+année (entrée unique pour ce couple),,,hors perimetre (volet 2)
2_annees_references,411ff4df32994128bb93fc522fa8c2b2,Cohen 2002 — Monnaie électronique aube trompeuse,AcademicWork|Reference,year,2002,non,,non,,non,aucune,,"l.336 — COHEN Benjamin J., 2002, « Monnaie électronique : un jour nouveau ou une aube trompeuse  ? », L’Économie politique, 2002, vol. 14, no 2, p. 67.",2002,accord,non,,apparié par patronyme+année (entrée unique ; similarité titre 1.00),,,hors perimetre (volet 2)
2_annees_references,dce21d76b18f43509017a322d58f386a,Coldewey 2014,GreyLiterature|Reference,year,2014,non,,non,,non,aucune,,"l.340 — COLDEWEY David, 2014, « Dogecoin cryptocurrency donors help send Indian athletes to Sochi », http://www.nbcnews.com/tech/tech-news/dogecoin-cryptocurrency-donors-help-send-indian-athletes- sochi-flna2D12024654, 30 janvie",2014,accord,non,,apparié par patronyme+année (entrée unique pour ce couple),,,hors perimetre (volet 2)
2_annees_references,74290febdb754d19aeee686c1a9a1b95,Coriat & Broca 2015 — Le logiciel libre et les communs,AcademicWork|Reference,year,2015,non,,non,,non,aucune,,"l.350 — CORIAT Benjamin et BROCA Sébastien, 2015, « Le logiciel libre et les communs », Revue internationale de droit économique, 2015, XXIX, no 3, p. 265‑284.",2015,accord,non,,apparié par patronyme+année (entrée unique ; similarité titre 1.00),,,hors perimetre (volet 2)
2_annees_references,5abc57fb86bd4d16a10651f8520e7795,Coriat 2010 — Crise idéologie propriétaire retour des communs,AcademicWork|Reference,year,2010,non,,non,,non,aucune,,"l.348 — CORIAT Benjamin, 2010, « La crise de l’idéologie propriétaire et le retour des communs », Contretemps, 27 mai 2010, p. 13.",2010,accord,non,,apparié par patronyme+année (entrée unique ; similarité titre 1.00),,,hors perimetre (volet 2)
2_annees_references,11a4ed5ee90b44818d99cc9061389ebf,Couppey-Soubeyran 2021,Reference,year,2021-01-01T00:00:00.000Z,non,,non,,non,aucune,,"l.354 — COUPPEY-SOUBEYRAN Jézabel, 2021, « La monnaie légale est -elle le bien public qu’elle prétend être ? » , Le Monde, 4 déc. 2021.",2021,accord,non,,apparié par patronyme+année (entrée unique ; similarité titre 1.00),,,hors perimetre (volet 2)
2_annees_references,ce26299c018d4676a5d00a91188d5d47,Croman et al. 2016,AcademicWork|Reference,year,2016,non,,non,,non,aucune,authored[inverse]→03fd59f205f24666968722d5b4e1bab9 (Kyle Croman)|mentions actor→03fd59f205f24666968722d5b4e1bab9 (Kyle Croman),,,entree_bibliographique_introuvable,non,,"aucune entrée du MD ne porte un des patronymes candidats (CROMAN, AL., ET, AL) ; non-résolution, pas preuve d'erreur ; une Reference sans entrée au MD peut simplement n'avoir pas été convertie du PDF : ce n'est pas un défaut constaté",,,hors perimetre (volet 2)
2_annees_references,05ad44df186a4cfabf1d29fbba4f8233,Cuny 2013,GreyLiterature|Reference,year,2013,non,,non,,non,aucune,,,,entree_bibliographique_introuvable,non,,"aucune entrée du MD ne porte un des patronymes candidats (CUNY) ; non-résolution, pas preuve d'erreur ; une Reference sans entrée au MD peut simplement n'avoir pas été convertie du PDF : ce n'est pas un défaut constaté",,,hors perimetre (volet 2)
2_annees_references,9e885649ad6e4b53bdd7ec9161236f2d,Daian 2016 — Analysis of the DAO exploit,IndigenousLiterature|Reference,year,2016,non,,non,,non,aucune,,"l.374 — DAIAN Phil, 2016, « Analysis of the DAO exploit », http://hackingdistributed.com/2016/06/18/analysis-of-the-dao-exploit/, 18 juin 2016 , consulté le 21 juin 2016.",2016,accord,non,,apparié par patronyme+année (entrée unique ; similarité titre 1.00),,,hors perimetre (volet 2)
2_annees_references,05338358f9d7485dbef4110be604c4f8,Danezis et Meiklejohn 2015,AcademicWork|Reference,year,2015,non,,non,,non,aucune,source of→a9881e8b5f8b4724ba5e48a205081413 (Ali et al 2013 BoE Digital Currencies),,,entree_bibliographique_introuvable,non,,"patronyme(s) MEIKLEJOHN présent(s) au MD uniquement en position de co-auteur (l.110) — aucune entrée n'a ce patronyme en tête ; non-résolution, pas preuve d'erreur ; une Reference sans entrée au MD peut simplement n'avoir pas été convertie du PDF : ce n'est pas un défaut constaté",,,hors perimetre (volet 2)
2_annees_references,008659c674db4c8b91a0e6372fbf684f,Dashjr 2014a,IndigenousLiterature|Reference,year,2014,non,,non,,non,aucune,source of→b9120b79d88747ca9b2bc99f19bbf8db (Quote — Dashjr : 'mineurs doivent filtrer les abus'),"l.380 — DASHJR Luke, 2014a, « \[ANN\]\[XCP\] Counterparty - Pioneering Peer -to-Peer Finance - Official Thread 1/2 », https://bitcointalk.org/index.php?topic=395761.msg5816503#msg5816503, 21 mars 2014, consulté le 5 juin 2023.",2014,accord,non,,apparié par patronyme+année+suffixe 'a',,,hors perimetre (volet 2)
2_annees_references,9c099cc93b3f4241930669bf1a939b2b,Dashjr 2014b,IndigenousLiterature|Reference,year,2014,non,,non,,non,aucune,,"l.382 — DASHJR Luke, 2014b, « \[ANN\]\[XCP\] Counterparty - Pioneering Peer -to-Peer Finance - Official Thread », https://bitcointalk.org/index.php?topic=395761.msg5817170#msg5817170, 21 mars 2014, consulté le 5 juin 2023.",2014,accord,non,,apparié par patronyme+année+suffixe 'b',,,hors perimetre (volet 2)
2_annees_references,45c4a10053e84274966342ca3ecb5f12,Dashjr 2019 CVE History,Reference,year,2019-01-01T00:00:00.000Z,non,,non,,oui,aucune,,"l.378 — DASHJR Luke, 2019, « CVE-2018–20587 Advisory and Full Disclosure (Bitcoin Core & Knots, on multiuser systems) », https://medium.com/@lukedashjr/cve-2018-20587-advisory-and-full-disclosure- a3105551e78b, 8 février 2019, c",2019,accord,non,,apparié par patronyme+année (entrée unique ; similarité titre 0.68),,,hors perimetre (volet 2)
2_annees_references,713a81a48e5143068ff221c6eec9c138,Dashjr 2019 — CVE-2018-20587 Advisory,IndigenousLiterature|Reference,year,2019,non,,non,,non,aucune,,"l.378 — DASHJR Luke, 2019, « CVE-2018–20587 Advisory and Full Disclosure (Bitcoin Core & Knots, on multiuser systems) », https://medium.com/@lukedashjr/cve-2018-20587-advisory-and-full-disclosure- a3105551e78b, 8 février 2019, c",2019,accord,non,,apparié par patronyme+année (entrée unique ; similarité titre 0.68),,,hors perimetre (volet 2)
2_annees_references,be56089c62d34df08bd15f366454ab9e,David Gilbert 2014,GreyLiterature|Reference,year,2014,non,,non,,non,aucune,,"l.520 — GILBERT David, 2014, « \’Most Valuable Tweet in History\’ Donates $11,000 Worth of Dogecoin to Kenyan Water Charity », https://www.ibtimes.co.uk/most-valuable-tweet-history-donates-11000-worth- dogecoin-kenyan-water-char",2014,accord,non,,apparié par patronyme+année (entrée unique pour ce couple),,,hors perimetre (volet 2)
2_annees_references,ceabad5e9c0e4c36b74925272eff2df7,De Filippi & Loveluck 2016 — Invisible politics of Bitcoin,AcademicWork|Reference,year,2016,non,,non,,non,aucune,,"l.386 — DE FILIPPI Primavera et LOVELUCK Benjamin, 2016, « The invisible politics of Bitcoin: governance crisis of a decentralised infrastructure », Internet Policy Review, 2016, vol. 5, no 3, p. 1‑28.",2016,accord,non,,apparié par patronyme+année (entrée unique ; similarité titre 1.00),,,hors perimetre (volet 2)
2_annees_references,e0b40d91bb424defaa9acf37536f339e,DeNardis & Musiani 2014 — Governance by Infrastructure,AcademicWork|Reference,year,2014,non,,non,,non,aucune,,"l.394 — DENARDIS Laura et MUSIANI Francesca, 2014, « Governance by Infrastructure: Introduction, “The Turn to Infrastructure in Internet Governance” » dans The turn to Infrastructure in Internet Governance , Macmillian Palgrave.",2014,accord,non,,apparié par patronyme+année (entrée unique ; similarité titre 0.47),,,hors perimetre (volet 2)
2_annees_references,2272e5b8d44449d29f7429c2f59b5615,DeNardis et Musiani 2014,AcademicWork|Reference,year,2014,non,,non,,non,aucune,authored[inverse]→5fc4278b78704f6c92c3744e2654518a (Laura DeNardis)|mentions actor→5fc4278b78704f6c92c3744e2654518a (Laura DeNardis),"l.394 — DENARDIS Laura et MUSIANI Francesca, 2014, « Governance by Infrastructure: Introduction, “The Turn to Infrastructure in Internet Governance” » dans The turn to Infrastructure in Internet Governance , Macmillian Palgrave.",2014,accord,non,,apparié par patronyme+année (entrée unique pour ce couple),,,hors perimetre (volet 2)
2_annees_references,963424abd41040d7ae850eb7a3b43996,Dermody 2014,Reference,year,2014,non,,non,,non,aucune,,"l.402 — DERMODY, 2014, « Counterparty: Enabling Decentralization with Insight - Bitcore Blog », https://web.archive.org/web/20140428153357/https://bitcore.io/blog/articles/counterparty-enabling- decentralization-with-insight/, 2",2014,accord,non,,apparié par patronyme+année (entrée unique pour ce couple),,,hors perimetre (volet 2)
2_annees_references,d80bed080db94483870db5f6fe1ebf88,Desmedt & Lakomski-Laguerre 2015 — Alternative monétaire Bitcoin,AcademicWork|Reference,year,2015,non,,non,,non,aucune,,"l.404 — DESMEDT Ludovic et LAKOMSKI-LAGUERRE Odile, 2015, « L’alternative monétaire Bitcoin : une perspective institutionnaliste », Revue de la régulation, 2015, 18 | 2e se.",2015,accord,non,,apparié par patronyme+année (entrée unique ; similarité titre 1.00),,,hors perimetre (volet 2)
2_annees_references,a03d6533107d41568be5a09f65e91cdf,Dodd 2017 Social Life Bitcoin,Reference,year,2017-01-01T00:00:00.000Z,non,,non,,non,aucune,,"l.408 — DODD Nigel, 2017, « The Social Life of Bitcoin », Theory, Culture & Society, 2017, p. 1‑27.",2017,accord,non,,apparié par patronyme+année (entrée unique ; similarité titre 1.00),,,hors perimetre (volet 2)
2_annees_references,cde365fffc0140b2ae04ed6fd46b22d5,Dodd 2017 — The Social Life of Bitcoin,AcademicWork|Reference,year,2017,non,,non,,non,aucune,,"l.408 — DODD Nigel, 2017, « The Social Life of Bitcoin », Theory, Culture & Society, 2017, p. 1‑27.",2017,accord,non,,apparié par patronyme+année (entrée unique ; similarité titre 1.00),,,hors perimetre (volet 2)
2_annees_references,df31f00b59814e428182ce450f65391d,Doepke & Schneider 2017 Money Fintech,Reference,year,2017-01-01T00:00:00.000Z,non,,non,,non,aucune,,"l.412 — DOEPKE Matthias et SCHNEIDER Martin, 2017, « Money as a Unit of Account », Econometrica, 2017, vol. 85, no 5, p. 1537‑1574.",2017,accord,non,,apparié par patronyme+année (entrée unique ; similarité titre 1.00),,,hors perimetre (volet 2)
2_annees_references,3246bf2cec9e45b18d9799ba6c64c9fe,Dréan 2013,GreyLiterature|Reference,year,2013,non,,non,,non,aucune,authored[inverse]→7cd4cfe4c8d74aaaaeabcd17ebf11b3a (Guillaume Dréan)|mentions actor→7cd4cfe4c8d74aaaaeabcd17ebf11b3a (Guillaume Dréan),"l.414 — DRÉAN Gérard, 2013, « Au-delà de Bitcoin (5) : l’avenir des monnaies et systèmes de paiement », Institut Turgot , https://web.archive.org/web/20130814004002/http://blog.turgot.org/index.php?post/Drean- bitcoin-fin , 14 a",2013,accord,non,,apparié par patronyme+année (entrée unique pour ce couple),,,hors perimetre (volet 2)
2_annees_references,3199c26556b344fd9261cfd10fbb4e12,DuPont 2018 DAO Experiment,Reference,year,2018-01-01T00:00:00.000Z,non,,non,,non,aucune,,"l.428 — DUPONT Quinn, 2018, « 8. Experiments in algorithmic governance: A history and ethnography of “The DAO,” a failed decentralized autonomous organization » dans Campbell-Verduyn (dir.), Bitcoin and Beyond: Cryptocurrencies,",2018,accord,non,,apparié par patronyme+année (entrée unique ; similarité titre 0.75),,,hors perimetre (volet 2)
2_annees_references,e479217680d4438aa57a2bcf32eed463,Duffield 2014,Reference,year,2014,non,,non,,non,aucune,source of→2fe0b8dcf33246298ee8c09f10cd09d1 (Quote — Evan Duffield : 'compris que mon code ne sera jamais ajouté à ),"l.422 — DUFFIELD Evan, 2014, « The Birth Of Darkcoin », https://www.dash.org/forum/threads/the-birth-of- darkcoin.162/ , 29 mars 2014, consulté le 3 septembre 2020.",2014,accord,non,,apparié par patronyme+année (entrée unique pour ce couple),,,hors perimetre (volet 2)
2_annees_references,4137356deade4efa9949582b186af808,Dupont 2018 — DAO Experiments in algorithmic governance,AcademicWork|Reference,year,2018,non,,non,,non,aucune,,"l.428 — DUPONT Quinn, 2018, « 8. Experiments in algorithmic governance: A history and ethnography of “The DAO,” a failed decentralized autonomous organization » dans Campbell-Verduyn (dir.), Bitcoin and Beyond: Cryptocurrencies,",2018,accord,non,,apparié par patronyme+année (entrée unique ; similarité titre 0.75),,,hors perimetre (volet 2)
2_annees_references,38639c7e3bc04be98f694db7680027e8,Dupre Ponsot Servet 2015,Reference,year,2015-01-01T00:00:00.000Z,non,,non,,non,aucune,,"l.430 — DUPRÉ Denis, PONSOT Jean-François et SERVET Jean-Michel, 2015, « Le bitcoin contre la révolution des communs », 5ème congrès de l’Association Française d’Economie Politique (AFEP) « L’économie politique de l’entreprise :",2015,accord,non,,apparié par patronyme+année (entrée unique ; similarité titre 1.00),,,hors perimetre (volet 2)
2_annees_references,1716ed6bcad44771ad22101e932b843f,Dupré Ponsot Servet 2015 — Bitcoin contre la révolution des communs,AcademicWork|Reference,year,2015,non,,non,,non,aucune,,"l.430 — DUPRÉ Denis, PONSOT Jean-François et SERVET Jean-Michel, 2015, « Le bitcoin contre la révolution des communs », 5ème congrès de l’Association Française d’Economie Politique (AFEP) « L’économie politique de l’entreprise :",2015,accord,non,,apparié par patronyme+année (entrée unique ; similarité titre 1.00),,,hors perimetre (volet 2)
2_annees_references,c14637f57d5a423894cbd35856129302,Edwards et al. 2009,Reference,year,2009,non,,non,,non,aucune,,"l.432 — EDWARDS Paul, BOWKER Geoffrey, JACKSON Steven et WILLIAMS Robin, 2009, « Introduction: An Agenda for Infrastructure Studies », Journal of the Association for Information Systems, mai 2009, vol. 10, no 5, p. 364‑374.",2009,accord,non,,apparié par patronyme+année (entrée unique ; similarité titre 1.00),,,hors perimetre (volet 2)
2_annees_references,2c3733bad1fc480ebfc9aff5d72fb6dc,Edwards et al. 2009 — Agenda for Infrastructure Studies,AcademicWork|Reference,year,2009,non,,non,,non,aucune,,"l.432 — EDWARDS Paul, BOWKER Geoffrey, JACKSON Steven et WILLIAMS Robin, 2009, « Introduction: An Agenda for Infrastructure Studies », Journal of the Association for Information Systems, mai 2009, vol. 10, no 5, p. 364‑374.",2009,accord,non,,apparié par patronyme+année (entrée unique ; similarité titre 1.00),,,hors perimetre (volet 2)
2_annees_references,0441f46f712d41489f63260e8f97be85,ElBahrawy et al. 2017,AcademicWork|Reference,year,2017,non,,non,,non,aucune,,"l.436 — ELBAHRAWY Abeer, ALESSANDRETTI Laura, KANDLER Anne, PASTOR-SATORRAS Romualdo et BARONCHELLI Andrea, 2017, « Evolutionary dynamics of the cryptocurrency market », Royal Society Open Science, novembre 2017, vol. 4, no 11, ",2017,accord,non,,apparié par patronyme+année (entrée unique pour ce couple),,,hors perimetre (volet 2)
2_annees_references,144d0cb97ace4d729d080510b48c7c81,Estrada 2014,GreyLiterature|Reference,year,2014,non,,non,,non,aucune,,,,entree_bibliographique_introuvable,non,,"aucune entrée du MD ne porte un des patronymes candidats (ESTRADA) ; non-résolution, pas preuve d'erreur ; une Reference sans entrée au MD peut simplement n'avoir pas été convertie du PDF : ce n'est pas un défaut constaté",,,hors perimetre (volet 2)
2_annees_references,117c1b4f6212439a832bb191383b4a7b,European Central Bank 2012,GreyLiterature|Reference,year,2012,non,,non,,non,aucune,,"l.462 — EUROPEAN CENTRAL BANK, 2012, Virtual Currency Scheme, s.l.",2012,accord,non,,apparié par patronyme+année (entrée unique pour ce couple),,,hors perimetre (volet 2)
2_annees_references,63001807d7ae4b9393a7fc6dee70ee23,Favereau 1997 — L'incomplétude n'est pas le problème,AcademicWork|Reference,year,1997,non,,non,,non,aucune,,"l.470 — FAVEREAU Olivier, 1997, L’incomplétude n’est pas le problème, c’est la solution , Paris, La Découverte.",1997,accord,non,,apparié par patronyme+année (entrée unique pour ce couple),,,hors perimetre (volet 2)
2_annees_references,971db49135bc46b5965e3f719923e6c5,Favereau 2010 — La place du marché,AcademicWork|Reference,year,2010,non,,non,,non,aucune,,"l.468 — FAVEREAU Olivier, 2010, « La place du marché » dans Armand Hatchuel, Olivier Favereau et Franck Aggeri (dir.), L’activité marchande sans le marché ? , Colloque de Cerisy, Presses des Mines., s.l., Presses des Mines (coll",2010,accord,non,,apparié par patronyme+année (entrée unique ; similarité titre 1.00),,,hors perimetre (volet 2)
2_annees_references,e19babe53a3d4f0291ed683b3118e0ef,Favier & Takkal Bataille 2017 — Bitcoin la monnaie acéphale,AcademicWork|Reference,year,2017,non,,non,,non,aucune,,"l.474 — FAVIER Jacques, 2017, « Tulipes », http://blog.lavoiedubitcoin.info/post/Tulipes, 19 septembre 2017.",2017,accord,non,,année corroborée par 2 entrées du même patronyme ; l'entrée précise n'est pas discriminée,,,hors perimetre (volet 2)
2_annees_references,b84f59ace9b6403c88067c46af4c7582,Favier 2017 — Tulipes (blog La voie du Bitcoin),IndigenousLiterature|Reference,year,2017,non,,non,,non,aucune,,"l.474 — FAVIER Jacques, 2017, « Tulipes », http://blog.lavoiedubitcoin.info/post/Tulipes, 19 septembre 2017.",2017,accord,non,,année corroborée par 2 entrées du même patronyme ; l'entrée précise n'est pas discriminée,,,hors perimetre (volet 2)
2_annees_references,573249a6c8904a05bc21c1e970401d21,Fields 2018 — Responsible disclosure cryptocurrencies,IndigenousLiterature|Reference,year,2018,non,,non,,non,aucune,,"l.484 — FIELDS Cory, 2018, « Responsible disclosure in the era of cryptocurrencies », https://medium.com/mit-media-lab-digital-currency-initiative/http-coryfields-com-cash-48a99b85aad4, 9 août 2018, consulté le 25 juillet 2021.",2018,accord,non,,apparié par patronyme+année (entrée unique ; similarité titre 1.00),,,hors perimetre (volet 2)
2_annees_references,007a894f83664b31b7c3a93b10c55296,Finney 2009,IndigenousLiterature|Reference,year,2009,non,,non,,non,aucune,,"l.486 — FINNEY Hal, 2009, « Bitcoin / [bitcoin-list] Crash in bitcoin 0.1.0 ».",2009,accord,non,,apparié par patronyme+année (entrée unique pour ce couple),,,hors perimetre (volet 2)
2_annees_references,195c98aa665046b080bc073a045846e2,FreeCodeCamp 2019,GreyLiterature|Reference,year,2019,non,,non,,non,aucune,,"l.488 — FREECODECAMP, 2019, « The most popular programming languages used in blockchain development », https://www.freecodecamp.org/news/the-most-popular-programming-languages-used-in- blockchain-development-5133a0a207dc/ , 18 j",2019,accord,non,,apparié par patronyme+année (entrée unique pour ce couple),,,hors perimetre (volet 2)
2_annees_references,f6f9cab24c7b4c70b51e4c764803da2d,Friedman B. 1999 — Future of monetary policy,AcademicWork|Reference,year,1999,non,,non,,non,aucune,,"l.492 — FRIEDMAN Benjamin M., 1999, « The future of monetary policy: The central bank as an army with only a signal corps? », International Finance, 1999, vol. 2, no 3, p. 321‑338.",1999,accord,non,,apparié par patronyme+année+titre (similarité 1.00),,,hors perimetre (volet 2)
2_annees_references,9ed53d1f085b489a962e89be64beb58b,Friedman M. 1973 — Counter-Revolution in Monetary Theory,AcademicWork|Reference,year,1973,non,,non,,non,aucune,,"l.496 — FRIEDMAN Milton, 1973, The Counter -Revolution in Monetary Theory: First Wincott Memorial Lecture, Delivered at Senate House, University of London, 16 September, 1970 , London, Institute of Economic Affairs, 32 p.",1973,accord,non,,apparié par patronyme+année (entrée unique pour ce couple),,,hors perimetre (volet 2)
2_annees_references,ecfda0e51bd147e3bd0329a9bf4bbc6b,Galbraith 1976,AcademicWork|Reference,year,1976,non,,non,,non,aucune,,"l.502 — GALBRAITH John Kenneth, 1976, L’argent, Paris, Gallimard . (coll. « idée, Gallimard »), collection : idées, 366 p.",1976,accord,non,,apparié par patronyme+année (entrée unique pour ce couple),,,hors perimetre (volet 2)
2_annees_references,569ea7309d154d1e92acf5b177563629,Galbraith 1976 — L'argent,AcademicWork|Reference,year,1976,non,,non,,non,aucune,,"l.502 — GALBRAITH John Kenneth, 1976, L’argent, Paris, Gallimard . (coll. « idée, Gallimard »), collection : idées, 366 p.",1976,accord,non,,apparié par patronyme+année (entrée unique ; similarité titre 0.27),,,hors perimetre (volet 2)
2_annees_references,bc199c173f12476b84c02907f386d0e8,Gandal et al. 2018,AcademicWork|Reference,year,2018,non,,non,,non,aucune,authored[inverse]→d66fdb7349e04a84b2850d2cb4b7f2de (Neil Gandal)|source of→d66fdb7349e04a84b2850d2cb4b7f2de (Neil Gandal),,,entree_bibliographique_introuvable,non,,"patronyme(s) MOORE présent(s) au MD uniquement en position de co-auteur (l.194, l.196) — aucune entrée n'a ce patronyme en tête ; non-résolution, pas preuve d'erreur ; une Reference sans entrée au MD peut simplement n'avoir pas été convertie du PDF : ce n'est pas un défaut constaté",,,hors perimetre (volet 2)
2_annees_references,644de7a85c76448fa1e1bbeabd176d03,Garzik 2014a,IndigenousLiterature|Reference,year,2014,non,,non,,non,aucune,source of→fac7acbf209340f8ac1906756fb985df (Quote — Garzik : métaprotocoles = 'pure paresse intellectuelle'),"l.504 — GARZIK Jeff, 2014a, « \[ANN\]\[XCP\] Counterparty - Pioneering Peer -to-Peer Finance - Official Thread », https://bitcointalk.org/index.php?topic=395761.msg5796379#msg5796379, 20 mars 2014, consulté le 5 juin 2023.",2014,accord,non,,apparié par patronyme+année+suffixe 'a',,,hors perimetre (volet 2)
2_annees_references,fdafe6e12c094113a2e2ba841b4e324e,Garzik 2014b,IndigenousLiterature|Reference,year,2014,non,,non,,non,aucune,,"l.506 — GARZIK Jeff, 2014b, « [Bitcoin-development] On OP_RETURN in upcoming 0.9 release ».",2014,accord,non,,apparié par patronyme+année+suffixe 'b',,,hors perimetre (volet 2)
2_annees_references,8568b77b9f1146a4b0c2afae69234578,Gaurav 2019,GreyLiterature|Reference,year,2019,non,,non,,non,aucune,,"l.510 — GAURAV, 2019, « Bitcoin Codebase Deep Dive », https://blog.coincodecap.com/bitcoin-development- stats, 5 août 2019, consulté le 8 octobre 2020.",2019,accord,non,,apparié par patronyme+année (entrée unique pour ce couple),,,hors perimetre (volet 2)
2_annees_references,2cdf45abce9a473ead388f8611b12fa3,Gerard 2017 — Attack of the 50 Foot Blockchain,AcademicWork|Reference,year,2017,non,,non,,non,aucune,,"l.514 — GERARD David, 2017, Attack of the 50 Foot Blockchain: Bitcoin, Blockchain, Ethereum & Smart contracts, s.l., David Gerard, 184 p.",2017,accord,non,,apparié par patronyme+année (entrée unique pour ce couple),,,hors perimetre (volet 2)
2_annees_references,60dc60e0a2264130bb32004d421070df,Golumbia 2015 — Bitcoin as Politics Distributed Right-Wing Extremism,AcademicWork|Reference,year,2015,non,,non,,non,aucune,,"l.526 — GOLUMBIA David, 2015, Bitcoin as Politics: Distributed Right -Wing Extremism , Rochester, NY, Social Science Research Network.",2015,accord,non,,apparié par patronyme+année (entrée unique pour ce couple),,,hors perimetre (volet 2)
2_annees_references,3416740e6ab043478824b194ec19f473,Golumbia 2016 Politics of Bitcoin,Reference,year,2015-01-01T00:00:00.000Z,non,,non,,non,aucune,,"l.526 — GOLUMBIA David, 2015, Bitcoin as Politics: Distributed Right -Wing Extremism , Rochester, NY, Social Science Research Network.",2015,accord,non,,apparié par patronyme+année (entrée unique pour ce couple) ; le libellé du nœud annonce 2016 alors que l'attribut year porte 2015 (divergence interne au graphe),,,hors perimetre (volet 2)
2_annees_references,53915f16c8a34be58334fab98244a29e,Goodhart 2000 — Can Central Banking Survive the IT Revolution,AcademicWork|Reference,year,2000,non,,non,,non,aucune,,"l.528 — GOODHART Charles, 2000, « Can Central Banking Survive Can Central Banking Survive the IT Revolution? », Financial markets group / London School of Economic, 2000, vol. 29, August, p. pp.1-35.",2000,accord,non,,apparié par patronyme+année (entrée unique ; similarité titre 0.76),,,hors perimetre (volet 2)
2_annees_references,16a72409709f431891600ea46e9cdbb0,Goodhart 2005 — What is the essence of money,AcademicWork|Reference,year,2005,non,,non,,non,aucune,,"l.530 — GOODHART Charles A. E., 2005, « What is the essence of money? », Cambridge Journal of Economics, 2005, vol. 29, no 5, p. 817‑825.",2005,accord,non,,apparié par patronyme+année (entrée unique ; similarité titre 1.00),,,hors perimetre (volet 2)
2_annees_references,ff72ee3a66e147bea1e07ee959bf612e,Gratsac-Legendre 2017,AcademicWork|Reference,year,2017,non,,non,,non,aucune,,"l.532 — GRATSAC-LEGENDRE Valérie, 2017, « L’orfèvrerie et la monnaie au XVIII e siècle. Quelques observations autour d’une relation étrange » dans Alain Guery (dir.), Montchrestien et Cantillon : Le commerce et l’émergence d’une",2017,accord,non,,apparié par patronyme+année (entrée unique pour ce couple),,,hors perimetre (volet 2)
2_annees_references,3cf3653bf51641c3bd3170342a520ffd,Greenberg 2011,GreyLiterature|Reference,year,2011,non,,non,,non,aucune,,"l.536 — GREENBERG Andy, 2011, « Crypto Currency », https://www.forbes.com/forbes/2011/0509/technology-psilocybin-bitcoins-gavin-andresen-crypto- currency.html, 20 avril 2011, consulté le 9 mai 2023.",2011,accord,non,,apparié par patronyme+année (entrée unique pour ce couple),,,hors perimetre (volet 2)
2_annees_references,bcd561cc100f4da38b912c31a7ea5d11,Hajdarbegovic 2014,GreyLiterature|Reference,year,2014,non,,non,,non,aucune,,"l.546 — HAJDARBEGOVIC Nermin, 2014, « Bitcoin Miners Ditch Ghash.io Pool Over Fears of 51% Attack », https://www.coindesk.com/markets/2014/01/09/bitcoin-miners-ditch-ghashio-pool-over-fears-of-51-attack/, 9 janvier 2014, consult",2014,accord,non,,apparié par patronyme+année (entrée unique pour ce couple),,,hors perimetre (volet 2)
2_annees_references,b4cb7a3ba9d04d969296b774a74028ea,Harper 2019 — Bitcoin Independence Day,IndigenousLiterature|Reference,year,2019,non,,non,,non,aucune,,"l.550 — HARPER Colin, 2019, « Bitcoin Independence Day: How This Watershed Day Defines Community Consensus », https://bitcoinmagazine.com/culture/bitcoin -independence-day-how-this-watershed-day- defines-community-consensus, 1 a",2019,accord,non,,apparié par patronyme+année (entrée unique ; similarité titre 1.00),,,hors perimetre (volet 2)
2_annees_references,62b3883426c9461da17f87d967b36766,Hearn & Peck 2013 — Major Bug Bitcoin Software,GreyLiterature|Reference,year,2013,non,,non,,non,aucune,,"l.558 — HEARN Mike et PECK Morgan E. , 2013, « Major Bug In The Bitcoin Software Tests The Community », IEEE Spectrum, 12 mars 2013, https://spectrum.ieee.org/bitcoin-, consulté le 7 mars 2020.",2013,accord,non,,apparié par patronyme+année (entrée unique ; similarité titre 1.00),,,hors perimetre (volet 2)
2_annees_references,50b94d8f76fa4e36a67e3dc28ad7a8d1,Hess & Ostrom 2003 — Information as Common-pool resource,AcademicWork|Reference,year,2003,non,,non,,non,aucune,,"l.574 — HESS Charlotte et OSTROM Elinor, 2003, « Ideas, Artifacts, and FacilitiIdeas Artifacts and Facilities: Information as a Common-pool ressources », Law and Contemporary Problems, 2003, p. 111‑145.",2003,accord,non,,apparié par patronyme+année (entrée unique ; similarité titre 0.82),,,hors perimetre (volet 2)
2_annees_references,a906df86be2b469dbac245ed5aeececf,Hess & Ostrom 2007 — Understanding knowledge as a commons,AcademicWork|Reference,year,2007,non,,non,,non,aucune,,"l.572 — HESS Charlotte et OSTROM Elinor, 2007, « Understanding knowledge as a commons: From theory to practice », The MIT Press Cambridge, Massachusetts London, England, vol.59.",2007,accord,non,,apparié par patronyme+année (entrée unique ; similarité titre 1.00),,,hors perimetre (volet 2)
2_annees_references,c49fc20f07124c7087aec8554b68c6e9,Hess 2000 — Is There Anything New Under the Sun? New Commons,AcademicWork|Reference,year,2000,non,,non,,non,aucune,,"l.570 — HESS Charlotte, 2000, « Is There Anything New Under the Sun?: A Discussion and Survey of Studies on New Commons and the Internet », “Constituting the Commons,” the eighth biennial conference of the International Associat",2000,accord,non,,apparié par patronyme+année (entrée unique ; similarité titre 0.91),,,hors perimetre (volet 2)
2_annees_references,e3a53b9423334b69be4434874d4d6be2,Hess 2008 — Mapping the New Commons,AcademicWork|Reference,year,2008,non,,non,,non,aucune,,"l.568 — HESS Charlotte, 2008, « Mapping the New Commons », SSRN Electronic Journal, 2008.",2008,accord,non,,apparié par patronyme+année (entrée unique ; similarité titre 1.00),,,hors perimetre (volet 2)
2_annees_references,44c1635ba9dd4d28b912403592782bc7,Hinkes 2021 Code Deference,Reference,year,2021-01-01T00:00:00.000Z,non,,non,,non,aucune,,"l.576 — HINKES Andrew M, 2021, « The Limits of Code Deference », The Journal of Corporation Law , 19 juillet 2021, vol. 46, p. 29.",2021,accord,non,,apparié par patronyme+année (entrée unique ; similarité titre 1.00),,,hors perimetre (volet 2)
2_annees_references,51061825b7fb47ab9676f6fb393f996e,Hughes 1993 Cypherpunk Manifesto,Reference,year,1993,non,,non,,oui,aucune,,"l.582 — HUGHES Eric, 1993, « A Cypherpunk’s Manifesto », https://www.activism.net/cypherpunk/manifesto.html, 9 mars 1993, consulté le 6 mai 2020.",1993,accord,non,,apparié par patronyme+année (entrée unique ; similarité titre 1.00),,,hors perimetre (volet 2)
2_annees_references,c76bb3ae5b4d43f680ca8c5f075e12ba,Hughes 1993 — A Cypherpunk's Manifesto,IndigenousLiterature|Reference,year,1993,non,,non,,non,aucune,,"l.582 — HUGHES Eric, 1993, « A Cypherpunk’s Manifesto », https://www.activism.net/cypherpunk/manifesto.html, 9 mars 1993, consulté le 6 mai 2020.",1993,accord,non,,apparié par patronyme+année (entrée unique ; similarité titre 1.00),,,hors perimetre (volet 2)
2_annees_references,3d66b8ea06274e5ab33a801a5224454b,Ingham 2004 Nature of Money,Reference,year,2004-01-01T00:00:00.000Z,non,,non,,non,aucune,,"l.596 — INGHAM Geoffrey, 2004, The Nature of Money, Polity Pre., Cambridge; Malden, 254 p.",2004,accord,non,,apparié par patronyme+année (entrée unique pour ce couple),,,hors perimetre (volet 2)
2_annees_references,7bc3f1a8265a481f9d8bd75a09c915d2,Janssens 2017 — Why non-mining full nodes are a terrible idea,IndigenousLiterature|Reference,year,2017,non,,non,,non,aucune,,"l.602 — JANSSENS Olivier, 2017, « Why “non -mining full nodes” are a terrible idea. », https://medium.com/@olivierjanss/why-non-mining-full-nodes-are-a-terrible-idea-ad3c49f7a7b6, 22 août 2017, consulté le 5 septembre 2024.",2017,accord,non,,apparié par patronyme+année (entrée unique ; similarité titre 1.00),,,hors perimetre (volet 2)
2_annees_references,32ec3a3526bd41d48320f1ddbebc65c0,Jeffrey 2017 — Consensus Pitfalls Breaking Bitcoin,IndigenousLiterature|Reference,year,2017,non,,non,,non,aucune,,"l.606 — JEFFREY Christopher, 2017, « Christopher Jeffrey Consensus Pitfalls (2017 -09-10) » ₿itcoin Transcripts, https://btctranscripts.com/breaking -bitcoin/2017/2017-09-10-christopher-jeffrey-consensus- pitfalls/, 10 septembre",2017,accord,non,,apparié par patronyme+année (entrée unique ; similarité titre 0.79),,,hors perimetre (volet 2)
2_annees_references,285dc19bba3b4ccab0bca71ca9019636,Jentzsch 2016a — What an accomplishment DAO,IndigenousLiterature|Reference,year,2016,non,,non,,non,aucune,,"l.608 — JENTZSCH Christoph, 2016a, « What an accomplishment! », https://web.archive.org/web/20170621071357/https://blog.slock.it/what-an-accomplishment- 3e7ddea8b91d?gi=8fa1122cbd8a, 20 juillet 2016, consulté le 17 février 2022.",2016,accord,non,,apparié par patronyme+année+suffixe 'a',,,hors perimetre (volet 2)
2_annees_references,ae1e3d2a720540f58e475e74ec8ea700,Jentzsch 2016b — DAO White Paper,IndigenousLiterature|Reference,year,2016,non,,non,,non,aucune,,"l.610 — JENTZSCH Christoph, 2016b, « Decentralized Autonomous Organization to Automate Governance (White paper) ».",2016,accord,non,,apparié par patronyme+année+suffixe 'b',,,hors perimetre (volet 2)
2_annees_references,4f5fca111aea4a4e9e658bc10a8c6cbb,Jentzsch 2016c — History of the DAO and Lessons Learned,IndigenousLiterature|Reference,year,2016,non,,non,,non,aucune,,"l.612 — JENTZSCH Christoph, 2016c, « The History of the DAO and Lessons Learned », Slock.It, 2016, p. 1‑9.",2016,accord,non,,apparié par patronyme+année+suffixe 'c',,,hors perimetre (volet 2)
2_annees_references,9a33e38e33544b1c875225070fa40773,Jp Koning 2015,GreyLiterature|Reference,year,2015,non,,non,,non,aucune,,"l.682 — KONING Jp, 2015, « Moneyness: The dollarization of bitcoin », https://jpkoning.blogspot.com/2015/06/the-dollarization-of-bitcoin.html, 12 juin 2015, consulté le 18 septembre 2023.",2015,accord,non,,apparié par patronyme+année (entrée unique pour ce couple),,,hors perimetre (volet 2)
2_annees_references,26fdb252fe8949d9bf413ed70677830b,Karlstrøm 2014 — Do libertarians dream of electric coins,AcademicWork|Reference,year,2014,non,,non,,non,aucune,,"l.634 — KARLSTRØM Henrik, 2014, « Do libertarians dream of electric coins? The material embeddedness of bitcoin », Distinktion, 2014, vol. 15, no 1, p. 23‑36.",2014,accord,non,,apparié par patronyme+année (entrée unique ; similarité titre 1.00),,,hors perimetre (volet 2)
2_annees_references,9d25569f745942b0a299160fbf8c8d2d,Kaushal Bagga Sobti 2017,AcademicWork|Reference,year,2017,non,,non,,non,aucune,,"l.636 — KAUSHAL Puneet Kumar, BAGGA Amandeep et SOBTI Rajeev, 2017, « Evolution of bitcoin and security risk in bitcoin wallets », Jaipur, India, IEEE.",2017,accord,non,,apparié par patronyme+année (entrée unique pour ce couple),,,hors perimetre (volet 2)
2_annees_references,6d3ccfa0dd3c4d798d364840f888a4e2,Kavanagh & Miscione 2017,Reference,year,2017,non,,non,,non,aucune,,"l.638 — KAVANAGH Donncha et MISCIONE Gianluca, 2017, « Infrastructures and Their Invisible Carnivalesque », SSRN Electronic Journal, 2017.",2017,accord,non,,apparié par patronyme+année (entrée unique ; similarité titre 1.00),,,hors perimetre (volet 2)
2_annees_references,2986a9e1e1ce4486bbfa358ca58d2242,Kavanagh et Miscione 2017,Reference,year,2017,non,,non,,non,aucune,,"l.638 — KAVANAGH Donncha et MISCIONE Gianluca, 2017, « Infrastructures and Their Invisible Carnivalesque », SSRN Electronic Journal, 2017.",2017,accord,non,,apparié par patronyme+année (entrée unique pour ce couple),,,hors perimetre (volet 2)
2_annees_references,889c92c8790744b2b44b1b7971c6b43f,Keir 2022,GreyLiterature|Reference,year,2022,non,,non,,non,aucune,,"l.640 — KEIR Andrew, 2022, « The Existence Of Bitcoin Is A Political Paradox », https://bitcoinmagazine.com/culture/bitcoins-existence-is-a-political-paradox, 24 août 2022, consulté le 25 août 2022.",2022,accord,non,,apparié par patronyme+année (entrée unique pour ce couple),,,hors perimetre (volet 2)
2_annees_references,fb35a999cb884cb0b95477677b5d9b0c,Kharpal 2017,GreyLiterature|Reference,year,2017,non,,non,,non,aucune,source of→98a7cd02fb9d4a768d1ff1a241121309 (Quote — Assange : '50 000% de rendement sur le bitcoin'),"l.646 — KHARPAL Arjun, 2017, « WikiLeaks founder Assange claims he made 50,000% return on bitcoin thanks to the US government », https://www.cnbc.com/2017/10/16/wikileaks-julian-assange-bitcoin-50000- percent-return-thanks-to-us",2017,accord,non,,apparié par patronyme+année (entrée unique pour ce couple),,,hors perimetre (volet 2)
2_annees_references,6c20274abd2640ff9f0a4e63ff156819,Kindleberger 2004 — Histoire mondiale spéculation financière,AcademicWork|Reference,year,2004,non,,non,,non,aucune,,"l.652 — KINDELBERGER Charles, 2004, Histoire mondiale de la spéculation financière, [1978], s.l., Valor Eds, 364 p.",2004,accord,non,,"appariement approximatif du patronyme : graphe «KINDLEBERGER» ~ MD «KINDELBERGER» (similarité 0.92, coquille probable du MD) ; apparié par patronyme+année (entrée unique pour ce couple)",,,hors perimetre (volet 2)
2_annees_references,50f59bb92ad240b5846567c25ba452dd,Kindleberger 2017 — Bitcoin is fiat money too,GreyLiterature|Reference,year,2017,non,,non,,non,aucune,,"l.650 — KINDELBERGER Charles, 2017, « Bitcoin is fiat money, too », https://www.economist.com/free - exchange/2017/09/22/bitcoin-is-fiat-money-too, 22 septembre 2017, consulté le 9 mars 2021.",2017,accord,non,,"appariement approximatif du patronyme : graphe «KINDLEBERGER» ~ MD «KINDELBERGER» (similarité 0.92, coquille probable du MD) ; apparié par patronyme+année (entrée unique ; similarité titre 1.00)",,,hors perimetre (volet 2)
2_annees_references,b9b474c9712b4dbea11d55ae163d2b36,King & Nadal 2012 Peercoin,Reference,year,2012-01-01T00:00:00.000Z,non,,non,,oui,aucune,,"l.656 — KING Sunny et NADAL Scott, 2012, « PPCoin: Peer-to-Peer Crypto-Currency with Proof-of-Stake », 19 août 2012.",2012,accord,non,,apparié par patronyme+année (entrée unique ; similarité titre 1.00),,,hors perimetre (volet 2)
2_annees_references,1bcdf3a835d1420c9133236b50d86c49,King 1999 Challenges Monetary Policy,Reference,year,1999-01-01T00:00:00.000Z,non,,non,,non,aucune,,"l.654 — KING Mervyn (Bank of England - Deputy Governor), 1999, « Challenges for monetary policy: New and old », s.l.",1999,accord,non,,apparié par patronyme+année (entrée unique ; similarité titre 1.00),,,hors perimetre (volet 2)
2_annees_references,6649a875b6b040e4b645481de807e338,King Nadal 2012 — PPCoin Peer-to-Peer Crypto-Currency,Reference,year,2012,non,,non,,non,aucune,,"l.656 — KING Sunny et NADAL Scott, 2012, « PPCoin: Peer-to-Peer Crypto-Currency with Proof-of-Stake », 19 août 2012.",2012,accord,non,,apparié par patronyme+année (entrée unique ; similarité titre 1.00),,,hors perimetre (volet 2)
2_annees_references,4e7c7974fdc04b07a244b8eec8550974,Knapp 1924 State Theory Money,Reference,year,1924-01-01T00:00:00.000Z,non,,non,,non,aucune,,"l.658 — KNAPP G F, 1924, « The state theory of money », History of Economic Thought Books, 1924.",1924,accord,non,,apparié par patronyme+année (entrée unique ; similarité titre 1.00),,,hors perimetre (volet 2)
2_annees_references,573d8b4226b84a089da2580fc046b334,Knapp 1924 — The State Theory of Money,AcademicWork|Reference,year,1924,non,,non,,non,aucune,,"l.658 — KNAPP G F, 1924, « The state theory of money », History of Economic Thought Books, 1924.",1924,accord,non,,apparié par patronyme+année (entrée unique ; similarité titre 1.00),,,hors perimetre (volet 2)
2_annees_references,200e76ca3d1844b0a3d45f9fa10310d2,Krugman 2018 — Bitcoin is Evil / Bubble Fraud,GreyLiterature|Reference,year,2018,non,,non,,non,aucune,,"l.694 — KRUGMAN Paul, 2018b, « Opinion | Bubble, Bubble, Fraud and Trouble », The New York Times , 29 janv. 2018.",2018,accord,non,,apparié par patronyme+année+titre (similarité 0.72),,,hors perimetre (volet 2)
2_annees_references,f1f5f685ade34944a686ff28416c4700,Kumar Jain 2023,AcademicWork|Reference,year,2023,non,,non,,non,aucune,,"l.700 — KUMAR JAIN Manish, 2023, « Top Programming Language for Blockchain Development, https://www.knowledgehut.com/blog/blockchain/programming-language-for-blockchain-development, 7 septembre 2023, consulté le 19 septembre 202",2023,accord,non,,apparié par patronyme+année (entrée unique pour ce couple),,,hors perimetre (volet 2)
2_annees_references,8ede23ee7ccd4888a68285224ae8720a,Lagarde 2017 — Fintech A Brave New World,GreyLiterature|Reference,year,2017,non,,non,,non,aucune,,"l.706 — LAGARDE Christine, 2017, « Fintech—A Brave New World for the Financial Sector? », https://blogs.imf.org/2017/03/21/fintech-a-brave-new-world-for-the-financial-sector/, 21 mars 2017, consulté le 28 octobre 2019.",2017,accord,non,,apparié par patronyme+année (entrée unique ; similarité titre 1.00),,,hors perimetre (volet 2)
2_annees_references,a66144d9679d4045a8af300cb88541e8,Lagarde 2018 — Winds of Change New Digital Currency,GreyLiterature|Reference,year,2018,non,,non,,non,aucune,,"l.704 — LAGARDE Christine, 2018, « Winds of Change: The Case for New Digital Currency », Singapore Fintech Festival, https://www.imf.org/en/News/Articles/2018/11/13/sp111418-winds-of-change-the-case- for-new-digital-currency, 14",2018,accord,non,,apparié par patronyme+année (entrée unique ; similarité titre 1.00),,,hors perimetre (volet 2)
2_annees_references,e318cea2b733450ca0992a87ead0b345,Lars 2019a,GreyLiterature|Reference,year,2019,non,,non,,non,aucune,,"l.718 — LARS Ludovic, 2019a, « Des jetons sur Bitcoin : colored coins et autres procédés », https://journalducoin.com/bitcoin/actualites-bitcoin/jetons-bitcoin-colored-coins-autres-procedes/, 30 novembre 2019, consulté le 7 sept",2019,accord,non,,apparié par patronyme+année+suffixe 'a',,,hors perimetre (volet 2)
2_annees_references,c712736b311b4648a71c6edd75b29f70,Le Calvez 2020,GreyLiterature|Reference,year,2020,non,,non,,non,aucune,,"l.732 — LE CALVEZ Antoine, 2020, « Coin Metrics’ State of the Network: Issue 60 - Analyzing The Early Uses of Bitcoin », https://coinmetrics.substack.com/p/coin-metrics-state-of-the-network-25c, 21 juillet 2020, consulté le 21 j",2020,accord,non,,apparié par patronyme+année (entrée unique pour ce couple),,,hors perimetre (volet 2)
2_annees_references,a8a74b6f711c4aa99d7cb161a9c878df,Le Maire 2019 — Discours Eurofi Financial Forum,GreyLiterature|Reference,year,2019,non,,non,,non,aucune,,"l.734 — LE MAIRE Bruno, 2019, « The future of the Capital Markets Union – Towards an Investment and Savings Union », Discours lors de l’Eurofi Financial Forum 2019, https://www.economie.gouv.fr/files/2019- 09/Discours%20de%20Bru",2019,accord,non,,apparié par patronyme+année (entrée unique ; similarité titre 0.66),,,hors perimetre (volet 2)
2_annees_references,fa4fa618b73a418f9edb30ae70538f00,Lee 2011 — Litecoin launch announcement,Reference,year,2011,non,,non,,non,aucune,,"l.736 — LEE Charli, 2011, « Lite Coin White Paper », 7 octobre 2011, 6 p.",2011,accord,non,,apparié par patronyme+année (entrée unique ; similarité titre 0.43),,,hors perimetre (volet 2)
2_annees_references,19963b499bc04acca003f466c28d906a,Lessig 2000 — Code is Law,AcademicWork|Reference,year,2000,non,,non,,non,aucune,,"l.746 — LESSIG Lawrence, 2000, « Code is Law - Traduction française du célèbre article de Lawrence Lessig par Kauffmann Alexis (2010-05-22) », https://framablog.org/2010/05/22/code-is-law-lessig/, 2000, consulté le 12 février 20",2000,accord,non,,apparié par patronyme+année (entrée unique ; similarité titre 0.19),,,hors perimetre (volet 2)
2_annees_references,36a71df1f997487eab76b897d010da1d,Loibl 2014,AcademicWork|Reference,year,2014,non,,non,,non,aucune,authored[inverse]→be8ac28672e44ef6852fd5b1d80f3b90 (Gregor Loibl)|mentions actor→be8ac28672e44ef6852fd5b1d80f3b90 (Gregor Loibl),"l.756 — LOIBL Andreas, 2014, « Namecoin », 2014 , http://www.net.in.tum.de/fileadmin/TUM/NET/NET- 2014-08-1/NET-2014-08-1_14.pdf, consulté le 23 mai 2023.",2014,accord,non,,apparié par patronyme+année (entrée unique pour ce couple),,,hors perimetre (volet 2)
2_annees_references,304579e381c84c4a8f470c3386ac1e45,Lopp 2018 GitHub Bitcoin Core,Reference,year,2018-01-01T00:00:00.000Z,non,,non,,oui,aucune,,"l.766 — LOPP Jameson, 2018, « Who Controls Bitcoin Core? », Medium, https://medium.com/@lopp/who- controls-bitcoin-core-c55c0af91b8a, 15 décembre 2018, consulté le 13 juin 2019.",2018,accord,non,,apparié par patronyme+année (entrée unique ; similarité titre 1.00),,,hors perimetre (volet 2)
2_annees_references,b95feb4b7ce94d2c9903c5a192e3421d,Lopp 2018 — Who Controls Bitcoin Core,IndigenousLiterature|Reference,year,2018,non,,non,,non,aucune,,"l.766 — LOPP Jameson, 2018, « Who Controls Bitcoin Core? », Medium, https://medium.com/@lopp/who- controls-bitcoin-core-c55c0af91b8a, 15 décembre 2018, consulté le 13 juin 2019.",2018,accord,non,,apparié par patronyme+année (entrée unique ; similarité titre 1.00),,,hors perimetre (volet 2)
2_annees_references,78aaaaee3c684931b0b63a0b2a7ec181,Lopp 2021 Spam Storms,Reference,year,2021-01-01T00:00:00.000Z,non,,non,,oui,aucune,,"l.764 — LOPP Jameson, 2021, « A History of Bitcoin Transaction Dust & Spam Storms », https://blog.lopp.net/history-bitcoin-transaction-dust-spam-storms/, 13 mars 2021, consulté le 8 novembre 2021.",2021,accord,non,,apparié par patronyme+année (entrée unique ; similarité titre 1.00),,,hors perimetre (volet 2)
2_annees_references,a4a15c4d930e4c53ac47ceb110695686,Lopp 2021 — History Bitcoin Transaction Dust Spam Storms,IndigenousLiterature|Reference,year,2021,non,,non,,non,aucune,,"l.764 — LOPP Jameson, 2021, « A History of Bitcoin Transaction Dust & Spam Storms », https://blog.lopp.net/history-bitcoin-transaction-dust-spam-storms/, 13 mars 2021, consulté le 8 novembre 2021.",2021,accord,non,,apparié par patronyme+année (entrée unique ; similarité titre 1.00),,,hors perimetre (volet 2)
2_annees_references,6c21ae38f32f4957a4c38675b4582d1a,Lustig & Nardi 2015 Algorithmic Authority,Reference,year,2015-01-01T00:00:00.000Z,non,,non,,non,aucune,,"l.772 — LUSTIG Caitlin et NARDI Bonnie, 2015, « Algorithmic authority: The case of Bitcoin », Proceedings of the Annual Hawaii International Conference on System Sciences, 2015, vol. 2015-March, p. 743‑752.",2015,accord,non,,apparié par patronyme+année (entrée unique ; similarité titre 1.00),,,hors perimetre (volet 2)
2_annees_references,59cad7f544f743a3a42b7bfcf4c32991,Lustig & Nardi 2015 — Algorithmic authority Bitcoin,AcademicWork|Reference,year,2015,non,,non,,non,aucune,,"l.772 — LUSTIG Caitlin et NARDI Bonnie, 2015, « Algorithmic authority: The case of Bitcoin », Proceedings of the Annual Hawaii International Conference on System Sciences, 2015, vol. 2015-March, p. 743‑752.",2015,accord,non,,apparié par patronyme+année (entrée unique ; similarité titre 1.00),,,hors perimetre (volet 2)
2_annees_references,d929065369e94a1997a4bd634794c740,Mallard Méadel Musiani 2014 — Paradoxes of Distributed Trust,AcademicWork|Reference,year,2014,non,,non,,non,aucune,,"l.778 — MALLARD Alexandre, MÉADEL Cécile et MUSIANI Francesca, 2014, « The Paradoxes of Distributed Trust: Peer-to-Peer Architecture and User Confidence in Bitcoin », Journal of peer production, 2014, p. 10.",2014,accord,non,,apparié par patronyme+année (entrée unique ; similarité titre 1.00),,,hors perimetre (volet 2)
2_annees_references,2b6dd92a7ea0472b81fd2d76e79d9a94,Mark Zamfir Sirer 2016 — Call for Moratorium on The DAO,IndigenousLiterature|Reference,year,2016,non,,non,,non,aucune,,"l.788 — MARK Dino, ZAMFIR Vlad et SIRER Emin Gün, 2016, « A Call for a Temporary Moratorium on The DAO », https://docs.google.com/document/d/10kTyCmGPhvZy94F7VWyS- dQ4lsBacR2dUgGTtV98C40/edit#heading=h.e437su2ytbf9, 2016.",2016,accord,non,,apparié par patronyme+année (entrée unique ; similarité titre 1.00),,,hors perimetre (volet 2)
2_annees_references,e33df7df4c104ad78995359efb104629,Massa 2015,GreyLiterature|Reference,year,2015,non,,non,,non,aucune,,"l.790 — MASSA Annie, 2015, « Blythe Masters Says Forget Bitcoin, Embrace the Blockchain », Bloomberg.com, 6 oct. 2015.",2015,accord,non,,apparié par patronyme+année (entrée unique pour ce couple),,,hors perimetre (volet 2)
2_annees_references,74b4e44f74614a38b5e319be177e46ee,Maurer Nelms Swartz 2013 — Practical materiality of Bitcoin,AcademicWork|Reference,year,2013,non,,non,,non,aucune,,"l.792 — MAURER Bill, NELMS Taylor C. et SWARTZ Lana, 2013, « “When perhaps the real problem is money itself!”: The practical materiality of Bitcoin », Social Semiotics, 2013, vol. 23, no 2, p. 261‑277.",2013,accord,non,,apparié par patronyme+année (entrée unique ; similarité titre 1.00),,,hors perimetre (volet 2)
2_annees_references,eb5442d4616747d09e6015d4211cc7b9,May 1992 Crypto Anarchist Manifesto,Reference,year,1992,non,,non,,oui,aucune,,"l.802 — MAY Timothy C., 1992, The Crypto Anarchist Manifesto , https://www.activism.net/cypherpunk/crypto-anarchy.html, 22 novembre 1992, consulté le 13 novembre 2016.",1992,accord,non,,apparié par patronyme+année (entrée unique pour ce couple),,,hors perimetre (volet 2)
2_annees_references,f745b5915c8c45f48371d2136155ba94,May 1994 — Cyphernomicon,IndigenousLiterature|Reference,year,1994,non,,non,,non,aucune,,"l.800 — MAY Timothy C., 1994, « Tim_may_cyphernomicon.pdf », https://dpya.org/en/images/9/95/Tim_may_cyphernomicon.pdf, 1994, consulté le 30 juin 2020.",1994,accord,non,,apparié par patronyme+année (entrée unique ; similarité titre 0.91),,,hors perimetre (volet 2)
2_annees_references,482b58684cae41d8a755fc694a478b7b,May 2018,GreyLiterature|Reference,year,2018,non,,non,,non,aucune,,"l.798 — MAY Timothy C., 2018, « Enough with the ICO -Me-So-Horny-Get-Rich-Quick-Lambo Crypto », CoinDesk, 19 oct. 2018.",2018,accord,non,,apparié par patronyme+année (entrée unique pour ce couple),,,hors perimetre (volet 2)
2_annees_references,89565e90e4a64560bc4bf517d3aa4f9c,McCormack et Voorhees 2019,GreyLiterature|Reference,year,2019,non,,non,,non,aucune,,"l.806 — MCCORMACK Peter et CORALLO Matt, 2019, « How Bitcoin Works with Matt Corallo », https://www.whatbitcoindid.com/podcast/matt-corallo-on-how-makes-bitcoin-work, 7 février 2019, consulté le 17 juin 2019.",2019,accord,non,,année corroborée par 4 entrées du même patronyme ; l'entrée précise n'est pas discriminée,,,hors perimetre (volet 2)
2_annees_references,7606d7fd6ff44bbc9266194c5165319c,Menger 1892 — On the Origin of Money,AcademicWork|Reference,year,1892,non,,non,,non,aucune,,"l.820 — MENGER Karl, 1892, « On the Origin of Money », the economic journal , 1892, vol. 2, n°6, p. 1829‑1841.",1892,accord,non,,apparié par patronyme+année (entrée unique ; similarité titre 1.00),,,hors perimetre (volet 2)
2_annees_references,00d8c6248c554ebe93373d571afbc833,Miles et Voorhees 2017,GreyLiterature|Reference,year,2017,non,,non,,non,aucune,,"l.826 — MILES et VOORHEES Erik, 2017, « “Bitcoin — The Libertarian Introduction” — Erik Voorhees », Medium, https://medium.com/lux-initiative/bitcoin-the-libertarian-introduction-c616edd8496c, 29 janvier 2017, consulté le 1 févr",2017,accord,non,,apparié par patronyme+année (entrée unique pour ce couple),,,hors perimetre (volet 2)
2_annees_references,51cd9218082f4db7b393a6d84f2f7b00,Moser et Bohme 2015,AcademicWork|Reference,year,2015,non,,non,,non,aucune,,"l.850 — MÖSER Malte et BÖHME Rainer, 2015, « Trends, Tips, Tolls: A Longitudinal Study of Bitcoin Transaction Fees » dans Michael Brenner, Nicolas Christin, Benjamin Johnson et Kurt Rohloff (dir.), Financial Cryptography and Dat",2015,accord,non,,apparié par patronyme+année (entrée unique pour ce couple),,,hors perimetre (volet 2)
2_annees_references,11ca49860474402ab03050357095c728,Musiani 2018 CM Gouvernance,Reference,year,2018-01-01T00:00:00.000Z,non,,non,,non,aucune,,"l.862 — MUSIANI Francesca, MALLARD Alexandre et MÉADEL Cécile, 2018, « 7 Governing what wasn’t meant to be governed » dans Campbell-Verduyn Malcolm, Bitcoin and Beyond. Cryptocurrencies, Blockchains, and Global Governance, Routl",2018,accord,non,,apparié par patronyme+année (entrée unique ; similarité titre 0.94),,,hors perimetre (volet 2)
2_annees_references,ad474c1724da4ec88cbd78f924613cc5,Musiani Mallard Meadel 2018,Reference,year,2014-01-01T00:00:00.000Z,non,,non,,non,aucune,,"l.778 — MALLARD Alexandre, MÉADEL Cécile et MUSIANI Francesca, 2014, « The Paradoxes of Distributed Trust: Peer-to-Peer Architecture and User Confidence in Bitcoin », Journal of peer production, 2014, p. 10.",2014,accord,non,,apparié par patronyme+année (entrée unique ; similarité titre 1.00) ; le libellé du nœud annonce 2018 alors que l'attribut year porte 2014 (divergence interne au graphe),,,hors perimetre (volet 2)
2_annees_references,9d026d51d41e40edb4c8c7c15d563ca5,Musiani Mallard Méadel 2018 — Governing what wasn't meant to be governed,AcademicWork|Reference,year,2018,non,,non,,non,aucune,,"l.862 — MUSIANI Francesca, MALLARD Alexandre et MÉADEL Cécile, 2018, « 7 Governing what wasn’t meant to be governed » dans Campbell-Verduyn Malcolm, Bitcoin and Beyond. Cryptocurrencies, Blockchains, and Global Governance, Routl",2018,accord,non,,apparié par patronyme+année (entrée unique ; similarité titre 0.80),,,hors perimetre (volet 2)
2_annees_references,4510632442f34a1c8ad6f3fe0f17ad05,Nakamoto 2008 Bitcoin WP,Reference,year,2008-01-01T00:00:00.000Z,non,,non,,oui,aucune,source of[inverse]→42b5d61f8b814235ab41901c076635f7 (Champagne 2014 Book of Satoshi),"l.890 — NAKAMOTO Satoshi, 2008c, « Bitcoin: A Peer -to-Peer Electronic Cash System », https://bitcoin.org/bitcoin.pdf, consulté le 20 septembre 2015.",2008,accord,non,,apparié par patronyme+année+titre (similarité 1.00),,,hors perimetre (volet 2)
2_annees_references,6f4030bca8aa4f42b6ddbccef848a383,Nakamoto 2010a,IndigenousLiterature|Reference,year,2010,non,,non,,non,aucune,,"l.866 — NAKAMOTO Satoshi, 2010a, « Satoshi Nakamoto last post on Bitcointalk : Added some DoS limits, removed safe mode (0.3.19) », https://bitcointalk.org/index.php?topic=2228.msg29479#msg29479, consulté le 10 juillet 2020.",2010,accord,non,,apparié par patronyme+année+suffixe 'a',,,hors perimetre (volet 2)
2_annees_references,313c66ac111542d3a47de4607949a807,Nakamoto 2010b,IndigenousLiterature|Reference,year,2010,non,,non,,non,aucune,source of→a717370833b048c2b32b4ce3b4bc5e5c (Quote — Nakamoto 2010b — 'nid de frelons' (WikiLeaks)),"l.868 — NAKAMOTO Satoshi, 2010b, « BitDNS and Generalizing Bitcoin », https://bitcointalk.org/index.php?topic=1790.msg28917#msg28917, consulté le 31 août 2020.",2010,accord,non,,apparié par patronyme+année+suffixe 'b',,,hors perimetre (volet 2)
2_annees_references,b987cb2865ba4b2c8723bc90bff194dd,Nakamoto 2011,GreyLiterature|Reference,year,2011,non,,non,,non,aucune,source of→a197e3a007e74165af81aaa785d1faed (Quote — Nakamoto 2011 : 'entre de bonnes mains avec Gavin'),"l.864 — NAKAMOTO Satoshi, 2011, « Dernier mail de Nakamoto Gmail - Holding coins in an unspendable state for a rolling time window », https://plan99.net/~mike/satoshi-emails/thread5.html, consulté le 03 août 2020.",2011,accord,non,,apparié par patronyme+année (entrée unique pour ce couple),,,hors perimetre (volet 2)
2_annees_references,c539113210a84e1eaea3d8340504aba5,Narayanan & Clark 2017,Reference,year,2017,non,,non,,non,aucune,,"l.894 — NARAYANAN Arvind et CLARK Jeremy, 2017, « Bitcoin’s academic pedigree », Communications of the ACM, 2017, vol. 60, no 12, p. 36‑45.",2017,accord,non,,apparié par patronyme+année (entrée unique ; similarité titre 1.00),,,hors perimetre (volet 2)
2_annees_references,04dd36dce5e64b6487820a2b61229d43,NewLibertyStandard 2009 — Bitcoin exchange rate post,IndigenousLiterature|Reference,year,2009,non,,non,,non,aucune,,,,entree_bibliographique_introuvable,non,,"aucune entrée du MD ne porte un des patronymes candidats (NEWLIBERTYSTANDARD) ; non-résolution, pas preuve d'erreur ; une Reference sans entrée au MD peut simplement n'avoir pas été convertie du PDF : ce n'est pas un défaut constaté",,,hors perimetre (volet 2)
2_annees_references,780f2dd665fa41fb8eb2ad24579f7451,O'Brien 2014,GreyLiterature|Reference,year,2014,non,,non,,non,aucune,,"l.898 — O’BRIEN Will, 2014, « How 2014 Became the Year of Multisig », https://www.coindesk.com/2014- became-year-multisig, 29 décembre 2014, consulté le 4 août 2020.",2014,accord,non,,apparié par patronyme+année (entrée unique pour ce couple),,,hors perimetre (volet 2)
2_annees_references,2e1ae899bf5d40898bf48160cbc59c6f,O'Leary 2018,GreyLiterature|Reference,year,2018,non,,non,,non,aucune,,"l.902 — O’LEARY Rachel-Rose, 2018, « Ethereum ASICs Are Here: What the New Miners Mean and What’s Next », https://www.coindesk.com/markets/2018/04/03/ethereum-asics-are-here-what-the-new-miners- mean-and-whats-next/, 3 avril 201",2018,accord,non,,apparié par patronyme+année (entrée unique pour ce couple),,,hors perimetre (volet 2)
2_annees_references,2ae1182dd62c4e2691938b122812e2b2,Orleans 1998 La monnaie entre violence et confiance,Reference,year,1998-01-01T00:00:00.000Z,non,,non,,non,aucune,,"l.914 — ORLÉAN André, 1998, « La monnaie autoréférentielle: reflexion sur les évolution monétaire contemporaine » dans La monnaie souveraine, Paris, Éd Odile Jacob., p. 359‑386.",1998,accord,non,,apparié par patronyme+année (entrée unique ; similarité titre 0.98),,,hors perimetre (volet 2)
2_annees_references,b9e7bc0ec25c464ea27d90d2a8038983,Orléan 1989 — Approche cognitive des conventions,AcademicWork|Reference,year,1989,non,,non,,non,aucune,,"l.918 — ORLÉAN André, 1989, « Pour une approche cognitive des conventions économiques », Revue économique, 1989, vol. 40, n°2, L’économie des conventions (Mar., 1989), p. 241-272.",1989,accord,non,,apparié par patronyme+année (entrée unique ; similarité titre 1.00),,,hors perimetre (volet 2)
2_annees_references,a1dfb279c76040f7a8f7f05909efc7fe,Orléan 1992 — La monnaie comme lien social (Simmel),AcademicWork|Reference,year,1992,non,,non,,non,aucune,,"l.916 — ORLÉAN André, 1992, « La monnaie comme lien social. Étude de Philosophie de l’argent de Georg Simmel », Genèses, 1992, vol. 8, no 1, p. 86‑107.",1992,accord,non,,apparié par patronyme+année (entrée unique ; similarité titre 0.79),,,hors perimetre (volet 2)
2_annees_references,206ffb42b0204d808a0923a54b25d29e,Orléan 1998 — La monnaie autoréférentielle,AcademicWork|Reference,year,1998,non,,non,,non,aucune,,"l.914 — ORLÉAN André, 1998, « La monnaie autoréférentielle: reflexion sur les évolution monétaire contemporaine » dans La monnaie souveraine, Paris, Éd Odile Jacob., p. 359‑386.",1998,accord,non,,apparié par patronyme+année (entrée unique ; similarité titre 0.98),,,hors perimetre (volet 2)
2_annees_references,cd70a1754f4e4a2192c0823bb2a77319,Orléan 2003 — Fondements institutionnels objectivité marchande,AcademicWork|Reference,year,2003,non,,non,,non,aucune,,"l.906 — ORLÉAN A, 2003, « Réflexion sur les fondements institutionnels de l’objectivité marchande », Cahiers d’économie Politique, 2004/1, n° 44, p. 181-196.",2003,accord,non,,apparié par patronyme+année (entrée unique ; similarité titre 1.00),,,hors perimetre (volet 2)
2_annees_references,a5130c632dec4665bb67201a5036b295,Orléan 2019 — La communauté bitcoin (Esprit),AcademicWork|Reference,year,2019,non,,non,,non,aucune,,"l.912 — ORLÉAN André, 2019, « La communauté bitcoin », Esprit, 2019, Juillet-Août, no 7, p. 47.",2019,accord,non,,apparié par patronyme+année (entrée unique ; similarité titre 1.00),,,hors perimetre (volet 2)
2_annees_references,777d816556d94da2aee6d4ad48bf9dcb,Ostrom & Basurto 2013 — Outils d'analyse changement institutionnel,AcademicWork|Reference,year,2013,non,,non,,non,aucune,,"l.924 — OSTROM Elinor et BASURTO Xavier, 2013, « Façonner des outils d’analyse pour étudier le changement institutionnel », Revue de la régulation, 12 décembre 2013, no 14.",2013,accord,non,,apparié par patronyme+année (entrée unique ; similarité titre 1.00),,,hors perimetre (volet 2)
2_annees_references,e3b7d91585004ef7a392934a0b37292f,Ostrom 1990,Reference,year,1990-01-01T00:00:00.000Z,non,,non,,oui,aucune,,"l.922 — OSTROM Elinor, 1990, Governing the Commons, New York, Cambridge University Press, 1990.",1990,accord,non,,apparié par patronyme+année (entrée unique pour ce couple),,,hors perimetre (volet 2)
2_annees_references,b86c5ec82ea14e47854fce42261981d6,Ostrom 1990 — Governing the Commons,AcademicWork|Reference,year,1990,non,,non,,non,aucune,,"l.922 — OSTROM Elinor, 1990, Governing the Commons, New York, Cambridge University Press, 1990.",1990,accord,non,,apparié par patronyme+année (entrée unique pour ce couple),,,hors perimetre (volet 2)
2_annees_references,43b7c14b59c1419e95aa6dcdf6885d84,Ostrom 2005 — Governing a Commons from a Citizen's Perspective,AcademicWork|Reference,year,2005,non,,non,,non,aucune,,"l.920 — OSTROM Elinor, 2005, « Governing a Commons from a Citizen’s Perspective », 2005, p. 1‑9.",2005,accord,non,,apparié par patronyme+année (entrée unique ; similarité titre 1.00),,,hors perimetre (volet 2)
2_annees_references,3de49d9ee3894690974b7273eb058edc,Pastinelli 2011 — Pour en finir avec l'ethnographie du virtuel,AcademicWork|Reference,year,2011,non,,non,,non,aucune,,"l.936 — PASTINELLI Madeleine, 2011, « Pour en finir avec l’ethnographie du virtuel !: Des enjeux méthodologiques de l’enquête de terrain en ligne », Anthropologie et Sociétés, 2011, vol. 35, no 1‑2, p. 35.",2011,accord,non,,apparié par patronyme+année (entrée unique ; similarité titre 0.59),,,hors perimetre (volet 2)
2_annees_references,77653956f06d4f0092bb4d8f73c08a2e,Paye 2005 — La gouvernance notion polysémique à concept politologique,AcademicWork|Reference,year,2005,non,,non,,non,aucune,,"l.938 — PAYE Olivier, 2005, « La gouvernance : D’une notion polysémique à un concept politologique », Études Internationales, 2005, vol. 36, no 1, p. 13.",2005,accord,non,,apparié par patronyme+année (entrée unique ; similarité titre 1.00),,,hors perimetre (volet 2)
2_annees_references,f4bf1b02802f4f91b607a50377f06114,Polanyi 1944 / 2011,Reference,year,1944-01-01T00:00:00.000Z,non,,non,,oui,aucune,authored→1782b07fc7cc459e9636817b6350be4f (Polanyi 1944 — La grande transformation)|authored→24d1f1fef4004261b7828cee4ef56038 (Polanyi 2011 — La subsistance de l'homme),"l.952 — POLANYI Karl, 1944, La grande transformation : aux origines politiques et économiques de notre temps, Paris, Gallimard, rééd 2004.",1944,accord,non,,apparié par patronyme+année (entrée unique pour ce couple),,,hors perimetre (volet 2)
2_annees_references,1782b07fc7cc459e9636817b6350be4f,Polanyi 1944 — La grande transformation,AcademicWork|Reference,year,1944,non,,non,,non,aucune,authored[inverse]→f4bf1b02802f4f91b607a50377f06114 (Polanyi 1944 / 2011),"l.952 — POLANYI Karl, 1944, La grande transformation : aux origines politiques et économiques de notre temps, Paris, Gallimard, rééd 2004.",1944,accord,non,,apparié par patronyme+année (entrée unique pour ce couple),,,hors perimetre (volet 2)
2_annees_references,24d1f1fef4004261b7828cee4ef56038,Polanyi 2011 — La subsistance de l'homme,AcademicWork|Reference,year,2011,non,,non,,non,aucune,authored[inverse]→f4bf1b02802f4f91b607a50377f06114 (Polanyi 1944 / 2011),"l.950 — POLANYI Karl, 2011, La subsistance de l’homme : La place de l’économie dans l’histoire et la société [trad B Chavance], Paris, Flammarion.",2011,accord,non,,apparié par patronyme+année (entrée unique pour ce couple),,,hors perimetre (volet 2)
2_annees_references,a2d58ccdc9ea4a81a58a5649494aaff4,Poon & Dryja 2015 LN,Reference,year,2015-01-01T00:00:00.000Z,non,,non,,oui,aucune,,,,entree_bibliographique_introuvable,non,,"aucune entrée du MD ne porte un des patronymes candidats (POON, JOSEPH, POON JOSEPH, DRYJA) ; non-résolution, pas preuve d'erreur ; une Reference sans entrée au MD peut simplement n'avoir pas été convertie du PDF : ce n'est pas un défaut constaté",,,hors perimetre (volet 2)
2_annees_references,4ed01f7542be4de9b53d4f30516ab5fb,Rauchs 2016,Reference,year,2016,non,,non,,oui,aucune,authored→9531cc48ccec4fa3b4dec6e4ea90f907 (Rauchs 2016 — Cryptocurrencies meeting business ecosystems)|authored→c90459607fca4768b307d096e3e05378 (Rauchs et al. 2018 — Distributed Ledger Systems Conceptual Framework),"l.988 — RAUCHS Michel, 2016, « Cryptocurrencies meeting business ecosystems : the case of bitcoin », https://papers.ssrn.com/sol3/papers.cfm?abstract_id=3095875, 1er septembre 2016, consulté le 21 novembre 2017.",2016,accord,non,,apparié par patronyme+année (entrée unique ; similarité titre 1.00),,,hors perimetre (volet 2)
2_annees_references,9531cc48ccec4fa3b4dec6e4ea90f907,Rauchs 2016 — Cryptocurrencies meeting business ecosystems,AcademicWork|Reference,year,2016,non,,non,,non,aucune,authored[inverse]→4ed01f7542be4de9b53d4f30516ab5fb (Rauchs 2016),"l.988 — RAUCHS Michel, 2016, « Cryptocurrencies meeting business ecosystems : the case of bitcoin », https://papers.ssrn.com/sol3/papers.cfm?abstract_id=3095875, 1er septembre 2016, consulté le 21 novembre 2017.",2016,accord,non,,apparié par patronyme+année (entrée unique ; similarité titre 1.00),,,hors perimetre (volet 2)
2_annees_references,9984b3924a284a1d881e34ffcf669c39,Rauchs et al. 2018,Reference,year,2018,non,,non,,non,aucune,,"l.990 — RAUCHS Michel, GLIDDEN Andrew, GORDON Brian, PIETERS Gina, RECANATINI Martino, ROSTAND François, VAGNEUR Kathryn et ZHANG Bryan, 2018, « Distributed Ledger Systems: A Conceptual Framework », Cambridge Centre for Alternat",2018,accord,non,,apparié par patronyme+année (entrée unique ; similarité titre 0.90),,,hors perimetre (volet 2)
2_annees_references,c90459607fca4768b307d096e3e05378,Rauchs et al. 2018 — Distributed Ledger Systems Conceptual Framework,AcademicWork|Reference,year,2018,non,,non,,non,aucune,authored[inverse]→4ed01f7542be4de9b53d4f30516ab5fb (Rauchs 2016),"l.990 — RAUCHS Michel, GLIDDEN Andrew, GORDON Brian, PIETERS Gina, RECANATINI Martino, ROSTAND François, VAGNEUR Kathryn et ZHANG Bryan, 2018, « Distributed Ledger Systems: A Conceptual Framework », Cambridge Centre for Alternat",2018,accord,non,,apparié par patronyme+année (entrée unique ; similarité titre 1.00),,,hors perimetre (volet 2)
2_annees_references,db27994d43c54873939c11e21dcf0ebe,Redman 2019b,GreyLiterature|Reference,year,2019,non,,non,,non,aucune,,"l.1000 — REDMAN Jamie, 2019b, « The “Wrapped Bitcoin ” Project Has Now Officially Launched on Ethereum », https://news.bitcoin.com/the-wrapped-bitcoin-project-has-officially-launched-on-ethereum/, 31 janvier 2019, consulté le 12 ",2019,accord,non,,apparié par patronyme+année+suffixe 'b',,,hors perimetre (volet 2)
2_annees_references,f70403d82d894d4daa466a00d34c7570,Reitwiessner 2016 — Smart Contract Security,IndigenousLiterature|Reference,year,2016,non,,non,,non,aucune,,"l.1002 — REITWIESSNER Christian, 2016, « Smart Contract Security », https://blog.ethereum.org/2016/06/10/smart-contract-security, 10 juin 2016, consulté le 13 mai 2024.",2016,accord,non,,apparié par patronyme+année (entrée unique ; similarité titre 0.77),,,hors perimetre (volet 2)
2_annees_references,82a5e853e54a44c3985266e0559dbdad,Rhodes 1996 — The New Governance: Governing without Government,AcademicWork|Reference,year,1996,non,,non,,non,aucune,,"l.1004 — RHODES R A W, 1996, « The New Governance : Governing without Government », Political Studies, 1996, 44: 652-66, p. 3‑4.",1996,accord,non,,apparié par patronyme+année (entrée unique ; similarité titre 1.00),,,hors perimetre (volet 2)
2_annees_references,766c49236ee6484aa92a0566d223b8de,Rizzo 2015,GreyLiterature|Reference,year,2015,non,,non,,non,aucune,,"l.1006 — RIZZO Pete, 2015, « Mastercoin Seeks Second Start With Omni Reboot », https://www.coindesk.com/mastercoin-new-beginning-omni, 21 janvier 2015, consulté le 6 août 2020.",2015,accord,non,,apparié par patronyme+année (entrée unique pour ce couple),,,hors perimetre (volet 2)
2_annees_references,8df0c49c307e4444b6d65be8754210f6,Rodriguez 2014,GreyLiterature|Reference,year,2014,non,,non,,non,aucune,,"l.1012 — RODRIGUEZ Salvador, 2014, « Jamaican bobsled team boosts value of Dogecoin, currency based on meme », https://www.latimes.com/business/technology/la -fi-tn-jamaican-bobsled-dogecoin-currency- meme-20140120-story.html, 20",2014,accord,non,,apparié par patronyme+année (entrée unique pour ce couple),,,hors perimetre (volet 2)
2_annees_references,0ea689b1511b481e9df16233058bcce1,Rolland & Slim 2017,Reference,year,2017-01-01T00:00:00.000Z,non,,non,,oui,aucune,,"l.1016 — ROLLAND Maël et SLIM Assen, 2017, « Économie politique du Bitcoin : l’institutionnalisation d’une monnaie sans institutions », Économie et institutions, 31 décembre 2017, no 26.",2017,accord,non,,apparié par patronyme+année (entrée unique ; similarité titre 1.00),,,hors perimetre (volet 2)
2_annees_references,708e681a656d41fd9104328794cab822,Rolland & Slim 2017 — Économie politique du Bitcoin,AcademicWork|Reference,year,2017,non,,non,,non,aucune,,"l.1016 — ROLLAND Maël et SLIM Assen, 2017, « Économie politique du Bitcoin : l’institutionnalisation d’une monnaie sans institutions », Économie et institutions, 31 décembre 2017, no 26.",2017,accord,non,,apparié par patronyme+année (entrée unique ; similarité titre 1.00),,,hors perimetre (volet 2)
2_annees_references,3737dd82ad0e4819aaacee0061c57c58,Rosenfeld 2012,IndigenousLiterature|Reference,year,2012,non,,non,,non,aucune,,"l.1018 — ROSENFELD Meni, 2012, « Overview of Colored Coins », https://allquantor.at/blockchainbib/pdf/rosenfeld2012overview.pdf, 4 décembre 2012, consulté le 7 novembre 2021.",2012,accord,non,,apparié par patronyme+année (entrée unique pour ce couple),,,hors perimetre (volet 2)
2_annees_references,b911a98badbc4c76bdb0df93b26ec47e,Rosenfeld 2012 — Colored Coins,Reference,year,2012,non,,non,,non,aucune,,"l.1018 — ROSENFELD Meni, 2012, « Overview of Colored Coins », https://allquantor.at/blockchainbib/pdf/rosenfeld2012overview.pdf, 4 décembre 2012, consulté le 7 novembre 2021.",2012,accord,non,,apparié par patronyme+année (entrée unique ; similarité titre 1.00),,,hors perimetre (volet 2)
2_annees_references,fb8879ffb00d42e08622b85212da0cbc,Rosenfeld et al. 2013,IndigenousLiterature|Reference,year,2013,non,,non,,non,aucune,,"l.1020 — ROSENFELD Meni, BUTERIN Vitalik, ASSIA Yoni et HAKIM Lior, 2013, « Colored Coins - BitcoinX », http://bitpaper.info/serve/AMIfv94V0F8kxt1ACXga9Tc1V0jm-u- Jf2evCmcHWsZJmYSBG6JB5qA5E3J5eNToOSfOFs7LKfC6X8Y-_nUQR-C- qQC10aru",2013,accord,non,,apparié par patronyme+année (entrée unique pour ce couple),,,hors perimetre (volet 2)
2_annees_references,1b33d189e48c43a2ba529a9028c4659b,Roubini 2018 — Blockchain's Broken Promises,GreyLiterature|Reference,year,2018,non,,non,,non,aucune,,"l.1022 — ROUBINI Nouriel, 2018, « Blockchain’s Broken Promises », https://www.project - syndicate.org/commentary/why-bitcoin-is-a-bubble-by-nouriel-roubini-2018-01, 26 janvier 2018, consulté le 8 février 2021.",2018,accord,non,,apparié par patronyme+année (entrée unique ; similarité titre 1.00),,,hors perimetre (volet 2)
2_annees_references,e70690b67c514557baade09dd0410872,Russo 2020 Infinite Machine,Reference,year,2020-01-01T00:00:00.000Z,non,,non,,non,aucune,,"l.1036 — RUSSO Camila, 2020, The Infinite Machine: How an Army of Crypto -Hackers Is Building the Next Internet with Ethereum, New York, HarperCollins Publishers, 352 pages p.",2020,accord,non,,apparié par patronyme+année (entrée unique pour ce couple),,,hors perimetre (volet 2)
2_annees_references,bcb6224ca258462e815df9678e1992b1,Russo 2020 — The Infinite Machine Ethereum,AcademicWork|Reference,year,2020,non,,non,,non,aucune,,"l.1036 — RUSSO Camila, 2020, The Infinite Machine: How an Army of Crypto -Hackers Is Building the Next Internet with Ethereum, New York, HarperCollins Publishers, 352 pages p.",2020,accord,non,,apparié par patronyme+année (entrée unique pour ce couple),,,hors perimetre (volet 2)
2_annees_references,2c60a6c9e347410591eca661f394a64a,SatoshiLabs 2019,GreyLiterature|Reference,year,2019,non,,non,,non,aucune,,"l.1046 — SATOSHILABS, 2019, « 7 Years of Hardware Wallets: The Success Story of Czech Crypto Enthusiasts Creating a Brand New… », https://blog.trezor.io/7-years-of-hardware-wallets-the-success-story-of-czech- crypto-enthusiasts-c",2019,accord,non,,apparié par patronyme+année (entrée unique pour ce couple),,,hors perimetre (volet 2)
2_annees_references,0add1f7a73c14b74a03b37ddadb9a99f,Scialom 2003 Economie bancaire,Reference,year,2003-01-01T00:00:00.000Z,non,,non,,non,aucune,,"l.1050 — SCIALOM Laurence, 2003, « Vers une société sans cash? », Anthropolis, 2003, vol. 1, n°2, p. 24‑35.",2003,accord,non,,apparié par patronyme+année (entrée unique ; similarité titre 1.00),,,hors perimetre (volet 2)
2_annees_references,1909afe656f74779a7856b9cb6be0c83,Sedgwick 2018a,Reference,year,2018,non,,non,,oui,aucune,,"l.1092 — SEDGWICK Kai, 2018a, « Bitcoin History Part 7: The First Major Hack », Featured Bitcoin News , https://news.bitcoin.com/bitcoin-history-part-7-the-first-major-hack/, 31 décembre 2018, consulté le 21 juillet 2020.",2018,accord,non,,apparié par patronyme+année+suffixe 'a',,,hors perimetre (volet 2)
2_annees_references,01b382d629ca4147885aba6de31028b4,Sedgwick 2018b,GreyLiterature|Reference,year,2018,non,,non,,oui,aucune,,"l.1094 — SEDGWICK Kai, 2018b, « Bitcoin History Part 6: The First Bitcoin Exchange », Featured Bitcoin News, https://news.bitcoin.com/bitcoin-history-part-6-the-first-bitcoin-exchange/, 25 décembre 2018, consulté le 21 juillet 20",2018,accord,non,,apparié par patronyme+année+suffixe 'b',,,hors perimetre (volet 2)
2_annees_references,a9f90b789f76495f8dd585508f0d3270,Sedgwick 2018c,Reference,year,2018,non,,non,,oui,aucune,,"l.1096 — SEDGWICK Kai, 2018c, « Bitcoin History Part 5: A Wild Altcoin Appears », Altcoins Bitcoin News, https://news.bitcoin.com/bitcoin-history-part-5-a-wild-altcoin-appears/, 19 décembre 2018, consulté le 21 juillet 2020.",2018,accord,non,,apparié par patronyme+année+suffixe 'c',,,hors perimetre (volet 2)
2_annees_references,e3a66f5b481943e2bf8276c057d70694,Sedgwick 2018d,GreyLiterature|Reference,year,2018,non,,non,,oui,aucune,,"l.1098 — SEDGWICK Kai, 2018d, « Bitcoin History Part 4: Casascius Creates Physical Bitcoins », Bitcoin News, https://news.bitcoin.com/bitcoin-history-part-4-casascius-creates-physical-bitcoins/, 12 décembre 2018, consulté le 21 j",2018,accord,non,,apparié par patronyme+année+suffixe 'd',,,hors perimetre (volet 2)
2_annees_references,17d787029b114193bac5a9a4eefac4c9,Sedgwick 2018e,GreyLiterature|Reference,year,2018,non,,non,,oui,aucune,source of→8b87b44e364a4852b773ff3757cc41c7 (Immersion : Acquisition UCN via faucets),"l.1100 — SEDGWICK Kai, 2018e, « Bitcoin History Part 3: Turning on the Faucet », Featured Bitcoin News , https://news.bitcoin.com/bitcoin-history-part-3-turning-on-the-faucet/, 8 décembre 2018, consulté le 21 juillet 2020.",2018,accord,non,,apparié par patronyme+année+suffixe 'e',,,hors perimetre (volet 2)
2_annees_references,1a65bbcf08a149a19181da4445b4d682,Sedgwick 2018f,GreyLiterature|Reference,year,2018,non,,non,,oui,aucune,,"l.1102 — SEDGWICK Kai, 2018f, « Bitcoin History Part 2: The Bitcoin Symbol », Featured Bitcoin News , https://news.bitcoin.com/bitcoin-history-part-2-the-bitcoin-symbol/, 2 décembre 2018, consulté le 21 juillet 2020.",2018,accord,non,,apparié par patronyme+année+suffixe 'f',,,hors perimetre (volet 2)
2_annees_references,fa666856c4f246b598664a99053dceee,Sedgwick 2018g,Reference,year,2018,non,,non,,oui,aucune,,"l.1104 — SEDGWICK Kai, 2018g, « Eight Historic Bitcoin Transactions », Featured Bitcoin News , https://news.bitcoin.com/eight-historic-bitcoin-transactions/, 27 novembre 2018, consulté le 21 juillet 2020.",2018,accord,non,,apparié par patronyme+année+suffixe 'g',,,hors perimetre (volet 2)
2_annees_references,f2030779829a48329a4095c0288ef513,Sedgwick 2019a,Reference,year,2019,non,,non,,oui,aucune,,"l.1060 — SEDGWICK Kai, 2019a, « Bitcoin History Part 22: The New Wealthy Elite », Featured Bitcoin News, https://news.bitcoin.com/bitcoin-history-part-22-the-new-wealthy-elite/, 19 décembre 2019, consulté le 21 juillet 2020.",2019,accord,non,,apparié par patronyme+année+suffixe 'a',,,hors perimetre (volet 2)
2_annees_references,2cc410abd7c54456be38e40470712548,Sedgwick 2019b,GreyLiterature|Reference,year,2019,non,,non,,oui,aucune,,"l.1062 — SEDGWICK Kai, 2019b, « Bitcoin History Part 21: Miners Pour One out for Satoshi », Featured Bitcoin News, https://news.bitcoin.com/bitcoin-history-part-21-miners-pour-one-out-for-satoshi/, 10 décembre 2019, consulté le 2",2019,accord,non,,apparié par patronyme+année+suffixe 'b',,,hors perimetre (volet 2)
2_annees_references,b469ce6b277c4d61a8bd5a9b33619389,Sedgwick 2019c,GreyLiterature|Reference,year,2019,non,,non,,oui,aucune,source of→2a326df566e841dfac836f168751c860 (Quote — Sedgwick 2019c : pool de minage 'communisme fondamentalement d),"l.1064 — SEDGWICK Kai, 2019c, « Bitcoin History Part 20: BTC Reaches $1 », Featured Bitcoin News , https://news.bitcoin.com/bitcoin-history-part-20-btc-reaches-1/, 13 novembre 2019, consulté le 21 juillet 2020.",2019,accord,non,,apparié par patronyme+année+suffixe 'c',,,hors perimetre (volet 2)
2_annees_references,36402a6863c344c4b894c0539b8f4308,Sedgwick 2019d,GreyLiterature|Reference,year,2019,non,,non,,oui,aucune,,"l.1066 — SEDGWICK Kai, 2019d, « Bitcoin History Part 19: Wikileaks and the Hornet’s Nest », Featured Bitcoin News, https://news.bitcoin.com/bitcoin-history-part-19-wikileaks-and-the-hornets-nest/, 7 novembre 2019, consulté le 21 ",2019,accord,non,,apparié par patronyme+année+suffixe 'd',,,hors perimetre (volet 2)
2_annees_references,b8188c1ce1bd4aca8ad1cce14846467d,Sedgwick 2019e,GreyLiterature|Reference,year,2019,non,,non,,oui,aucune,,"l.1068 — SEDGWICK Kai, 2019e, « Satoshi’s Final Messages Leave Tantalizing Clues to His Disappearance , Featured Bitcoin News , https://news.bitcoin.com/satoshis-final-messages-leave-tantalizing-clues-to-his- disappearance/, 30 o",2019,accord,non,,apparié par patronyme+année+suffixe 'e',,,hors perimetre (volet 2)
2_annees_references,0b6757906af240538fa81cb46e306e21,Sedgwick 2019f,GreyLiterature|Reference,year,2019,non,,non,,oui,aucune,,"l.1070 — SEDGWICK Kai, 2019f, « Bitcoin History Part 18: The First Bitcoin Wallet », Wallets Bitcoin News, https://news.bitcoin.com/bitcoin-history-part-18-the-first-bitcoin-wallet/, 6 octobre 2019, consulté le 21 juillet 2020.",2019,accord,non,,apparié par patronyme+année+suffixe 'f',,,hors perimetre (volet 2)
2_annees_references,7e8f363118eb44e7b9878864a8f5e58a,Sedgwick 2019g,GreyLiterature|Reference,year,2019,non,,non,,oui,aucune,,"l.1072 — SEDGWICK Kai, 2019g, « Bitcoin History Part 17: That Time Mt. Gox Destroyed 2,609 BTC », Featured Bitcoin News, https://news.bitcoin.com/bitcoin-history-part-17-that-time-mt-gox-destroyed-2609- btc/, 21 septembre 2019, c",2019,accord,non,,apparié par patronyme+année+suffixe 'g',,,hors perimetre (volet 2)
2_annees_references,efcb014295ad48a2879ab30024573972,Sedgwick 2019h,Reference,year,2019,non,,non,,oui,aucune,,"l.1074 — SEDGWICK Kai, 2019h, « Bitcoin History Part 16: The First Mt. Gox Hack », Featured Bitcoin News, https://news.bitcoin.com/bitcoin-history-part-16-the-first-mt-gox-hack/, 25 août 2019, consulté le 21 juillet 2020.",2019,accord,non,,apparié par patronyme+année+suffixe 'h',,,hors perimetre (volet 2)
2_annees_references,28c3d1f7710b4fb18892b2f570d99464,Sedgwick 2019i,GreyLiterature|Reference,year,2019,non,,non,,oui,aucune,,"l.1076 — SEDGWICK Kai, 2019i, « Bitcoin History Part 15: Silk Road Is Born », Featured Bitcoin News , https://news.bitcoin.com/bitcoin-history-part-15-silk-road-is-born/, 18 août 2019, consulté le 21 juillet 2020.",2019,accord,non,,apparié par patronyme+année+titre (similarité 1.00),,,hors perimetre (volet 2)
2_annees_references,674f0f1ee7784a21866a6370f2ed4704,Sedgwick 2019j,GreyLiterature|Reference,year,2019,non,,non,,oui,aucune,,"l.1078 — SEDGWICK Kai, 2019j, « Bitcoin History Part 14: The 1,000 BTC Poker Game », Featured Bitcoin News, https://news.bitcoin.com/bitcoin-history-part-14-the-1000-btc-poker-game/, 9 août 2019, consulté le 21 juillet 2020.",2019,accord,non,,apparié par patronyme+année+titre (similarité 1.00),,,hors perimetre (volet 2)
2_annees_references,cd74d2f448ec4372b41a8ed63a3f5f98,Sedgwick 2019k,Reference,year,2019,non,,non,,oui,aucune,,"l.1080 — SEDGWICK Kai, 2019k, « Bitcoin History Part 13: The First Mining Pool », Featured Bitcoin News, https://news.bitcoin.com/bitcoin-history-part-13-the-first-mining-pool/, 19 mai 2019, consulté le 21 juillet 2020.",2019,accord,non,,apparié par patronyme+année+titre (similarité 1.00),,,hors perimetre (volet 2)
2_annees_references,5a4e23cdbfb74154bea67b19975e4abd,Sedgwick 2019l,Reference,year,2019,non,,non,,oui,aucune,,"l.1082 — SEDGWICK Kai, 2019l, « Bitcoin History Part 12: When No One Wanted Your BTC », News Bitcoin News, https://news.bitcoin.com/bitcoin-history-part-12-when-no-one-wanted-your-btc/, 12 mai 2019, consulté le 21 juillet 2020.",2019,accord,non,,apparié par patronyme+année+titre (similarité 1.00),,,hors perimetre (volet 2)
2_annees_references,0ed1dd29e2e94c839b08c5c22979bf22,Sedgwick 2019m,Reference,year,2019,non,,non,,oui,aucune,,"l.1084 — SEDGWICK Kai, 2019m, « Bitcoin History Part 11: The First Major Loss of Coins », Featured Bitcoin News, https://news.bitcoin.com/bitcoin -history-part-11-the-first-major-loss-of-coins/, 29 avril 2019, consulté le 21 juil",2019,accord,non,,apparié par patronyme+année+titre (similarité 1.00),,,hors perimetre (volet 2)
2_annees_references,c25ce741365e4a029290eb5bcd4fa174,Sedgwick 2019n,Reference,year,2019,non,,non,,oui,aucune,,"l.1086 — SEDGWICK Kai, 2019n, « Bitcoin History Part 10: The 184 Billion BTC Bug », Featured Bitcoin News, https://news.bitcoin.com/bitcoin-history-part-10-the-184-billion-btc-bug/, 28 février 2019, consulté le 23 septembre 2019.",2019,accord,non,,apparié par patronyme+année+titre (similarité 1.00),,,hors perimetre (volet 2)
2_annees_references,e489ca0c8d744b43b166d85119fa4ec3,Sedgwick 2019o,GreyLiterature|Reference,year,2019,non,,non,,oui,aucune,,"l.1088 — SEDGWICK Kai, 2019o, « Bitcoin History Part 9: Mt. Gox Is Born », Featured Bitcoin News , https://news.bitcoin.com/bitcoin-history-part-9-mt-gox-is-born/, 26 janvier 2019, consulté le 21 juillet 2020.",2019,accord,non,,apparié par patronyme+année+titre (similarité 1.00),,,hors perimetre (volet 2)
2_annees_references,d1f0615da1ea4803b1f6fadc95e9e176,Sedgwick 2019p,Reference,year,2019,non,,non,,oui,aucune,,"l.1090 — SEDGWICK Kai, 2019p, « Bitcoin History Part 8: When 1,500 BTC Cost Less Than $1 », Featured Bitcoin News , https://news.bitcoin.com/bitcoin -history-part-8-when-1500-btc-cost-less-than-1/, 12 janvier 2019, consulté le 21",2019,accord,non,,apparié par patronyme+année+titre (similarité 1.00),,,hors perimetre (volet 2)
2_annees_references,47e012e3a2e9497b9441929a2cedf35e,Sedgwick 2020a,GreyLiterature|Reference,year,2020,non,,non,,oui,aucune,,"l.1054 — SEDGWICK Kai, 2020a, « Bitcoin History: When DDoS Attacks Made BTC’s Price Drop », Featured Bitcoin News, https://news.bitcoin.com/bitcoin-history-25/, 7 mars 2020, consulté le 21 juillet 2020.",2020,accord,non,,apparié par patronyme+année+suffixe 'a',,,hors perimetre (volet 2)
2_annees_references,601530e6aa0746329c195a14dcf24fd1,Sedgwick 2020b,GreyLiterature|Reference,year,2020,non,,non,,oui,aucune,,"l.1056 — SEDGWICK Kai, 2020b, « Bitcoin History Part 24: Celebrating the First Halving in 2012 », Featured Bitcoin News, https://news.bitcoin.com/bitcoin-history-part-24/, 25 février 2020, consulté le 21 juillet 2020.",2020,accord,non,,apparié par patronyme+année+suffixe 'b',,,hors perimetre (volet 2)
2_annees_references,e1081407d2d44750a89902ea2b7dccfc,Sedgwick 2020c,Reference,year,2020,non,,non,,oui,aucune,,"l.1058 — SEDGWICK Kai, 2020c, « Bitcoin History Part 23: The First BTC Escrow », https://news.bitcoin.com/bitcoin-history-part-23-the-first-btc-escrow/, 8 janvier 2020, consulté le 21 juillet 2020.",2020,accord,non,,apparié par patronyme+année+suffixe 'c',,,hors perimetre (volet 2)
2_annees_references,adc1a4d09cfb4a6892dfc8fa49cad2fc,Selgin 2013 Synthetic Commodity Money,Reference,year,2013-01-01T00:00:00.000Z,non,,non,,non,aucune,,"l.1110 — SELGIN George, 2014b, « Synthetic Commodity Money », Journal of Financial Stability, juillet 2014, vol. 17, p. 92‑99.",2014,desaccord_annee,oui,L'année du nœud « Selgin 2013 Synthetic Commodity Money » (2013) doit-elle être alignée sur celle de l'entrée bibliographique (2014) ? oui/non,"titre quasi identique (similarité 1.00) sur une entrée d'une autre année ; 1 entrée(s) du même patronyme en 2013 mais de titre différent (similarité 0.78) ; le corps de la thèse cite « G. Selgin (2013; 2014) » (assets/MD/02_chapitre_II.md l.203) : les deux millésimes existent, seul le titre porté par la fiche (« Synthetic Commodity Money ») désigne l'entrée 2014b — arbitrage de l'auteur",,,hors perimetre (volet 2)
2_annees_references,5680ab9e9b6a4a1f8f66964f7214266a,Selgin 2013 — Quasi-Commodity Money,AcademicWork|Reference,year,2013,non,,non,,non,aucune,,"l.1112 — SELGIN George, 2013, « Quasi-Commodity Money », SSRN Electronic Journal, 10 avril 2013.",2013,accord,non,,apparié par patronyme+année (entrée unique ; similarité titre 1.00),,,hors perimetre (volet 2)
2_annees_references,2639c718d6394322ab533a000887a2cf,Selgin 2014a — Bitcoin Problems and Prospects,AcademicWork|Reference,year,2014,non,,non,,non,aucune,,"l.1108 — SELGIN George, 2014a, « Bitcoin: Problems and Prospects », 12 novembre 2014 , Hillsdale University’s 2014 Free Market Forum, Indianapolis, Indiana, 23-25 octobre 2014.",2014,accord,non,,apparié par patronyme+année+suffixe 'a',,,hors perimetre (volet 2)
2_annees_references,3d76ab7fff1445c3a8dfb86736f5664f,Selgin 2014b — Synthetic Commodity Money,AcademicWork|Reference,year,2014,non,,non,,non,aucune,,"l.1110 — SELGIN George, 2014b, « Synthetic Commodity Money », Journal of Financial Stability, juillet 2014, vol. 17, p. 92‑99.",2014,accord,non,,apparié par patronyme+année+suffixe 'b',,,hors perimetre (volet 2)
2_annees_references,b023a2bb16f44f66af3a89f5a71f45eb,Servet Courbis Froment 1991 Nominalisme monetaire,Reference,year,1991-01-01T00:00:00.000Z,non,,non,,non,aucune,,"l.1122 — SERVET Jean-Michel, COURBIS Bernard et FROMENT Éric, 1991, « Enrichir l’économie politique de la monnaie par l’histoire », Revue économique, 1991, vol. 42, no 2, p. 315‑338.",1991,accord,non,,apparié par patronyme+année (entrée unique ; similarité titre 1.00),,,hors perimetre (volet 2)
2_annees_references,1f8cc3add79945b5bbcb31e9e211880c,Servet Dufresne 2021,Reference,year,2021-01-01T00:00:00.000Z,non,,non,,non,aucune,,"l.1116 — SERVET Jean Michel et DUFRÊNE Nicolas, 2021, « Le bitcoin devient un danger pour le système monétaire et financier et pour les citoyens », Le Monde.fr, 3 déc. 2021.",2021,accord,non,,apparié par patronyme+année (entrée unique ; similarité titre 0.86),,,hors perimetre (volet 2)
2_annees_references,8e373ebfb6c24b6b84bbe0f67fc2b316,Servet Théret Yildirim 2016 — Universalité du fait monétaire,AcademicWork|Reference,year,2016,non,,non,,non,aucune,,"l.1118 — SERVET Jean Michel, THÉRET Bruno et YILDIRIM Zeynep, 2016, « Universalité du fait monétaire et pluralité des monnaies : de la confrontation coloniale à la rencontre des sciences sociales » dans Théories Française de la m",2016,accord,non,,apparié par patronyme+année (entrée unique ; similarité titre 0.63),,,hors perimetre (volet 2)
2_annees_references,2461f0fb8d904328aa1dfe60c5d547b8,Shin 2022 Cryptopians,Reference,year,2022-01-01T00:00:00.000Z,non,,non,,non,aucune,,"l.1126 — SHIN Laura, 2022, The Cryptopians: Idealism, Greed, Lies, and the Making of the First Big Cryptocurrency Craze, New York, PublicAffairs, 496 p.",2022,accord,non,,apparié par patronyme+année (entrée unique pour ce couple),,,hors perimetre (volet 2)
2_annees_references,89e4b24810e94abe98890e581be45e7d,Shin 2022 — The Cryptopians,AcademicWork|Reference,year,2022,non,,non,,non,aucune,,"l.1126 — SHIN Laura, 2022, The Cryptopians: Idealism, Greed, Lies, and the Making of the First Big Cryptocurrency Craze, New York, PublicAffairs, 496 p.",2022,accord,non,,apparié par patronyme+année (entrée unique pour ce couple),,,hors perimetre (volet 2)
2_annees_references,0eaba96a5e48469fb4e8b0d60f13e155,Shinobi 2022,GreyLiterature|Reference,year,2022,non,,non,,non,aucune,authored[inverse]→b332ace807b84fe4ab2373b8dc8f4856 (Shinobi (pseudonyme))|mentions actor→b332ace807b84fe4ab2373b8dc8f4856 (Shinobi (pseudonyme)),"l.1128 — SHINOBI, 2022, « Why Bitcoin’s Ossification Will Eventually Be Necessary », Bitcoin Magazine , https://bitcoinmagazine.com/culture/why-bitcoins-ossification-will-be-necessary, 19 mai 2022, consulté le 16 mai 2023.",2022,accord,non,,apparié par patronyme+année (entrée unique pour ce couple),,,hors perimetre (volet 2)
2_annees_references,ed9405953e3f41b7a1a6b29ce7603128,Simmel 2009 — Philosophie de l'argent,AcademicWork|Reference,year,2009,non,,non,,non,aucune,,"l.1130 — SIMMEL Georg, 2009, Philosophie de l’argent , trad. S. Cornille et P. Ivernel, 2 ème éd., Paris, PUF, 662 p.",2009,accord,non,,apparié par patronyme+année (entrée unique pour ce couple),,,hors perimetre (volet 2)
2_annees_references,9774e3110cbd474fb708fc4aa092f7d5,Sirer Mark Zamfir 2016 DAO Flaws,Reference,year,2016-01-01T00:00:00.000Z,non,,non,,non,aucune,,"l.1136 — SIRER Emin Gün, MARK Dino et ZAMFIR Vlad, 2016, « A Call for a Temporary Moratorium on “The DAO” », https://docs.google.com/document/d/10kTyCmGPhvZy94F7VWyS- dQ4lsBacR2dUgGTtV98C40/edit?usp=embed_facebook, 26 mai 2016, c",2016,accord,non,,apparié par patronyme+année (entrée unique ; similarité titre 1.00),,,hors perimetre (volet 2)
2_annees_references,3e9d4208eaa247308802824363e39cd3,Song 2018 CVE post-mortem,Reference,year,2018-01-01T00:00:00.000Z,non,,non,,oui,aucune,,"l.1152 — SONG Jimmy, 2018c, « Bitcoin Core Bug CVE -2018–17144: An Analysis », https://hackernoon.com/bitcoin-core-bug-cve-2018-17144-an-analysis-f80d9d373362, 2018, consulté le 20 septembre 2019.",2018,accord,non,,apparié par patronyme+année+titre (similarité 1.00),,,hors perimetre (volet 2)
2_annees_references,99fade0200e641e482058ef454c6ecf2,Star & Griesemer 1989,Reference,year,1989,non,,non,,non,aucune,,,,entree_bibliographique_introuvable,non,,"patronyme présent au MD (2 entrée(s), années 1999,2010) mais aucun titre proche (meilleure similarité 0.26) : l'œuvre elle-même n'a pas d'entrée résolue — non-résolution, pas preuve d'erreur ; une Reference sans entrée au MD peut simplement n'avoir pas été convertie du PDF : ce n'est pas un défaut constaté",,,hors perimetre (volet 2)
2_annees_references,940fa052d3004315bb56e5785d746fe7,Star & Ruhleder 2010,Reference,year,2010-01-01T00:00:00.000Z,non,,non,,non,aucune,,"l.1156 — STAR Susan Leigh et RUHLEDER, K aren. (2010) . « Vers une écologie de l'infrastructure Conception et accès aux grands espaces d'information ». Revue d'anthropologie des connaissances, Vol 4, n° 1(1), 114-161. https://doi",2010,accord,non,,apparié par patronyme+année (entrée unique ; similarité titre 0.58),,,hors perimetre (volet 2)
2_annees_references,a5f0ee04162d4434ba7329ac575da1e4,Star & Ruhleder 2010 — Vers une écologie de l'infrastructure,AcademicWork|Reference,year,2010,non,,non,,non,aucune,,"l.1156 — STAR Susan Leigh et RUHLEDER, K aren. (2010) . « Vers une écologie de l'infrastructure Conception et accès aux grands espaces d'information ». Revue d'anthropologie des connaissances, Vol 4, n° 1(1), 114-161. https://doi",2010,accord,non,,apparié par patronyme+année (entrée unique ; similarité titre 1.00),,,hors perimetre (volet 2)
2_annees_references,f9dffa750bf5466eb6ab2c836395672c,Star 1999 Ethnography Infrastructure,Reference,year,1999-01-01T00:00:00.000Z,non,,non,,non,aucune,,"l.1154 — STAR Susan Leigh, 1999, « Ethnography of infrastructure », American Behavioral Scientist , 1999, vol. 43, p. 377-391.",1999,accord,non,,apparié par patronyme+année (entrée unique ; similarité titre 1.00),,,hors perimetre (volet 2)
2_annees_references,e054a8412cf847b7b75c471e72bc414f,Star 1999 — Ethnography of Infrastructure,AcademicWork|Reference,year,1999,non,,non,,non,aucune,,"l.1154 — STAR Susan Leigh, 1999, « Ethnography of infrastructure », American Behavioral Scientist , 1999, vol. 43, p. 377-391.",1999,accord,non,,apparié par patronyme+année (entrée unique ; similarité titre 1.00),,,hors perimetre (volet 2)
2_annees_references,8ba11b69224445fba65e1e5160b365f7,Sunny King et Nadal 2012,IndigenousLiterature|Reference,year,2012,non,,non,,non,aucune,,"l.656 — KING Sunny et NADAL Scott, 2012, « PPCoin: Peer-to-Peer Crypto-Currency with Proof-of-Stake », 19 août 2012.",2012,accord,non,,apparié par patronyme+année (entrée unique pour ce couple),,,hors perimetre (volet 2)
2_annees_references,fd65f418b8f248caa5867f4485228eb7,Tasca & Liu 2018,Reference,year,2018,non,,non,,non,aucune,,"l.1184 — TASCA Paolo et LIU Shaowen, 2018, « The Evolution of the Bitcoin Economy: Extracting and Analyzing the Network of Payment Relationships », SSRN Electronic Journal, 2018, vol. 19, no 2, p. 94‑126.",2018,accord,non,,apparié par patronyme+année (entrée unique ; similarité titre 0.54),,,hors perimetre (volet 2)
2_annees_references,6a3276869cdb4ac1904aa1067eabd63d,The Economist 2015,GreyLiterature|Reference,year,2015,non,,non,,non,aucune,,,,entree_bibliographique_introuvable,non,,"aucune entrée du MD ne porte un des patronymes candidats (ECONOMIST THE, THE ECONOMIST) ; non-résolution, pas preuve d'erreur ; une Reference sans entrée au MD peut simplement n'avoir pas été convertie du PDF : ce n'est pas un défaut constaté",,,hors perimetre (volet 2)
2_annees_references,a5deed892210461c9bddf8a8e3485537,Theret 2008 Etats de la monnaie,Reference,year,2008-01-01T00:00:00.000Z,non,,non,,non,aucune,,"l.1198 — THÉRET Bruno, 2008, « Les trois états de la monnaie », Revue économique, 2008, vol. 59, no 4, p.813- 840.",2008,accord,non,,apparié par patronyme+année (entrée unique ; similarité titre 1.00),,,hors perimetre (volet 2)
2_annees_references,9c6092d4334640bca80190027bfbeef4,Theymos 2015,IndigenousLiterature|Reference,year,2015,non,,non,,non,aucune,,"CANDIDAT NON CONFIRMÉ — l.1202 — THEYMOS, 2018, « The duplicate input vulnerability shouldn’t be forgotten », https://bitcointalk.org/index.php?topic=5035144.0, 22 septembre 2018, consulté le 31 mai 2021.",2018,resolution_ambigue,oui,Le nœud « Theymos 2015 » désigne-t-il bien l'entrée du MD l.1202 (2018) ? oui/non,"une seule entrée au MD pour ce patronyme, en 2018 ; le graphe ne porte pas de titre, l'identité de l'œuvre n'est donc pas établie : impossible de trancher entre une année erronée et une œuvre absente de la bibliographie",,,hors perimetre (volet 2)
2_annees_references,b4c4c35999af46698ed9c972a7e44b1f,Théret 2007 — La monnaie dévoilée par ses crises,AcademicWork|Reference,year,2007,non,,non,,non,aucune,,"l.1194 — THÉRET Bruno, 2007, « La monnaie dévoilée par ses crise s », Éditions de l’EHESS, Paris, 2007 , p. 512.",2007,accord,non,,apparié par patronyme+année (entrée unique ; similarité titre 0.99),,,hors perimetre (volet 2)
2_annees_references,22c9a9932b054b36959436c08c50d93e,Théret 2008 — Les trois états de la monnaie,AcademicWork|Reference,year,2008,non,,non,,non,aucune,,"l.1198 — THÉRET Bruno, 2008, « Les trois états de la monnaie », Revue économique, 2008, vol. 59, no 4, p.813- 840.",2008,accord,non,,apparié par patronyme+année (entrée unique ; similarité titre 1.00),,,hors perimetre (volet 2)
2_annees_references,1ac0b4d8f12e4313bad922acb6172fdb,Théret 2009 — Monnaie et dettes de vie,AcademicWork|Reference,year,2009,non,,non,,non,aucune,,"l.1196 — THÉRET Bruno, 2009, « Monnaie et dettes de vie », L’Homme, 30 avril 2009, n° 190, no 2, p. 153‑179.",2009,accord,non,,apparié par patronyme+année (entrée unique ; similarité titre 1.00),,,hors perimetre (volet 2)
2_annees_references,fc15b39971ef481991580da9aa7cdaee,Théret 2012 — Du keynésianisme au libertarianisme,AcademicWork|Reference,year,2012,non,,non,,non,aucune,,"l.1192 — THÉRET Bruno, 2012, « Du keynésianisme au libertarianisme. La place de la monnaie dans les transformations du savoir économique autorisé », Revue de la régulation, 2012, vol. 10.",2012,accord,non,,apparié par patronyme+année (entrée unique ; similarité titre 1.00),,,hors perimetre (volet 2)
2_annees_references,f192347519d44d48934b740b73a73f27,Tirole 2017 Enigma Bitcoin,Reference,year,2017-01-01T00:00:00.000Z,non,,non,,oui,aucune,,"l.1206 — TIROLE Jean, 2017, « There are many reasons to be cautious about bitcoin », https://www.ft.com/content/1c034898-d50f-11e7-a303-9060cb1e5f44, 30 novembre 2017, consulté le 14 mai 2020.",2017,accord,non,,apparié par patronyme+année (entrée unique ; similarité titre 1.00),,,hors perimetre (volet 2)
2_annees_references,2f1fca7ac1ff4ab39e90612457ec8dad,Tirole 2017 — Many reasons to be cautious about bitcoin,GreyLiterature|Reference,year,2017,non,,non,,non,aucune,,"l.1206 — TIROLE Jean, 2017, « There are many reasons to be cautious about bitcoin », https://www.ft.com/content/1c034898-d50f-11e7-a303-9060cb1e5f44, 30 novembre 2017, consulté le 14 mai 2020.",2017,accord,non,,apparié par patronyme+année (entrée unique ; similarité titre 1.00),,,hors perimetre (volet 2)
2_annees_references,b904b5171b4f4236894208cdbdc3686c,Torpey 2016 — Checks and Balances of Bitcoin Governance,IndigenousLiterature|Reference,year,2016,non,,non,,non,aucune,,"l.1208 — TORPEY Kyle, 2016, « The Checks and Balances of Bitcoin Governance », Bitcoin Magazine, https://bitcoinmagazine.com/technical/the-checks-and-balances-of-bitcoin-governance-1454695089, 5 février 2016, consulté le 8 févrie",2016,accord,non,,apparié par patronyme+année (entrée unique ; similarité titre 1.00),,,hors perimetre (volet 2)
2_annees_references,54491adc29114776a8b0167125f10f5a,Torpey 2018,GreyLiterature|Reference,year,2018,non,,non,,non,aucune,,"CANDIDAT NON CONFIRMÉ — l.1208 — TORPEY Kyle, 2016, « The Checks and Balances of Bitcoin Governance », Bitcoin Magazine, https://bitcoinmagazine.com/technical/the-checks-and-balances-of-bitcoin-governance-1454695089, 5 février 2016, consulté le 8 févrie",2016,resolution_ambigue,oui,Le nœud « Torpey 2018 » désigne-t-il bien l'entrée du MD l.1208 (2016) ? oui/non,"une seule entrée au MD pour ce patronyme, en 2016 ; le graphe ne porte pas de titre, l'identité de l'œuvre n'est donc pas établie : impossible de trancher entre une année erronée et une œuvre absente de la bibliographie",,,hors perimetre (volet 2)
2_annees_references,6b3c8ba8b848425893f4b36acccfb90c,TraFin 2014 — Rapport sur les monnaies virtuelles,Reference,year,2014,non,,non,,non,aucune,,,,entree_bibliographique_introuvable,non,,"aucune entrée du MD ne porte un des patronymes candidats (TRAFIN) ; non-résolution, pas preuve d'erreur ; une Reference sans entrée au MD peut simplement n'avoir pas été convertie du PDF : ce n'est pas un défaut constaté",,,hors perimetre (volet 2)
2_annees_references,9f8de37eda814c3089eb214ce8b8fcac,Trompette & Vinck 2009 — Retour sur la notion d'objet-frontière,AcademicWork|Reference,year,2009,non,,non,,non,aucune,,"l.1212 — TROMPETTE Pascale et VINCK Dominique, 2009, « Retour sur la notion d’objet -frontière », Revue d’anthropologie des connaissances, 2009, vol. 3, 1, no 1, p. 5‑27.",2009,accord,non,,apparié par patronyme+année (entrée unique ; similarité titre 1.00),,,hors perimetre (volet 2)
2_annees_references,86713c024e0248e2a5c327c6fd47d210,Tutin 2009 Histoire monnaie,Reference,year,2009-01-01T00:00:00.000Z,non,,non,,non,aucune,,"l.1226 — TUTIN Christian, 2009, Une histoire des théories monétaires par les textes , Flammarion., Paris, Champs classiques, 508 p.",2009,accord,non,,apparié par patronyme+année (entrée unique pour ce couple),,,hors perimetre (volet 2)
2_annees_references,3184a4a7d4c0431a98858b27194f30a4,Varoufakis 2013 — Bitcoin dangerous fantasy apolitical money,GreyLiterature|Reference,year,2013,non,,non,,non,aucune,,"l.1236 — VAROUFAKIS Yanis, 2013, « Bitcoin and the dangerous fantasy of ‘apolitical’ money », https://www.yanisvaroufakis.eu/2013/04/22/bitcoin-and-the-dangerous-fantasy-of-apolitical-money/, 22 avril 2013, consulté le 12 mai 202",2013,accord,non,,apparié par patronyme+année (entrée unique ; similarité titre 1.00),,,hors perimetre (volet 2)
2_annees_references,f218069dfe51432f98163fa6991abef1,Varoufakis 2020 — Why Bitcoin is not a socialist's ally,GreyLiterature|Reference,year,2020,non,,non,,non,aucune,,"l.1234 — VAROUFAKIS Yanis, 2020, « Why Bitcoin is not a socialist’s ally – Reply to Ben Arc – Yanis Varoufakis », https://www.yanisvaroufakis.eu/2020/07/27/why -bitcoin-is-the-not-socialists-ally-reply-to- ben-arc/, 27 juillet 20",2020,accord,non,,apparié par patronyme+année (entrée unique ; similarité titre 0.69),,,hors perimetre (volet 2)
2_annees_references,57283ba8aa2c42beb27e7cb1ae91b230,Velde 2013 — Bitcoin a primer (Federal Reserve Chicago),GreyLiterature|Reference,year,2013,non,,non,,non,aucune,,"l.1240 — VELDE François R., 2013, « Bitcoin a primer », The Federal Bank of Chicago, décembre 2013, no 317, p. 1‑4.",2013,accord,non,,apparié par patronyme+année (entrée unique ; similarité titre 1.00),,,hors perimetre (volet 2)
2_annees_references,354839e9e88649b1bfc42d89d28d1a84,Vergne & Swain 2017 Anarchic Categories,Reference,year,2017-01-01T00:00:00.000Z,non,,non,,non,aucune,,"l.1242 — VERGNE Jean Philippe et SWAIN Gautam, 2017, « Categorical Anarchy in the U.K. The British Media’s Classification of Bitcoin and the Limits of Categorization », Research in the Sociology of Organisation, 2017, vol. 51, p.",2017,accord,non,,apparié par patronyme+année (entrée unique ; similarité titre 0.43),,,hors perimetre (volet 2)
2_annees_references,b84ba9333dae45b79c193be327fb769a,Vergne & Swain 2017 — Categorical Anarchy Bitcoin British Media,AcademicWork|Reference,year,2017,non,,non,,non,aucune,,"l.1242 — VERGNE Jean Philippe et SWAIN Gautam, 2017, « Categorical Anarchy in the U.K. The British Media’s Classification of Bitcoin and the Limits of Categorization », Research in the Sociology of Organisation, 2017, vol. 51, p.",2017,accord,non,,apparié par patronyme+année (entrée unique ; similarité titre 0.82),,,hors perimetre (volet 2)
2_annees_references,5827f98bffe845e5b17b188531d11aa0,Voorhees 2013,GreyLiterature|Reference,year,2013,non,,non,,non,aucune,,"l.1252 — VOORHEES Erik, 2013, « SatoshiDice Sold for $12.4 Million », Bitcoin Magazine , https://bitcoinmagazine.com/articles/satoshidice-sold-12-4-million, 28 juillet 2013, consulté le 28 juillet 2020.",2013,accord,non,,apparié par patronyme+année (entrée unique pour ce couple),,,hors perimetre (volet 2)
2_annees_references,9d1b623cb2a342108c12d4218294d708,Walch 2017 Governance Blockchain,Reference,year,2017-01-01T00:00:00.000Z,non,,non,,non,aucune,,"l.1258 — WALCH Angela, 2017b, « Open Source Operational Risk : Should Public Blockchains Serve as Financial Market Infrastructures ? » dans David Lee Kuo Chuen & Robert H. DengElsevier (dir.), Handbook of Digital Banking & Intern",2017,accord,non,,apparié par patronyme+année+titre (similarité 1.00),,,hors perimetre (volet 2)
2_annees_references,21d453b14d7f4cdd9ff7e8afc9ba3acd,Walch 2017a — Path of the Blockchain Lexicon,AcademicWork|Reference,year,2017,non,,non,,non,aucune,,"l.1256 — WALCH Angela, 2017a, « The Path of the Blockchain Lexicon (and the Law) », 36 Rev. Banking & Fin. L, 2017, vol. 191, no 2016, p. 1‑13.",2017,accord,non,,apparié par patronyme+année+suffixe 'a',,,hors perimetre (volet 2)
2_annees_references,8640638b2d78436d8b471f947583747e,Walch 2017b — Open Source Operational Risk Blockchains,AcademicWork|Reference,year,2017,non,,non,,non,aucune,,"l.1258 — WALCH Angela, 2017b, « Open Source Operational Risk : Should Public Blockchains Serve as Financial Market Infrastructures ? » dans David Lee Kuo Chuen & Robert H. DengElsevier (dir.), Handbook of Digital Banking & Intern",2017,accord,non,,apparié par patronyme+année+suffixe 'b',,,hors perimetre (volet 2)
2_annees_references,e703deab353348fa820f62287c090cce,Walch 2019 — Deconstructing Decentralization,AcademicWork|Reference,year,2019,non,,non,,non,aucune,,"l.1254 — WALCH Angela, 2019, « Deconstructing ‘Decentralization’: Exploring the Core Claim of Crypto Systems », 30 janvier 2019, p. 36.",2019,accord,non,,apparié par patronyme+année (entrée unique ; similarité titre 1.00),,,hors perimetre (volet 2)
2_annees_references,e16ccb5b8c394bf6b955596c918f6e43,Weber Beat 2014a — Bitcoin and the legitimacy crisis of money,AcademicWork|Reference,year,2014,non,,non,,non,aucune,,"l.1264 — WEBER Beat, 2014a, « Bitcoin and the legitimacy crisis of money », Cambridge Journal of Economics, décembre 2014, vol. 40, no 1, p. 1‑25.",2014,accord,non,,apparié par patronyme+année+suffixe 'a',,,hors perimetre (volet 2)
2_annees_references,5ff1beb1ee0b43449c9ce88a1c21e2b6,Weber Beat 2014b — Can Bitcoin compete with money,AcademicWork|Reference,year,2014,non,,non,,non,aucune,,"l.1266 — WEBER Beat, 2014b, « Can Bitcoin compete with money? », Journal of Peer Production, n° 4 (2014), http://peerproduction.net/issues/issue-4-value-and-currency/invited-comments/can-bitcoincompete-with- money/, consulté le 2",2014,accord,non,,apparié par patronyme+année+suffixe 'b',,,hors perimetre (volet 2)
2_annees_references,4cf7803656584b009ba11f1a99fdb6e8,Whitebbit1111 2022,GreyLiterature|Reference,year,2022,non,,non,,non,aucune,,"l.1278 — WHITERABBIT1111, 2022, « The origin digital antiquities market (NFTs) », https://whiterabbit1111.medium.com/the-origin-digital-antiquities-market-nfts-1ea9b69c03f9, 1 juin 2022, consulté le 23 mai 2023.",2022,accord,non,,"appariement approximatif du patronyme : graphe «WHITEBBIT1111» ~ MD «WHITERABBIT1111» (similarité 0.93, coquille probable du MD) ; apparié par patronyme+année (entrée unique pour ce couple)",,,hors perimetre (volet 2)
2_annees_references,5b4b67bbe5774f5d97833c0e02d10f3a,Wilcke 2016 Hard Fork,Reference,year,2016-01-01T00:00:00.000Z,non,,non,,oui,aucune,,"l.1280 — WILCKE Jeffrey, 2016, « To Fork or not to Fork », https://blog.ethereum.org/2016/07/15/to-Fork-or- not-to-Fork/, 15 juillet 2016, consulté le 27 mars 2019.",2016,accord,non,,apparié par patronyme+année (entrée unique ; similarité titre 1.00),,,hors perimetre (volet 2)
2_annees_references,b4c29d75b01748fe9b457b73e0b045f3,Wilcke 2016 — To Fork or not to Fork,IndigenousLiterature|Reference,year,2016,non,,non,,non,aucune,,"l.1280 — WILCKE Jeffrey, 2016, « To Fork or not to Fork », https://blog.ethereum.org/2016/07/15/to-Fork-or- not-to-Fork/, 15 juillet 2016, consulté le 27 mars 2019.",2016,accord,non,,apparié par patronyme+année (entrée unique ; similarité titre 0.76),,,hors perimetre (volet 2)
2_annees_references,59c7ed8a91e34014b89c4afcfa04abcd,Willett 2012 Mastercoin WP,Reference,year,2012-01-01T00:00:00.000Z,non,,non,,oui,aucune,,"l.1282 — WILLETT JR, 2012, « 2ndBitcoinWhitepaper vs 0.5 20120106 », https://drive.google.com/file/d/18iRKDmZy44YDd3jyEtafouT1PA7dEi5e/view?usp=sharing&usp=embed _facebook, 6 janvier 2012, consulté le 31 mai 2023.",2012,accord,non,,apparié par patronyme+année (entrée unique ; similarité titre 0.64),,,hors perimetre (volet 2)
2_annees_references,e57bb7366c66490b82597a1edab3d016,Wirdum 2019,GreyLiterature|Reference,year,2019,non,,non,,non,aucune,,"l.1286 — WIRDUM Aaron van, 2019, « Stratum V2 Could Overhaul Pooled Bitcoin Mining », Bitcoin Magazine, https://bitcoinmagazine.com/articles/with-stratum-v2-braiins-plans-big-overhaul-in-pooled-bitcoin-mining, 5 août 2019, consul",2019,accord,non,,apparié par patronyme+année (entrée unique pour ce couple),,,hors perimetre (volet 2)
2_annees_references,462ca3c2907a45f0a4ef51d3bddbf906,Wood 2014 Yellow Paper,Reference,year,2014-01-01T00:00:00.000Z,non,,non,,oui,aucune,quote supports[inverse]→90d58fbba87e4e2c8abc5e433e5e25da (Quote — De Tychet : 'Le Yellow Paper décrit spécifiquement comment cha),"l.1300 — WOOD Gavin, 2014b, « “Yellow paper” : Ethereum: A Secure Decentralised Generalised Transaction Ledger (Version 2020-09-05) », 2014, p. 39.",2014,accord,non,,apparié par patronyme+année+titre (similarité 0.77),,,hors perimetre (volet 2)
2_annees_references,0dca90d7ef1f4ec8a2c44b20b3bbf668,Yermack 2013 Real Currency,Reference,year,2013-01-01T00:00:00.000Z,non,,non,,non,aucune,,"l.1306 — YERMACK David, 2013, « Is bitcoin a real currency? An economic appraisal », National Bureau of Economic Research, 2013, p. 1‑22.",2013,accord,non,,apparié par patronyme+année (entrée unique ; similarité titre 1.00),,,hors perimetre (volet 2)
2_annees_references,cd4ebb49a5854494a4df0bb45e292369,Yermack 2013 — Is Bitcoin a real currency,AcademicWork|Reference,year,2013,non,,non,,non,aucune,,"l.1306 — YERMACK David, 2013, « Is bitcoin a real currency? An economic appraisal », National Bureau of Economic Research, 2013, p. 1‑22.",2013,accord,non,,apparié par patronyme+année (entrée unique ; similarité titre 1.00),,,hors perimetre (volet 2)
2_annees_references,995d0c272da14d479572f406a5cd7423,Young 2017,GreyLiterature|Reference,year,2017,non,,non,,non,aucune,,"l.1308 — YOUNG Joseph, 2017, « Vitalik Buterin: Early Versions of Ethereum Were Supposed to Launch on Bitcoin », Coin Journal, https://coinjournal.net/news/vitalik-buterin-early-versions-ethereum-supposed- launch-bitcoin/, 14 nov",2017,accord,non,,apparié par patronyme+année (entrée unique pour ce couple),,,hors perimetre (volet 2)
2_annees_references,3e7501abd4be41d991b3915e35c24b6c,Zamfir 2019 — Against Szabo's Law For A New Crypto Legal System,GreyLiterature|Reference,year,2019,non,,non,,non,aucune,,"l.1310 — ZAMFIR Vlad, 2019, « Against Szabo’s Law, For A New Crypto Legal System », Medium, https://medium.com/cryptolawreview/against-szabos-law-for-a-new-crypto-legal-system-d00d0f3d3827, 26 janvier 2019, consulté le 20 mai 201",2019,accord,non,,apparié par patronyme+année (entrée unique ; similarité titre 1.00),,,hors perimetre (volet 2)
2_annees_references,c89bf93708224ac481afb22a55ca5362,Zelizer 1989,Reference,year,1989-01-01T00:00:00.000Z,non,,non,,oui,aucune,authored→30006fbecce44ddd9e82e817d2cbbc5a (Zelizer 2000 — The Purchase of Intimacy)|authored→bc1361982acc4dff8ee8d5a270e61f34 (Zelizer 1989 — Social Meaning of Money Special Monies)|authored→c274eca9c9e748abb5edd4e9306b4b45 (Zelizer 2005 — La signification sociale de l'argent),"l.1324 — ZELIZER Viviana A ., 1989, « The Social Meaning of Money : “Special Monies” », The American Journal of Sociology, 1989, vol. 95, no 2, p. 342‑377.",1989,accord,non,,apparié par patronyme+année (entrée unique ; similarité titre 0.78),,,hors perimetre (volet 2)
2_annees_references,bc1361982acc4dff8ee8d5a270e61f34,Zelizer 1989 — Social Meaning of Money Special Monies,AcademicWork|Reference,year,1989,non,,non,,non,aucune,authored[inverse]→c89bf93708224ac481afb22a55ca5362 (Zelizer 1989),"l.1324 — ZELIZER Viviana A ., 1989, « The Social Meaning of Money : “Special Monies” », The American Journal of Sociology, 1989, vol. 95, no 2, p. 342‑377.",1989,accord,non,,apparié par patronyme+année (entrée unique ; similarité titre 1.00),,,hors perimetre (volet 2)
2_annees_references,30006fbecce44ddd9e82e817d2cbbc5a,Zelizer 2000 — The Purchase of Intimacy,AcademicWork|Reference,year,2000,non,,non,,non,aucune,authored[inverse]→c89bf93708224ac481afb22a55ca5362 (Zelizer 1989),"l.1318 — ZELIZER Viviana A., 2000, « The Purchase of Intimacy », Law and Social Inquiry, juillet 2000, vol. 25, no 3, p. 817‑848.",2000,accord,non,,apparié par patronyme+année (entrée unique ; similarité titre 1.00),,,hors perimetre (volet 2)
2_annees_references,c274eca9c9e748abb5edd4e9306b4b45,Zelizer 2005 — La signification sociale de l'argent,AcademicWork|Reference,year,2005,non,,non,,non,aucune,authored[inverse]→c89bf93708224ac481afb22a55ca5362 (Zelizer 1989),"l.1316 — ZELIZER Viviana, 2005, « Argent, circuits, relations intimes », Enfances, Familles, Générations, 2005, no 2.",2005,accord,non,,année corroborée par 2 entrées du même patronyme ; l'entrée précise n'est pas discriminée,,,hors perimetre (volet 2)
