entity_id;entity_name;entity_types;attribute_key;grc20_value_type;raw_value;normalized_iso;granularity;format_family;dmy_ambiguous;type_key_mismatch;intra_entity_conflict;description_date_hint;description_conflict;plausibility_flag;notes
00586d082e964abab5d9f45c73948400;CVE-2013-5700 — Remote p2p crash via bloom filters;CrisisEvent;date;TEXT;04/09/2013;2013;jour;DD-MM-YYYY-ou-MM-DD-YYYY;oui;oui;;;;ok;ordre jour/mois indecidable : « 04/09/2013 » se lit 2013-09-04 (JJ/MM) ou 2013-04-09 (MM/JJ) , normalized_iso s'arrete a l'annee, aucune convention n'est appliquee
007a894f83664b31b7c3a93b10c55296;Finney 2009;IndigenousLiterature|Reference;year;TEXT;2009;2009;annee;annee;;oui;;;;ok;
008274f26bfd46dcabf5589b2a1cd15f;InfrastructureEvent — Standardisation des propositions protocolaires (BIP);InfrastructureEvent;date;TEXT;2011-08-19;2011-08-19;jour;ISO-jour;;oui;;2011;non;ok;description : accord d'annee (2011 contre 2011-08-19)
008274f26bfd46dcabf5589b2a1cd15f;InfrastructureEvent — Standardisation des propositions protocolaires (BIP);InfrastructureEvent;dateAuthority;TEXT;TIMELINE_FIGURE;;indeterminee;libre;;non;;2011;;non_parsable;cle du perimetre qui ne porte PAS une date : niveau de preuve de la date (AUTHOR_VERIFIED / EXTERNAL_VERIFICATION / TIMELINE_FIGURE), pas une date | aucune annee a quatre chiffres dans la valeur | description datee mais aucune annee derivee de la valeur : comparaison impossible, rien n'est conclu
008274f26bfd46dcabf5589b2a1cd15f;InfrastructureEvent — Standardisation des propositions protocolaires (BIP);InfrastructureEvent;dateSource;TEXT;Thèse — Chronologie (figure) Chapitre I.2;;indeterminee;libre;;non;;2011;;non_parsable;cle du perimetre qui ne porte PAS une date : reference bibliographique de la date (ex. « Sedgwick 2018e »), pas une date | aucune annee a quatre chiffres dans la valeur | description datee mais aucune annee derivee de la valeur : comparaison impossible, rien n'est conclu
008659c674db4c8b91a0e6372fbf684f;Dashjr 2014a;IndigenousLiterature|Reference;year;TEXT;2014;2014;annee;annee;;oui;;;;ok;
00d8c6248c554ebe93373d571afbc833;Miles et Voorhees 2017;GreyLiterature|Reference;year;TEXT;2017;2017;annee;annee;;oui;;;;ok;
019689c1ce06489a84768c51637eb9ed;Phase de péché;DevelopmentPhase;dateRange;TEXT;01/04/2012 — 30/10/2013;;plage;libre;oui;non;;2009|2012|2013|2018;non;ok;plage a deux bornes datees : « 01/04/2012 » -> 2012 et « 30/10/2013 » -> 2013-10-30 , famille `libre` par convention de colonne (la nomenclature ne prevoit que `plage-annees`), normalized_iso reste vide, choisir une borne serait un arbitrage | au moins une borne a un ordre jour/mois indecidable — l'annee de chaque borne reste, elle, etablie | description : accord d'annee (2009|2012|2013|2018 contre 2012,2013)
01b382d629ca4147885aba6de31028b4;Sedgwick 2018b;GreyLiterature|Reference;consultedDate;TEXT;21 juillet 2020;2020-07-21;jour;libre;;non;;;;ok;date en toutes lettres (jour, mois, annee) : famille `libre` par convention de colonne, mais entierement derivable
01b382d629ca4147885aba6de31028b4;Sedgwick 2018b;GreyLiterature|Reference;date;TEXT;25 décembre 2018;2018-12-25;jour;libre;;oui;;;;ok;date en toutes lettres (jour, mois, annee) : famille `libre` par convention de colonne, mais entierement derivable | role « point » : accord d'annee avec year
01b382d629ca4147885aba6de31028b4;Sedgwick 2018b;GreyLiterature|Reference;year;TEXT;2018;2018;annee;annee;;oui;;;;ok;role « point » : accord d'annee avec date
0235afb12219443c9fd0580e7b5a07a1;Bitstamp;Organization;foundedYear;NUMBER;2011;2011;annee;annee;;non;;;;ok;
026703922bb14846947d61d047329236;Nethermind;ActorNonHuman;launchYear;TIME;2018-01-01T00:00:00.000Z;2018-01-01;jour;TIME-ISO-Z;;oui;;;;ok;
02e004e015cc4982a33168f8d6432cab;Aglietta & Orleans 2002;Reference;year;TIME;2002-01-01T00:00:00.000Z;2002-01-01;jour;TIME-ISO-Z;;oui;;;;ok;cle `year` encodee en TIME au 1er janvier : la precision jour est un artefact d'encodage, la donnee utile est l'annee
02ecb7bc25414f3391f3c67145607241;Bitmex Research 2017 DAO Hard Fork;Reference;year;TIME;2017-01-01T00:00:00.000Z;2017-01-01;jour;TIME-ISO-Z;;oui;;;;ok;cle `year` encodee en TIME au 1er janvier : la precision jour est un artefact d'encodage, la donnee utile est l'annee
030117094d7c40deb5dea2f95e04c203;Böhme et al. 2020 — Responsible vulnerability disclosure;AcademicWork|Reference;year;TEXT;2020;2020;annee;annee;;oui;;;;ok;
031391f624304483a4b820df6efea622;InfrastructureEvent — Nakamoto annonce une liste de diffusion dédiée (SourceForge);InfrastructureEvent;date;TEXT;2008-12-10;2008-12-10;jour;ISO-jour;;oui;;2008-11;non;ok;description : accord d'annee (2008-11 contre 2008-12-10)
031391f624304483a4b820df6efea622;InfrastructureEvent — Nakamoto annonce une liste de diffusion dédiée (SourceForge);InfrastructureEvent;dateAuthority;TEXT;TIMELINE_FIGURE;;indeterminee;libre;;non;;2008-11;;non_parsable;cle du perimetre qui ne porte PAS une date : niveau de preuve de la date (AUTHOR_VERIFIED / EXTERNAL_VERIFICATION / TIMELINE_FIGURE), pas une date | aucune annee a quatre chiffres dans la valeur | description datee mais aucune annee derivee de la valeur : comparaison impossible, rien n'est conclu
031391f624304483a4b820df6efea622;InfrastructureEvent — Nakamoto annonce une liste de diffusion dédiée (SourceForge);InfrastructureEvent;dateSource;TEXT;Thèse — Chronologie (figure) Chapitre I.2;;indeterminee;libre;;non;;2008-11;;non_parsable;cle du perimetre qui ne porte PAS une date : reference bibliographique de la date (ex. « Sedgwick 2018e »), pas une date | aucune annee a quatre chiffres dans la valeur | description datee mais aucune annee derivee de la valeur : comparaison impossible, rien n'est conclu
0332cb342a114a97ab62d525d4142ae3;Casascius Physical Bitcoins;ActorNonHuman;period;TEXT;2011-2013;;plage;plage-annees;;non;;;;ok;plage d'annees 2011-2013 : normalized_iso reste vide, choisir une des deux bornes serait un arbitrage
03f93467fc1f4650acdc64167a8ecce4;Narrative 'blockchain sans Bitcoin' (2015);Concept;period;TEXT;2015 et après;;indeterminee;libre;;non;;;;non_parsable;ANNEES CITEES dans la valeur (non retenues comme date) : 2015
0403f5fe541b458481734f825d0a0aad;Besu (Hyperledger Besu);ActorNonHuman;launchYear;TIME;2019-01-01T00:00:00.000Z;2019-01-01;jour;TIME-ISO-Z;;oui;;;;ok;
041836ba3e5c4b39aecbc60498fc603d;Capability — Minage FPGA (semi-spécialisation);Capability;period;TEXT;2011-2013;;plage;plage-annees;;non;;;;ok;plage d'annees 2011-2013 : normalized_iso reste vide, choisir une des deux bornes serait un arbitrage
0423dfbdf0904305b1d7e48c3df78ae2;CVE-2010-5141 (Vol de clés privées);CrisisEvent;year;TEXT;2010;2010;annee;annee;;oui;;;;ok;
0441f46f712d41489f63260e8f97be85;ElBahrawy et al. 2017;AcademicWork|Reference;year;TEXT;2017;2017;annee;annee;;oui;;;;ok;
04dd36dce5e64b6487820a2b61229d43;NewLibertyStandard 2009 — Bitcoin exchange rate post;IndigenousLiterature|Reference;year;TEXT;2009;2009;annee;annee;;oui;;;;ok;
04de601cb8024a0a9e9f81974f1c8116;InfrastructureEvent — WordPress accepte les paiements en Bitcoin (2012);InfrastructureEvent;date;TEXT;15/11/2012;2012-11-15;jour;DD-MM-YYYY-ou-MM-DD-YYYY;non;oui;;2012-11;non;ok;ordre etabli sans convention : le groupe 15 depasse 12 et ne peut pas etre un mois (JJ/MM/AAAA) | description : accord d'annee (2012-11 contre 2012-11-15)
05338358f9d7485dbef4110be604c4f8;Danezis et Meiklejohn 2015;AcademicWork|Reference;year;TEXT;2015;2015;annee;annee;;oui;;;;ok;
05ad44df186a4cfabf1d29fbba4f8233;Cuny 2013;GreyLiterature|Reference;year;TEXT;2013;2013;annee;annee;;oui;;;;ok;
0628e0fc39504e9e8b501e94365bbef8;InfrastructureEvent — WeUseCoins et crypto.fr, medias communautaires (2011);InfrastructureEvent;date;TEXT;2011;2011;annee;annee;;oui;;;;ok;
06ac37fc6cf24af49ec79ec265159ad8;InfrastructureEvent — Nakamoto crée le forum Bitcointalk;InfrastructureEvent;date;TEXT;2009-11-22;2009-11-22;jour;ISO-jour;;oui;;2009-11;non;ok;description : accord d'annee (2009-11 contre 2009-11-22)
06ac37fc6cf24af49ec79ec265159ad8;InfrastructureEvent — Nakamoto crée le forum Bitcointalk;InfrastructureEvent;dateAuthority;TEXT;TIMELINE_FIGURE;;indeterminee;libre;;non;;2009-11;;non_parsable;cle du perimetre qui ne porte PAS une date : niveau de preuve de la date (AUTHOR_VERIFIED / EXTERNAL_VERIFICATION / TIMELINE_FIGURE), pas une date | aucune annee a quatre chiffres dans la valeur | description datee mais aucune annee derivee de la valeur : comparaison impossible, rien n'est conclu
06ac37fc6cf24af49ec79ec265159ad8;InfrastructureEvent — Nakamoto crée le forum Bitcointalk;InfrastructureEvent;dateSource;TEXT;Thèse — Chronologie (figure) Chapitre I.2;;indeterminee;libre;;non;;2009-11;;non_parsable;cle du perimetre qui ne porte PAS une date : reference bibliographique de la date (ex. « Sedgwick 2018e »), pas une date | aucune annee a quatre chiffres dans la valeur | description datee mais aucune annee derivee de la valeur : comparaison impossible, rien n'est conclu
07328e2856b1462d882bd1a6a7dfdafa;CVE-2012-4683 — Targeted DoS by CPU exhaustion using alerts;CrisisEvent;date;TEXT;23/08/2012;2012-08-23;jour;DD-MM-YYYY-ou-MM-DD-YYYY;non;oui;;;;ok;ordre etabli sans convention : le groupe 23 depasse 12 et ne peut pas etre un mois (JJ/MM/AAAA)
07715d5ff1d647e88fa6a2f94be1a102;InfrastructureEvent — ASIC Antminer S9 (14 TH/s) par Bitmain (2016);InfrastructureEvent;date;TEXT;12/06/2016;2016;jour;DD-MM-YYYY-ou-MM-DD-YYYY;oui;oui;;2016-06;non;ok;ordre jour/mois indecidable : « 12/06/2016 » se lit 2016-06-12 (JJ/MM) ou 2016-12-06 (MM/JJ) , normalized_iso s'arrete a l'annee, aucune convention n'est appliquee | description : accord d'annee (2016-06 contre 2016)
08a230a6d478497b8a2d0b155bc89db1;InfrastructureEvent — CoinGecko : plateforme données cryptomarché;InfrastructureEvent;date;TEXT;2014;2014;annee;annee;;oui;;2020;oui;ok;CONFLIT DESCRIPTION : la description ne cite que 2020 la ou date vaut 2014 — une description cite volontiers des annees qui ne sont pas la date de l'entite : signalement, pas erreur etablie
08a230a6d478497b8a2d0b155bc89db1;InfrastructureEvent — CoinGecko : plateforme données cryptomarché;InfrastructureEvent;dateSource;TEXT;CoinGecko 2020;;indeterminee;libre;;non;;2020;;non_parsable;cle du perimetre qui ne porte PAS une date : reference bibliographique de la date (ex. « Sedgwick 2018e »), pas une date | ANNEES CITEES dans la valeur (non retenues comme date) : 2020 | description datee mais aucune annee derivee de la valeur : comparaison impossible, rien n'est conclu
09746caaab9347219a82b622960f3b49;InfrastructureEvent — Incident Ghash.io : dépassement 51% (janvier 2014);InfrastructureEvent;date;TEXT;2014-01;2014-01;mois;ISO-mois;;oui;;2014-01;non;ok;description : accord d'annee (2014-01 contre 2014-01)
09746caaab9347219a82b622960f3b49;InfrastructureEvent — Incident Ghash.io : dépassement 51% (janvier 2014);InfrastructureEvent;dateSource;TEXT;Hajdarbegovic 2014;;indeterminee;libre;;non;;2014-01;;non_parsable;cle du perimetre qui ne porte PAS une date : reference bibliographique de la date (ex. « Sedgwick 2018e »), pas une date | ANNEES CITEES dans la valeur (non retenues comme date) : 2014 | description datee mais aucune annee derivee de la valeur : comparaison impossible, rien n'est conclu
09d15bd8d03c4fa38ecbd33cf5862f9b;InfrastructureEvent — Premier échange contre marchandise (pizzas);InfrastructureEvent;date;TEXT;2010-05-21;2010-05-21;jour;ISO-jour;;oui;;2010-05;non;ok;description : accord d'annee (2010-05 contre 2010-05-21)
09d15bd8d03c4fa38ecbd33cf5862f9b;InfrastructureEvent — Premier échange contre marchandise (pizzas);InfrastructureEvent;dateAuthority;TEXT;TIMELINE_FIGURE;;indeterminee;libre;;non;;2010-05;;non_parsable;cle du perimetre qui ne porte PAS une date : niveau de preuve de la date (AUTHOR_VERIFIED / EXTERNAL_VERIFICATION / TIMELINE_FIGURE), pas une date | aucune annee a quatre chiffres dans la valeur | description datee mais aucune annee derivee de la valeur : comparaison impossible, rien n'est conclu
09d15bd8d03c4fa38ecbd33cf5862f9b;InfrastructureEvent — Premier échange contre marchandise (pizzas);InfrastructureEvent;dateSource;TEXT;Thèse — Chronologie (figure) Chapitre I.2;;indeterminee;libre;;non;;2010-05;;non_parsable;cle du perimetre qui ne porte PAS une date : reference bibliographique de la date (ex. « Sedgwick 2018e »), pas une date | aucune annee a quatre chiffres dans la valeur | description datee mais aucune annee derivee de la valeur : comparaison impossible, rien n'est conclu
0abc7476946d4dbdbd9d4bca209cc889;Cartelier 2001 — Monnaie et marché;AcademicWork|Reference;year;TEXT;2001;2001;annee;annee;;oui;;;;ok;
0add1f7a73c14b74a03b37ddadb9a99f;Scialom 2003 Economie bancaire;Reference;year;TIME;2003-01-01T00:00:00.000Z;2003-01-01;jour;TIME-ISO-Z;;oui;;;;ok;cle `year` encodee en TIME au 1er janvier : la precision jour est un artefact d'encodage, la donnee utile est l'annee
0b6757906af240538fa81cb46e306e21;Sedgwick 2019f;GreyLiterature|Reference;consultedDate;TEXT;21 juillet 2020;2020-07-21;jour;libre;;non;;;;ok;date en toutes lettres (jour, mois, annee) : famille `libre` par convention de colonne, mais entierement derivable
0b6757906af240538fa81cb46e306e21;Sedgwick 2019f;GreyLiterature|Reference;date;TEXT;6 octobre 2019;2019-10-06;jour;libre;;oui;;;;ok;date en toutes lettres (jour, mois, annee) : famille `libre` par convention de colonne, mais entierement derivable | role « point » : accord d'annee avec year
0b6757906af240538fa81cb46e306e21;Sedgwick 2019f;GreyLiterature|Reference;year;TEXT;2019;2019;annee;annee;;oui;;;;ok;role « point » : accord d'annee avec date
0b78cd80142143b8a879845debb6c3c6;InfrastructureEvent — Innovations de métaprotocole Bitcoin (2012-2014);InfrastructureEvent;period;TEXT;2012-2014;;plage;plage-annees;;non;;;;ok;plage d'annees 2012-2014 : normalized_iso reste vide, choisir une des deux bornes serait un arbitrage
0c6543e3c0a74af5b0f004d4e44833e7;GovernanceProcess — Bitcoin Scaling Debate (2015-2017);GovernanceProcess;dateEnd;TEXT;2017-08;2017-08;mois;ISO-mois;;oui;;;;ok;
0c6543e3c0a74af5b0f004d4e44833e7;GovernanceProcess — Bitcoin Scaling Debate (2015-2017);GovernanceProcess;dateStart;TEXT;2015;2015;annee;annee;;oui;;;;ok;
0d3e806ee1f94421b7ff458eedc65ffa;CVE-2013-3219 — Unenforced block protocol rule;CrisisEvent;date;TEXT;11/03/2013;2013;jour;DD-MM-YYYY-ou-MM-DD-YYYY;oui;oui;;;;ok;ordre jour/mois indecidable : « 11/03/2013 » se lit 2013-03-11 (JJ/MM) ou 2013-11-03 (MM/JJ) , normalized_iso s'arrete a l'annee, aucune convention n'est appliquee
0d81bba0461d49a5af8997a20663d630;InfrastructureEvent — BitcoinTalk forum created;InfrastructureEvent;date;TEXT;2010-11-22;2010-11-22;jour;ISO-jour;;oui;;2009-11;oui;ok;CONFLIT DESCRIPTION : la description ne cite que 2009-11 la ou date vaut 2010-11-22 — une description cite volontiers des annees qui ne sont pas la date de l'entite : signalement, pas erreur etablie
0d81bba0461d49a5af8997a20663d630;InfrastructureEvent — BitcoinTalk forum created;InfrastructureEvent;dateAuthority;TEXT;TIMELINE_FIGURE;;indeterminee;libre;;non;;2009-11;;non_parsable;cle du perimetre qui ne porte PAS une date : niveau de preuve de la date (AUTHOR_VERIFIED / EXTERNAL_VERIFICATION / TIMELINE_FIGURE), pas une date | aucune annee a quatre chiffres dans la valeur | description datee mais aucune annee derivee de la valeur : comparaison impossible, rien n'est conclu
0d81bba0461d49a5af8997a20663d630;InfrastructureEvent — BitcoinTalk forum created;InfrastructureEvent;dateSource;TEXT;Thèse — Chronologie 2 (p.88);;indeterminee;libre;;non;;2009-11;;non_parsable;cle du perimetre qui ne porte PAS une date : reference bibliographique de la date (ex. « Sedgwick 2018e »), pas une date | aucune annee a quatre chiffres dans la valeur | description datee mais aucune annee derivee de la valeur : comparaison impossible, rien n'est conclu
0db6743ed2b54329b3d5a1bc06de21e0;Apodaca 2015;GreyLiterature|Reference;year;TEXT;2015;2015;annee;annee;;oui;;;;ok;
0dca90d7ef1f4ec8a2c44b20b3bbf668;Yermack 2013 Real Currency;Reference;year;TIME;2013-01-01T00:00:00.000Z;2013-01-01;jour;TIME-ISO-Z;;oui;;;;ok;cle `year` encodee en TIME au 1er janvier : la precision jour est un artefact d'encodage, la donnee utile est l'annee
0e225413a3db45f3934676e31efc9798;Chainalysis Team 2019;GreyLiterature|Reference;year;TEXT;2019;2019;annee;annee;;oui;;;;ok;
0e846ffeb3614e4b834379420cf5700e;Entretien n°10;PrimarySource;dateInterview;TIME;2019-04-04T00:00:00.000Z;2019-04-04;jour;TIME-ISO-Z;;non;;;;ok;
0e96ccb67e8e4b5ba0f2c9af8d3276bd;Brokaw 2014;GreyLiterature|Reference;year;TEXT;2014;2014;annee;annee;;oui;;;;ok;
0e9e7f0ba0a04261b0bc5d7e8d363a68;Observation participante n°22;PrimarySource;dateEvenement;TIME;2019-02-21T00:00:00.000Z;2019-02-21;jour;TIME-ISO-Z;;non;;;;ok;
0ea689b1511b481e9df16233058bcce1;Rolland & Slim 2017;Reference;year;TIME;2017-01-01T00:00:00.000Z;2017-01-01;jour;TIME-ISO-Z;;oui;;;;ok;cle `year` encodee en TIME au 1er janvier : la precision jour est un artefact d'encodage, la donnee utile est l'annee
0eaba96a5e48469fb4e8b0d60f13e155;Shinobi 2022;GreyLiterature|Reference;year;TEXT;2022;2022;annee;annee;;oui;;;;ok;
0eb3e354c767442f9cfad6071a35af03;Chaum 1996 — DigiCash eCash Deutsche Bank;IndigenousLiterature|Reference;year;TEXT;1996;1996;annee;annee;;oui;;;;ok;
0eb8e8c40dca46c0b2a860444b29a454;InfrastructureEvent — Proof of Keys Day (3 janvier, annuel depuis 2019);InfrastructureEvent;date;TEXT;2019-01-03;2019-01-03;jour;ISO-jour;;oui;;;;ok;
0ec8d4683eb14f49a2b5dd37ac2c8858;InfrastructureEvent — Bitcoin Faucet;InfrastructureEvent;date;TEXT;2010-06;2010-06;mois;ISO-mois;;oui;;2010;non;ok;description : accord d'annee (2010 contre 2010-06)
0ed1dd29e2e94c839b08c5c22979bf22;Sedgwick 2019m;Reference;consultedDate;TEXT;21 juillet 2020;2020-07-21;jour;libre;;non;;;;ok;date en toutes lettres (jour, mois, annee) : famille `libre` par convention de colonne, mais entierement derivable
0ed1dd29e2e94c839b08c5c22979bf22;Sedgwick 2019m;Reference;date;TEXT;29 avril 2019;2019-04-29;jour;libre;;oui;;;;ok;date en toutes lettres (jour, mois, annee) : famille `libre` par convention de colonne, mais entierement derivable | role « point » : accord d'annee avec year
0ed1dd29e2e94c839b08c5c22979bf22;Sedgwick 2019m;Reference;year;TEXT;2019;2019;annee;annee;;oui;;;;ok;role « point » : accord d'annee avec date
117c1b4f6212439a832bb191383b4a7b;European Central Bank 2012;GreyLiterature|Reference;year;TEXT;2012;2012;annee;annee;;oui;;;;ok;
11a4ed5ee90b44818d99cc9061389ebf;Couppey-Soubeyran 2021;Reference;year;TIME;2021-01-01T00:00:00.000Z;2021-01-01;jour;TIME-ISO-Z;;oui;;;;ok;cle `year` encodee en TIME au 1er janvier : la precision jour est un artefact d'encodage, la donnee utile est l'annee
11ca49860474402ab03050357095c728;Musiani 2018 CM Gouvernance;Reference;year;TIME;2018-01-01T00:00:00.000Z;2018-01-01;jour;TIME-ISO-Z;;oui;;;;ok;cle `year` encodee en TIME au 1er janvier : la precision jour est un artefact d'encodage, la donnee utile est l'annee
120e6fa2cdfa464ea7e51a34386adb73;InfrastructureEvent — Perte 9000 BTC (premier utilisateur, 10 aout 2010);InfrastructureEvent;date;TEXT;2010-08-10;2010-08-10;jour;ISO-jour;;oui;;2019;oui;ok;CONFLIT DESCRIPTION : la description ne cite que 2019 la ou date vaut 2010-08-10 — une description cite volontiers des annees qui ne sont pas la date de l'entite : signalement, pas erreur etablie
120e6fa2cdfa464ea7e51a34386adb73;InfrastructureEvent — Perte 9000 BTC (premier utilisateur, 10 aout 2010);InfrastructureEvent;dateSource;TEXT;Sedgwick 2019;;indeterminee;libre;;non;;2019;;non_parsable;cle du perimetre qui ne porte PAS une date : reference bibliographique de la date (ex. « Sedgwick 2018e »), pas une date | ANNEES CITEES dans la valeur (non retenues comme date) : 2019 | description datee mais aucune annee derivee de la valeur : comparaison impossible, rien n'est conclu
12c586ca60d94526a01963a1252861cf;Buterin 2013 Ethereum Whitepaper;Reference;year;TEXT;2013;2013;annee;annee;;oui;;;;ok;
13392028e0914028989b1b58efe04c03;Bradbury 2014;GreyLiterature|Reference;year;TEXT;2014;2014;annee;annee;;oui;;;;ok;
143db183ec7546c08334461b0625e9d8;CVE-2018-17144 — Évaluation en huis clos;CrisisPhase;timeEnd;TEXT;2018-09-18;2018-09-18;jour;ISO-jour;;non;;;;ok;
143db183ec7546c08334461b0625e9d8;CVE-2018-17144 — Évaluation en huis clos;CrisisPhase;timeStart;TEXT;2018-09-17;2018-09-17;jour;ISO-jour;;non;;;;ok;
144d0cb97ace4d729d080510b48c7c81;Estrada 2014;GreyLiterature|Reference;year;TEXT;2014;2014;annee;annee;;oui;;;;ok;
14985e18fb394a4f90f5644668f0fb93;Controverse ASIC et centralisation du minage;GovernanceConflict;period;TEXT;2012-2018;;plage;plage-annees;;non;;;;ok;plage d'annees 2012-2018 : normalized_iso reste vide, choisir une des deux bornes serait un arbitrage
154e47beee654756a38fcc0d7c8aba2b;Bezbakh 2019 — Inflation et désinflation;AcademicWork|Reference;year;TEXT;2019;2019;annee;annee;;oui;;;;ok;
156444b8fffe4cab99b2aefdbb7edd7c;Entretien n°11;PrimarySource;dateInterview;TIME;2019-05-15T00:00:00.000Z;2019-05-15;jour;TIME-ISO-Z;;non;;;;ok;
158f575e39ed42a4becf4499c54539d3;Entretien n°18;PrimarySource;dateInterview;TIME;2019-11-13T00:00:00.000Z;2019-11-13;jour;TIME-ISO-Z;;non;;;;ok;
16a72409709f431891600ea46e9cdbb0;Goodhart 2005 — What is the essence of money;AcademicWork|Reference;year;TEXT;2005;2005;annee;annee;;oui;;;;ok;
170ed4f7fcfb4531b7c872cb84cc8f80;CVE-2015-6031 — MiniUPnPc buffer overflow (LAN);CrisisEvent;date;TEXT;15/09/2015;2015-09-15;jour;DD-MM-YYYY-ou-MM-DD-YYYY;non;oui;;;;ok;ordre etabli sans convention : le groupe 15 depasse 12 et ne peut pas etre un mois (JJ/MM/AAAA)
1716ed6bcad44771ad22101e932b843f;Dupré Ponsot Servet 2015 — Bitcoin contre la révolution des communs;AcademicWork|Reference;year;TEXT;2015;2015;annee;annee;;oui;;;;ok;
174d9ec7d8404d439e92a380d4c5a5a2;Entretien n°12;PrimarySource;dateInterview;TIME;2019-05-25T00:00:00.000Z;2019-05-25;jour;TIME-ISO-Z;;non;;;;ok;
1782b07fc7cc459e9636817b6350be4f;Polanyi 1944 — La grande transformation;AcademicWork|Reference;year;TEXT;1944;1944;annee;annee;;oui;;;;ok;
17c55315ca2a45db9d1dc895fcba105d;InfrastructureEvent — Site d’éducation WeUseCoins;InfrastructureEvent;date;TEXT;2011-03-25;2011-03-25;jour;ISO-jour;;oui;;;;ok;
17c55315ca2a45db9d1dc895fcba105d;InfrastructureEvent — Site d’éducation WeUseCoins;InfrastructureEvent;dateAuthority;TEXT;TIMELINE_FIGURE;;indeterminee;libre;;non;;;;non_parsable;cle du perimetre qui ne porte PAS une date : niveau de preuve de la date (AUTHOR_VERIFIED / EXTERNAL_VERIFICATION / TIMELINE_FIGURE), pas une date | aucune annee a quatre chiffres dans la valeur
17c55315ca2a45db9d1dc895fcba105d;InfrastructureEvent — Site d’éducation WeUseCoins;InfrastructureEvent;dateSource;TEXT;Thèse — Chronologie (figure) Chapitre I.2;;indeterminee;libre;;non;;;;non_parsable;cle du perimetre qui ne porte PAS une date : reference bibliographique de la date (ex. « Sedgwick 2018e »), pas une date | aucune annee a quatre chiffres dans la valeur
17d787029b114193bac5a9a4eefac4c9;Sedgwick 2018e;GreyLiterature|Reference;consultedDate;TEXT;21 juillet 2020;2020-07-21;jour;libre;;non;;;;ok;date en toutes lettres (jour, mois, annee) : famille `libre` par convention de colonne, mais entierement derivable
17d787029b114193bac5a9a4eefac4c9;Sedgwick 2018e;GreyLiterature|Reference;date;TEXT;8 décembre 2018;2018-12-08;jour;libre;;oui;;;;ok;date en toutes lettres (jour, mois, annee) : famille `libre` par convention de colonne, mais entierement derivable | role « point » : accord d'annee avec year
17d787029b114193bac5a9a4eefac4c9;Sedgwick 2018e;GreyLiterature|Reference;year;TEXT;2018;2018;annee;annee;;oui;;;;ok;role « point » : accord d'annee avec date
1909afe656f74779a7856b9cb6be0c83;Sedgwick 2018a;Reference;consultedDate;TEXT;21 juillet 2020;2020-07-21;jour;libre;;non;;;;ok;date en toutes lettres (jour, mois, annee) : famille `libre` par convention de colonne, mais entierement derivable
1909afe656f74779a7856b9cb6be0c83;Sedgwick 2018a;Reference;date;TEXT;31 décembre 2018;2018-12-31;jour;libre;;oui;;;;ok;date en toutes lettres (jour, mois, annee) : famille `libre` par convention de colonne, mais entierement derivable | role « point » : accord d'annee avec year
1909afe656f74779a7856b9cb6be0c83;Sedgwick 2018a;Reference;year;TEXT;2018;2018;annee;annee;;oui;;;;ok;role « point » : accord d'annee avec date
192522d290774234a82baac5bf2c70cc;Entretien n°21;PrimarySource;dateInterview;TIME;2020-02-12T00:00:00.000Z;2020-02-12;jour;TIME-ISO-Z;;non;;;;ok;
195c98aa665046b080bc073a045846e2;FreeCodeCamp 2019;GreyLiterature|Reference;year;TEXT;2019;2019;annee;annee;;oui;;;;ok;
19907a993e6c4b2392f503ec1863df9e;CVE-2018-20586 (Tromperie, injection journal);CrisisEvent;year;TEXT;2018;2018;annee;annee;;oui;;;;ok;
19963b499bc04acca003f466c28d906a;Lessig 2000 — Code is Law;AcademicWork|Reference;year;TEXT;2000;2000;annee;annee;;oui;;;;ok;
1a363b7013534bfd9bd949c6d69c4a19;InfrastructureEvent — Audition Senat americain sur Bitcoin (19 nov. 2013);InfrastructureEvent;date;TEXT;2013-11-19;2013-11-19;jour;ISO-jour;;oui;;2013-11;non;ok;description : accord d'annee (2013-11 contre 2013-11-19)
1a363b7013534bfd9bd949c6d69c4a19;InfrastructureEvent — Audition Senat americain sur Bitcoin (19 nov. 2013);InfrastructureEvent;dateSource;TEXT;Banque de France 2013 p. 4;;indeterminee;libre;;non;;2013-11;;non_parsable;cle du perimetre qui ne porte PAS une date : reference bibliographique de la date (ex. « Sedgwick 2018e »), pas une date | ANNEES CITEES dans la valeur (non retenues comme date) : 2013 | description datee mais aucune annee derivee de la valeur : comparaison impossible, rien n'est conclu
1a4cccd801224a8fa0ef8b8af372538c;BTC-e;Organization;closedYear;NUMBER;2017;2017;annee;annee;;non;;;;ok;ECART INTER-ROLE (non-verdict) : foundedYear=2011 (role point) et closedYear=2017 (role fin) ne portent pas la meme annee — roles differents, aucune comparaison de verdict n'est faite
1a4cccd801224a8fa0ef8b8af372538c;BTC-e;Organization;foundedYear;NUMBER;2011;2011;annee;annee;;non;;;;ok;ECART INTER-ROLE (non-verdict) : foundedYear=2011 (role point) et closedYear=2017 (role fin) ne portent pas la meme annee — roles differents, aucune comparaison de verdict n'est faite
1a65bbcf08a149a19181da4445b4d682;Sedgwick 2018f;GreyLiterature|Reference;consultedDate;TEXT;21 juillet 2020;2020-07-21;jour;libre;;non;;;;ok;date en toutes lettres (jour, mois, annee) : famille `libre` par convention de colonne, mais entierement derivable
1a65bbcf08a149a19181da4445b4d682;Sedgwick 2018f;GreyLiterature|Reference;date;TEXT;2 décembre 2018;2018-12-02;jour;libre;;oui;;;;ok;date en toutes lettres (jour, mois, annee) : famille `libre` par convention de colonne, mais entierement derivable | role « point » : accord d'annee avec year
1a65bbcf08a149a19181da4445b4d682;Sedgwick 2018f;GreyLiterature|Reference;year;TEXT;2018;2018;annee;annee;;oui;;;;ok;role « point » : accord d'annee avec date
1a666b0913364cc39236ea82f4d73ef5;InfrastructureEvent — Arrestation Ross Ulbricht / fermeture Silk Road (octobre 2013);InfrastructureEvent;date;TEXT;2013-10;2013-10;mois;ISO-mois;;oui;;2011|2013-10|2018;non;ok;description : accord d'annee (2011|2013-10|2018 contre 2013-10)
1a666b0913364cc39236ea82f4d73ef5;InfrastructureEvent — Arrestation Ross Ulbricht / fermeture Silk Road (octobre 2013);InfrastructureEvent;dateSource;TEXT;"Tasca & Liu 2018 ; Musiani Mallard Meadel 2018";;indeterminee;libre;;non;;2011|2013-10|2018;;non_parsable;cle du perimetre qui ne porte PAS une date : reference bibliographique de la date (ex. « Sedgwick 2018e »), pas une date | ANNEES CITEES dans la valeur (non retenues comme date) : 2018 | description datee mais aucune annee derivee de la valeur : comparaison impossible, rien n'est conclu
1aa79f912b8c4aadb5bde9c7435b32d0;BIPs 68, 112 & 113 — Soft forks: Rel locktime, CSV & MTP locktime;CrisisEvent;date;TEXT;11/04/2016;2016;jour;DD-MM-YYYY-ou-MM-DD-YYYY;oui;oui;;;;ok;ordre jour/mois indecidable : « 11/04/2016 » se lit 2016-04-11 (JJ/MM) ou 2016-11-04 (MM/JJ) , normalized_iso s'arrete a l'annee, aucune convention n'est appliquee
1ac0b4d8f12e4313bad922acb6172fdb;Théret 2009 — Monnaie et dettes de vie;AcademicWork|Reference;year;TEXT;2009;2009;annee;annee;;oui;;;;ok;
1b33d189e48c43a2ba529a9028c4659b;Roubini 2018 — Blockchain's Broken Promises;GreyLiterature|Reference;year;TEXT;2018;2018;annee;annee;;oui;;;;ok;
1b5d7a273c734210b0b121e57a2de26f;Arvicco 2016a — ETC exchange trading;IndigenousLiterature|Reference;year;TEXT;2016;2016;annee;annee;;oui;;;;ok;
1b74ff180cc847e6900941cb93fa4006;Preuve de concept / Phase 1 Bitcoin;Concept;dateRange;TEXT;18/07/2008 — 31/03/2012;;plage;libre;;non;;2008|2009|2012|2018;non;ok;plage a deux bornes datees : « 18/07/2008 » -> 2008-07-18 et « 31/03/2012 » -> 2012-03-31 , famille `libre` par convention de colonne (la nomenclature ne prevoit que `plage-annees`), normalized_iso reste vide, choisir une borne serait un arbitrage | description : accord d'annee (2008|2009|2012|2018 contre 2008,2012)
1b9ca92299994ccfb9a52cb3975a3567;Amato 2008 — Ethnométhodologie jeux vidéo;AcademicWork|Reference;year;TEXT;2008;2008;annee;annee;;oui;;;;ok;
1bcdf3a835d1420c9133236b50d86c49;King 1999 Challenges Monetary Policy;Reference;year;TIME;1999-01-01T00:00:00.000Z;1999-01-01;jour;TIME-ISO-Z;;oui;;;;ok;cle `year` encodee en TIME au 1er janvier : la precision jour est un artefact d'encodage, la donnee utile est l'annee
1c84e58808404ab891a1ef9b0e5d6449;InfrastructureEvent — Première couverture média (Slashdot);InfrastructureEvent;date;TEXT;2010-07-11;2010-07-11;jour;ISO-jour;;oui;;2010-07;non;ok;description : accord d'annee (2010-07 contre 2010-07-11)
1c84e58808404ab891a1ef9b0e5d6449;InfrastructureEvent — Première couverture média (Slashdot);InfrastructureEvent;dateAuthority;TEXT;TIMELINE_FIGURE;;indeterminee;libre;;non;;2010-07;;non_parsable;cle du perimetre qui ne porte PAS une date : niveau de preuve de la date (AUTHOR_VERIFIED / EXTERNAL_VERIFICATION / TIMELINE_FIGURE), pas une date | aucune annee a quatre chiffres dans la valeur | description datee mais aucune annee derivee de la valeur : comparaison impossible, rien n'est conclu
1c84e58808404ab891a1ef9b0e5d6449;InfrastructureEvent — Première couverture média (Slashdot);InfrastructureEvent;dateSource;TEXT;Thèse — Chronologie (figure) Chapitre I.2;;indeterminee;libre;;non;;2010-07;;non_parsable;cle du perimetre qui ne porte PAS une date : reference bibliographique de la date (ex. « Sedgwick 2018e »), pas une date | aucune annee a quatre chiffres dans la valeur | description datee mais aucune annee derivee de la valeur : comparaison impossible, rien n'est conclu
1cc05cda94054b9a856a339468eb1a74;Entretien n°1;PrimarySource;dateInterview;TIME;2019-02-13T00:00:00.000Z;2019-02-13;jour;TIME-ISO-Z;;non;;;;ok;
1dc7f42c96c142b2a30e7c36f5c6b290;ASIC mining introduction;InfrastructureEvent;date;TEXT;2013;2013;annee;annee;;oui;;2013;non;ok;description : accord d'annee (2013 contre 2013)
1eb70d76b39b4a86a102b5d42063c3ed;InfrastructureEvent — BIP 16 : Pay-to-Script-Hash (avril 2012);InfrastructureEvent;date;TEXT;2012-04;2012-04;mois;ISO-mois;;oui;;2012-04|2013-08|2014;non;ok;description : accord d'annee (2012-04|2013-08|2014 contre 2012-04)
1eb70d76b39b4a86a102b5d42063c3ed;InfrastructureEvent — BIP 16 : Pay-to-Script-Hash (avril 2012);InfrastructureEvent;dateSource;TEXT;O'Brien 2014;;indeterminee;libre;;non;;2012-04|2013-08|2014;;non_parsable;cle du perimetre qui ne porte PAS une date : reference bibliographique de la date (ex. « Sedgwick 2018e »), pas une date | ANNEES CITEES dans la valeur (non retenues comme date) : 2014 | description datee mais aucune annee derivee de la valeur : comparaison impossible, rien n'est conclu
1ec1befcb68c4886917b9b37f1ac4fed;InfrastructureEvent — HODL : naissance d'un mème et d'une pratique communautaire (décembre 2013);InfrastructureEvent;date;TEXT;2013-12;2013-12;mois;ISO-mois;;oui;;2013-12;non;ok;description : accord d'annee (2013-12 contre 2013-12)
1f8cc3add79945b5bbcb31e9e211880c;Servet Dufresne 2021;Reference;year;TIME;2021-01-01T00:00:00.000Z;2021-01-01;jour;TIME-ISO-Z;;oui;;;;ok;cle `year` encodee en TIME au 1er janvier : la precision jour est un artefact d'encodage, la donnee utile est l'annee
1fd79ed6648e43538068fa4540bc12b7;Bowker 1996 Infrastructure Inversion;Reference;year;TIME;1996-01-01T00:00:00.000Z;1996-01-01;jour;TIME-ISO-Z;;oui;;;;ok;cle `year` encodee en TIME au 1er janvier : la precision jour est un artefact d'encodage, la donnee utile est l'annee
200e76ca3d1844b0a3d45f9fa10310d2;Krugman 2018 — Bitcoin is Evil / Bubble Fraud;GreyLiterature|Reference;year;TEXT;2018;2018;annee;annee;;oui;;;;ok;
204c323d3ad144c195cd0c0e3c85d0c5;Akrich 2010 — Comment décrire les objets techniques;AcademicWork|Reference;year;TEXT;2010;2010;annee;annee;;oui;;;;ok;
206f2addc41144a8abb84aff060fc00f;Bano et al. 2017;Reference;year;TIME;2017-01-01T00:00:00.000Z;2017-01-01;jour;TIME-ISO-Z;;oui;;;;ok;cle `year` encodee en TIME au 1er janvier : la precision jour est un artefact d'encodage, la donnee utile est l'annee
206ffb42b0204d808a0923a54b25d29e;Orléan 1998 — La monnaie autoréférentielle;AcademicWork|Reference;year;TEXT;1998;1998;annee;annee;;oui;;;;ok;
20c955b4d08b43238954a2ddc14020d6;BitMEXResearch 2022;GreyLiterature|Reference;year;TEXT;2022;2022;annee;annee;;oui;;;;ok;
20dac14d83a2433fae0c7392e380bf6e;BitcoinMarket exchange launch;InfrastructureEvent;date;TEXT;2010-03-17;2010-03-17;jour;ISO-jour;;oui;;2010-03|2011-06;non;ok;description : accord d'annee (2010-03|2011-06 contre 2010-03-17)
20dac14d83a2433fae0c7392e380bf6e;BitcoinMarket exchange launch;InfrastructureEvent;dateSource;TEXT;Sedgwick 2018b;;indeterminee;libre;;non;;2010-03|2011-06;;non_parsable;cle du perimetre qui ne porte PAS une date : reference bibliographique de la date (ex. « Sedgwick 2018e »), pas une date | ANNEES CITEES dans la valeur (non retenues comme date) : 2018 | description datee mais aucune annee derivee de la valeur : comparaison impossible, rien n'est conclu
2165a0e1e59e479098a71d3b4213a0ae;Cartelier 1996 — La monnaie;AcademicWork|Reference;year;TEXT;1996;1996;annee;annee;;oui;;;;ok;
218bb0b04a38470ea3e4478f50b5566d;Immersion : Projet Rare Pepe Cards;PrimarySource;dateDebut;TIME;2016-06-01T00:00:00.000Z;2016-06-01;jour;TIME-ISO-Z;;non;;;;ok;
21d453b14d7f4cdd9ff7e8afc9ba3acd;Walch 2017a — Path of the Blockchain Lexicon;AcademicWork|Reference;year;TEXT;2017;2017;annee;annee;;oui;;;;ok;
21e8e322b58f421aa3540bdeef5fde64;InfrastructureEvent — Article Forbes sur Bitcoin (Greenberg, avril 2011);InfrastructureEvent;date;TEXT;2011-04;2011-04;mois;ISO-mois;;oui;;;;ok;
21e8e322b58f421aa3540bdeef5fde64;InfrastructureEvent — Article Forbes sur Bitcoin (Greenberg, avril 2011);InfrastructureEvent;dateSource;TEXT;Greenberg 2011;;indeterminee;libre;;non;;;;non_parsable;cle du perimetre qui ne porte PAS une date : reference bibliographique de la date (ex. « Sedgwick 2018e »), pas une date | ANNEES CITEES dans la valeur (non retenues comme date) : 2011
22355ecc9bf04737be7e071a871509f3;InfrastructureEvent — BIP-39 : phrases mnémoniques (wallets HD);InfrastructureEvent;date;TEXT;2013;2013;annee;annee;;oui;;;;ok;
2272e5b8d44449d29f7429c2f59b5615;DeNardis et Musiani 2014;AcademicWork|Reference;year;TEXT;2014;2014;annee;annee;;oui;;;;ok;
22c9a9932b054b36959436c08c50d93e;Théret 2008 — Les trois états de la monnaie;AcademicWork|Reference;year;TEXT;2008;2008;annee;annee;;oui;;;;ok;
22cda34c732d4ed389639be2024b5a18;Limite de taille des blocs Bitcoin (1 Mo);Concept;dateIntroduced;TEXT;2010-07-15;2010-07-15;jour;ISO-jour;;non;;;;ok;
2322a151c17c456484772d74a4cfa78a;InfrastructureEvent — Wrapped Bitcoin / WBTC (2019);InfrastructureEvent;date;TEXT;2019;2019;annee;annee;;oui;;2019;non;ok;description : accord d'annee (2019 contre 2019)
2322a151c17c456484772d74a4cfa78a;InfrastructureEvent — Wrapped Bitcoin / WBTC (2019);InfrastructureEvent;dateSource;TEXT;Redman 2019b;;indeterminee;libre;;non;;2019;;non_parsable;cle du perimetre qui ne porte PAS une date : reference bibliographique de la date (ex. « Sedgwick 2018e »), pas une date | ANNEES CITEES dans la valeur (non retenues comme date) : 2019 | description datee mais aucune annee derivee de la valeur : comparaison impossible, rien n'est conclu
232fdda1778043d9b168884c0caad3a5;CVE-2017-12842 — No commitment to block merkle tree depth;CrisisEvent;date;TEXT;09/06/2018;2018;jour;DD-MM-YYYY-ou-MM-DD-YYYY;oui;oui;;;;ok;ordre jour/mois indecidable : « 09/06/2018 » se lit 2018-06-09 (JJ/MM) ou 2018-09-06 (MM/JJ) , normalized_iso s'arrete a l'annee, aucune convention n'est appliquee
238900a65cec44bcad171c31850bc611;Scaling Debate (2015-2017);GovernanceConflict;period;TEXT;2015-2017;;plage;plage-annees;;non;;;;ok;plage d'annees 2015-2017 : normalized_iso reste vide, choisir une des deux bornes serait un arbitrage
2461f0fb8d904328aa1dfe60c5d547b8;Shin 2022 Cryptopians;Reference;year;TIME;2022-01-01T00:00:00.000Z;2022-01-01;jour;TIME-ISO-Z;;oui;;;;ok;cle `year` encodee en TIME au 1er janvier : la precision jour est un artefact d'encodage, la donnee utile est l'annee
24d1f1fef4004261b7828cee4ef56038;Polanyi 2011 — La subsistance de l'homme;AcademicWork|Reference;year;TEXT;2011;2011;annee;annee;;oui;;;;ok;
2528eba96a574f2491c28b0ab11b0974;Akrich 1989;Reference;year;TIME;1989-01-01T00:00:00.000Z;1989-01-01;jour;TIME-ISO-Z;;oui;;;;ok;cle `year` encodee en TIME au 1er janvier : la precision jour est un artefact d'encodage, la donnee utile est l'annee
2639c718d6394322ab533a000887a2cf;Selgin 2014a — Bitcoin Problems and Prospects;AcademicWork|Reference;year;TEXT;2014;2014;annee;annee;;oui;;;;ok;
2657595f89414142abf89fef823260b5;Bitcoin Foundation 2013 — About;IndigenousLiterature|Reference;year;TEXT;2013;2013;annee;annee;;oui;;;;ok;
26fdb252fe8949d9bf413ed70677830b;Karlstrøm 2014 — Do libertarians dream of electric coins;AcademicWork|Reference;year;TEXT;2014;2014;annee;annee;;oui;;;;ok;
272f2d17b89d4912aca1c4f7b77b7332;Fermeture Silk Road par le FBI (octobre 2013);CrisisEvent;date;TEXT;Octobre 2013;2013-10;mois;libre;;oui;;;;ok;mois en toutes lettres + annee : famille `libre` par convention de colonne, mais entierement derivable
273237e8600e4e289cd76da835a82e67;Bitcoin CVE 2010-5139 (Value Overflow);CrisisEvent;date;TEXT;15/08/2010;2010-08-15;jour;DD-MM-YYYY-ou-MM-DD-YYYY;non;oui;;;;ok;ordre etabli sans convention : le groupe 15 depasse 12 et ne peut pas etre un mois (JJ/MM/AAAA)
285dc19bba3b4ccab0bca71ca9019636;Jentzsch 2016a — What an accomplishment DAO;IndigenousLiterature|Reference;year;TEXT;2016;2016;annee;annee;;oui;;;;ok;
28c3d1f7710b4fb18892b2f570d99464;Sedgwick 2019i;GreyLiterature|Reference;consultedDate;TEXT;21 juillet 2020;2020-07-21;jour;libre;;non;;;;ok;date en toutes lettres (jour, mois, annee) : famille `libre` par convention de colonne, mais entierement derivable
28c3d1f7710b4fb18892b2f570d99464;Sedgwick 2019i;GreyLiterature|Reference;date;TEXT;18 août 2019;2019-08-18;jour;libre;;oui;;;;ok;date en toutes lettres (jour, mois, annee) : famille `libre` par convention de colonne, mais entierement derivable | role « point » : accord d'annee avec year
28c3d1f7710b4fb18892b2f570d99464;Sedgwick 2019i;GreyLiterature|Reference;year;TEXT;2019;2019;annee;annee;;oui;;;;ok;role « point » : accord d'annee avec date
28ed228eed8c48fab1e63d381096e357;InfrastructureEvent — Dark Wallet (2014);InfrastructureEvent;date;TEXT;2014;2014;annee;annee;;oui;;;;ok;
2914e957f2dd447385cde0af56b24f1e;Proposition de Hard Fork — The DAO;ProtocolProposal;year;TEXT;2016;2016;annee;annee;;oui;;;;ok;
2956b3b87db1448f8a2ddde82d39e9c9;Ethereum;Protocol;launchYear;TIME;2015-07-30T00:00:00.000Z;2015-07-30;jour;TIME-ISO-Z;;oui;;;;ok;
2986a9e1e1ce4486bbfa358ca58d2242;Kavanagh et Miscione 2017;Reference;year;TEXT;2017;2017;annee;annee;;oui;;;;ok;
299e4b39c96a4ae3b8b60a602aae111f;Entretien n°6;PrimarySource;dateInterview;TIME;2019-03-06T00:00:00.000Z;2019-03-06;jour;TIME-ISO-Z;;non;;;;ok;
2a82b098ae8c4ec2ba420111cfe9493d;InfrastructureEvent — Colored Coins (protocole méta-token sur Bitcoin, 2012);InfrastructureEvent;date;TEXT;27/09/2012;2012-09-27;jour;DD-MM-YYYY-ou-MM-DD-YYYY;non;oui;;2012;non;ok;ordre etabli sans convention : le groupe 27 depasse 12 et ne peut pas etre un mois (JJ/MM/AAAA) | description : accord d'annee (2012 contre 2012-09-27)
2ae1182dd62c4e2691938b122812e2b2;Orleans 1998 La monnaie entre violence et confiance;Reference;year;TIME;1998-01-01T00:00:00.000Z;1998-01-01;jour;TIME-ISO-Z;;oui;;;;ok;cle `year` encodee en TIME au 1er janvier : la precision jour est un artefact d'encodage, la donnee utile est l'annee
2b577242b2a8496aa5604feeac9558cc;PriceWindow — WikiLeaks x8 (14 juin 2011);PriceWindow;date;TEXT;2011-06-14;2011-06-14;jour;ISO-jour;;oui;;;;ok;
2b6dd92a7ea0472b81fd2d76e79d9a94;Mark Zamfir Sirer 2016 — Call for Moratorium on The DAO;IndigenousLiterature|Reference;year;TEXT;2016;2016;annee;annee;;oui;;;;ok;
2c3733bad1fc480ebfc9aff5d72fb6dc;Edwards et al. 2009 — Agenda for Infrastructure Studies;AcademicWork|Reference;year;TEXT;2009;2009;annee;annee;;oui;;;;ok;
2c60a6c9e347410591eca661f394a64a;SatoshiLabs 2019;GreyLiterature|Reference;year;TEXT;2019;2019;annee;annee;;oui;;;;ok;
2c773020f5214d0aab99737d494ef2c8;Bitcoin Core 2014 — version 0.9.0 released;IndigenousLiterature|Reference;year;TEXT;2014;2014;annee;annee;;oui;;;;ok;
2cc410abd7c54456be38e40470712548;Sedgwick 2019b;GreyLiterature|Reference;consultedDate;TEXT;21 juillet 2020;2020-07-21;jour;libre;;non;;;;ok;date en toutes lettres (jour, mois, annee) : famille `libre` par convention de colonne, mais entierement derivable
2cc410abd7c54456be38e40470712548;Sedgwick 2019b;GreyLiterature|Reference;date;TEXT;10 décembre 2019;2019-12-10;jour;libre;;oui;;;;ok;date en toutes lettres (jour, mois, annee) : famille `libre` par convention de colonne, mais entierement derivable | role « point » : accord d'annee avec year
2cc410abd7c54456be38e40470712548;Sedgwick 2019b;GreyLiterature|Reference;year;TEXT;2019;2019;annee;annee;;oui;;;;ok;role « point » : accord d'annee avec date
2cce8c93e3984269bf089e262d3af80d;Première révolution industrielle du minage Bitcoin;Concept;period;TEXT;2010-2012;;plage;plage-annees;;non;;;;ok;plage d'annees 2010-2012 : normalized_iso reste vide, choisir une des deux bornes serait un arbitrage
2cdf45abce9a473ead388f8611b12fa3;Gerard 2017 — Attack of the 50 Foot Blockchain;AcademicWork|Reference;year;TEXT;2017;2017;annee;annee;;oui;;;;ok;
2ced7a41de564ff9b9d55f81cf9822c6;BIP-0001 — Standardisation des BIPs;ProtocolProposal;year;TEXT;2011;2011;annee;annee;;oui;;;;ok;
2d5638fefb314cd6be9d120f091878b9;Awemany 2018 — 600 Microseconds CVE-2018-17144;IndigenousLiterature|Reference;year;TEXT;2018;2018;annee;annee;;oui;;;;ok;
2daf14737ac02a14b06f770f8046f3c7;Ethereum Hard Fork — Homestead;ProtocolChange;date;TEXT;2016-03-14;2016-03-14;jour;ISO-jour;;oui;;;;ok;
2daf14737ac02a14b06f770f8046f3c7;Ethereum Hard Fork — Homestead;ProtocolChange;dateAuthority;TEXT;AUTHOR_VERIFIED;;indeterminee;libre;;non;;;;non_parsable;cle du perimetre qui ne porte PAS une date : niveau de preuve de la date (AUTHOR_VERIFIED / EXTERNAL_VERIFICATION / TIMELINE_FIGURE), pas une date | aucune annee a quatre chiffres dans la valeur
2daf14737ac02a14b06f770f8046f3c7;Ethereum Hard Fork — Homestead;ProtocolChange;dateSource;TEXT;Chronologie des HF d'Ethereum V1 (M. Rolland) — constituee et verifiee par l'auteur, non mobilisee dans la these;;indeterminee;libre;;non;;;;non_parsable;cle du perimetre qui ne porte PAS une date : reference bibliographique de la date (ex. « Sedgwick 2018e »), pas une date | aucune annee a quatre chiffres dans la valeur
2dc9c4588b0742c88169833739626868;Attaquant 2016 — An Open Letter (DAO hacker statement);IndigenousLiterature|Reference;year;TEXT;2016;2016;annee;annee;;oui;;;;ok;
2e155d6cc3874a62b20de72700e34b27;Chainalysis Team 2019 — Crypto Crime Report;Reference;year;TEXT;2019;2019;annee;annee;;oui;;;;ok;
2e1ae899bf5d40898bf48160cbc59c6f;O'Leary 2018;GreyLiterature|Reference;year;TEXT;2018;2018;annee;annee;;oui;;;;ok;
2e5d597d1add45de83a060caea9a05c3;Bogue Bitcoin-Qt Windows 2012 (Crash nœuds);CrisisEvent;year;TEXT;2012;2012;annee;annee;;oui;;;;ok;
2ec8857fa7a24c70804d6a3a3e9d4d55;InfrastructureEvent — Lightning Labs (premiere implementation LN, mars 2018);InfrastructureEvent;date;TEXT;2018-03;2018-03;mois;ISO-mois;;oui;;2018-03;non;ok;description : accord d'annee (2018-03 contre 2018-03)
2ec8857fa7a24c70804d6a3a3e9d4d55;InfrastructureEvent — Lightning Labs (premiere implementation LN, mars 2018);InfrastructureEvent;dateSource;TEXT;Torpey 2018;;indeterminee;libre;;non;;2018-03;;non_parsable;cle du perimetre qui ne porte PAS une date : reference bibliographique de la date (ex. « Sedgwick 2018e »), pas une date | ANNEES CITEES dans la valeur (non retenues comme date) : 2018 | description datee mais aucune annee derivee de la valeur : comparaison impossible, rien n'est conclu
2ed22e66326c468a9a6403507ae5404d;Entretien n°5;PrimarySource;dateInterview;TIME;2019-02-22T00:00:00.000Z;2019-02-22;jour;TIME-ISO-Z;;non;;;;ok;
2f1fca7ac1ff4ab39e90612457ec8dad;Tirole 2017 — Many reasons to be cautious about bitcoin;GreyLiterature|Reference;year;TEXT;2017;2017;annee;annee;;oui;;;;ok;
30006fbecce44ddd9e82e817d2cbbc5a;Zelizer 2000 — The Purchase of Intimacy;AcademicWork|Reference;year;TEXT;2000;2000;annee;annee;;oui;;;;ok;
304579e381c84c4a8f470c3386ac1e45;Lopp 2018 GitHub Bitcoin Core;Reference;year;TIME;2018-01-01T00:00:00.000Z;2018-01-01;jour;TIME-ISO-Z;;oui;;;;ok;cle `year` encodee en TIME au 1er janvier : la precision jour est un artefact d'encodage, la donnee utile est l'annee
308a84881f5646149829a280121952b5;BitMEX Research 2020b;GreyLiterature|Reference;year;TEXT;2020;2020;annee;annee;;oui;;;;ok;
3097f3ada89146d89f300ae74fb85ada;InfrastructureEvent — CME : marchés futurs Bitcoin (2017);InfrastructureEvent;date;TEXT;2017;2017;annee;annee;;oui;;;;ok;
313c66ac111542d3a47de4607949a807;Nakamoto 2010b;IndigenousLiterature|Reference;year;TEXT;2010;2010;annee;annee;;oui;;;;ok;
3184a4a7d4c0431a98858b27194f30a4;Varoufakis 2013 — Bitcoin dangerous fantasy apolitical money;GreyLiterature|Reference;year;TEXT;2013;2013;annee;annee;;oui;;;;ok;
318b090059f34be4b52d389f0b38c3a7;InfrastructureEvent — Fork contentieux Bitcoin / Bitcoin Cash (aout 2017);InfrastructureEvent;date;TEXT;2017-08;2017-08;mois;ISO-mois;;oui;;;;ok;
3198fc1ff3d748b78f220b5699264a44;InfrastructureEvent — Chine interdit les institutions d'utiliser Bitcoin (décembre 2013);InfrastructureEvent;date;TEXT;05/12/2013;2013;jour;DD-MM-YYYY-ou-MM-DD-YYYY;oui;oui;;2013-12;non;ok;ordre jour/mois indecidable : « 05/12/2013 » se lit 2013-12-05 (JJ/MM) ou 2013-05-12 (MM/JJ) , normalized_iso s'arrete a l'annee, aucune convention n'est appliquee | description : accord d'annee (2013-12 contre 2013)
3199c26556b344fd9261cfd10fbb4e12;DuPont 2018 DAO Experiment;Reference;year;TIME;2018-01-01T00:00:00.000Z;2018-01-01;jour;TIME-ISO-Z;;oui;;;;ok;cle `year` encodee en TIME au 1er janvier : la precision jour est un artefact d'encodage, la donnee utile est l'annee
31a81419d5414f378aa59f43eb4e2bc9;Buterin 2013c;GreyLiterature|Reference;year;TEXT;2013;2013;annee;annee;;oui;;;;ok;
31c5fff0646c43d2a6925749d8aeac58;EIP-150 — Gas cost changes (post-DAO);ProtocolProposal;year;TEXT;2016;2016;annee;annee;;oui;;;;ok;
3219f8784d754aedb612e5bec517a2aa;Cefai 2009 — Codifier l'engagement ethnographique;AcademicWork|Reference;year;TEXT;2009;2009;annee;annee;;oui;;;;ok;
3246bf2cec9e45b18d9799ba6c64c9fe;Dréan 2013;GreyLiterature|Reference;year;TEXT;2013;2013;annee;annee;;oui;;;;ok;
32ec3a3526bd41d48320f1ddbebc65c0;Jeffrey 2017 — Consensus Pitfalls Breaking Bitcoin;IndigenousLiterature|Reference;year;TEXT;2017;2017;annee;annee;;oui;;;;ok;
333163801b6c4f5c9aecfd7c4f69dace;Entretien n°24;PrimarySource;dateInterview;TIME;2020-02-14T00:00:00.000Z;2020-02-14;jour;TIME-ISO-Z;;non;;;;ok;
33f6747a334543fcae909b2aaf0f04cd;InfrastructureEvent — Slashdot article parite BTC/$ (fevrier 2011);InfrastructureEvent;date;TEXT;2011-02;2011-02;mois;ISO-mois;;oui;;;;ok;
33f6747a334543fcae909b2aaf0f04cd;InfrastructureEvent — Slashdot article parite BTC/$ (fevrier 2011);InfrastructureEvent;dateSource;TEXT;"Le Calvez 2020 ; Sedgwick 2019c";;indeterminee;libre;;non;;;;non_parsable;cle du perimetre qui ne porte PAS une date : reference bibliographique de la date (ex. « Sedgwick 2018e »), pas une date | ANNEES CITEES dans la valeur (non retenues comme date) : 2019, 2020
3416740e6ab043478824b194ec19f473;Golumbia 2016 Politics of Bitcoin;Reference;year;TIME;2015-01-01T00:00:00.000Z;2015-01-01;jour;TIME-ISO-Z;;oui;;;;ok;cle `year` encodee en TIME au 1er janvier : la precision jour est un artefact d'encodage, la donnee utile est l'annee
34a461c64ae64483a980a5d34d9cdf56;DAO — Remise en ordre;CrisisPhase;timeEnd;TEXT;2016-07-20;2016-07-20;jour;ISO-jour;;non;;;;ok;
34a461c64ae64483a980a5d34d9cdf56;DAO — Remise en ordre;CrisisPhase;timeStart;TEXT;2016-06-17;2016-06-17;jour;ISO-jour;;non;;;;ok;
34c4361eb0a64d6197d36d61639226e3;BIS 2018 CM Rapport;Reference;year;TIME;2018-01-01T00:00:00.000Z;2018-01-01;jour;TIME-ISO-Z;;oui;;;;ok;cle `year` encodee en TIME au 1er janvier : la precision jour est un artefact d'encodage, la donnee utile est l'annee
354839e9e88649b1bfc42d89d28d1a84;Vergne & Swain 2017 Anarchic Categories;Reference;year;TIME;2017-01-01T00:00:00.000Z;2017-01-01;jour;TIME-ISO-Z;;oui;;;;ok;cle `year` encodee en TIME au 1er janvier : la precision jour est un artefact d'encodage, la donnee utile est l'annee
36366cf3ad94451e88a69fa42f87965b;Observation participante n°12;PrimarySource;dateEvenement;TIME;2017-05-30T00:00:00.000Z;2017-05-30;jour;TIME-ISO-Z;;non;;;;ok;
36402a6863c344c4b894c0539b8f4308;Sedgwick 2019d;GreyLiterature|Reference;consultedDate;TEXT;21 juillet 2020;2020-07-21;jour;libre;;non;;;;ok;date en toutes lettres (jour, mois, annee) : famille `libre` par convention de colonne, mais entierement derivable
36402a6863c344c4b894c0539b8f4308;Sedgwick 2019d;GreyLiterature|Reference;date;TEXT;7 novembre 2019;2019-11-07;jour;libre;;oui;;;;ok;date en toutes lettres (jour, mois, annee) : famille `libre` par convention de colonne, mais entierement derivable | role « point » : accord d'annee avec year
36402a6863c344c4b894c0539b8f4308;Sedgwick 2019d;GreyLiterature|Reference;year;TEXT;2019;2019;annee;annee;;oui;;;;ok;role « point » : accord d'annee avec date
364977fb9ed943a2bac1688d22ffe1c5;InfrastructureEvent — Tether/USDT : premier stablecoin via Omni/Mastercoin (2014);InfrastructureEvent;date;TEXT;2014;2014;annee;annee;;oui;;;;ok;
36872a2e0f2ba1af10285fc4a458d89e;Ethereum Hard Fork — Istanbul;ProtocolChange;date;TEXT;2019-12-08;2019-12-08;jour;ISO-jour;;oui;;;;ok;
36872a2e0f2ba1af10285fc4a458d89e;Ethereum Hard Fork — Istanbul;ProtocolChange;dateAuthority;TEXT;AUTHOR_VERIFIED;;indeterminee;libre;;non;;;;non_parsable;cle du perimetre qui ne porte PAS une date : niveau de preuve de la date (AUTHOR_VERIFIED / EXTERNAL_VERIFICATION / TIMELINE_FIGURE), pas une date | aucune annee a quatre chiffres dans la valeur
36872a2e0f2ba1af10285fc4a458d89e;Ethereum Hard Fork — Istanbul;ProtocolChange;dateSource;TEXT;Chronologie des HF d'Ethereum V1 (M. Rolland) — constituee et verifiee par l'auteur, non mobilisee dans la these;;indeterminee;libre;;non;;;;non_parsable;cle du perimetre qui ne porte PAS une date : reference bibliographique de la date (ex. « Sedgwick 2018e »), pas une date | aucune annee a quatre chiffres dans la valeur
36a71df1f997487eab76b897d010da1d;Loibl 2014;AcademicWork|Reference;year;TEXT;2014;2014;annee;annee;;oui;;;;ok;
3737dd82ad0e4819aaacee0061c57c58;Rosenfeld 2012;IndigenousLiterature|Reference;year;TEXT;2012;2012;annee;annee;;oui;;;;ok;
380c6ee628ca4bfaae124a6004f932b3;Observation participante n°14;PrimarySource;dateEvenement;TIME;2017-09-09T00:00:00.000Z;2017-09-09;jour;TIME-ISO-Z;;non;;;;ok;
381f864130a54b6d9062d413ef56c681;PriceWindow — Flash crash MtGox : 32$ vers 0,01$ (juillet 2011);PriceWindow;date;TEXT;2011-07;2011-07;mois;ISO-mois;;oui;;;;ok;
38639c7e3bc04be98f694db7680027e8;Dupre Ponsot Servet 2015;Reference;year;TIME;2015-01-01T00:00:00.000Z;2015-01-01;jour;TIME-ISO-Z;;oui;;;;ok;cle `year` encodee en TIME au 1er janvier : la precision jour est un artefact d'encodage, la donnee utile est l'annee
38ffe3510ae04ff09cef5676920e4dc5;Blanc 2009 IMF;Reference;year;TIME;2009-01-01T00:00:00.000Z;2009-01-01;jour;TIME-ISO-Z;;oui;;;;ok;cle `year` encodee en TIME au 1er janvier : la precision jour est un artefact d'encodage, la donnee utile est l'annee
3952cb540d924df7a70f267da5d5009b;BIP-0042 — Bitcoin Fixed Monetary Supply (Inflation Bug);CrisisEvent;date;TEXT;01/04/2014;2014;jour;DD-MM-YYYY-ou-MM-DD-YYYY;oui;oui;;;;ok;ordre jour/mois indecidable : « 01/04/2014 » se lit 2014-04-01 (JJ/MM) ou 2014-01-04 (MM/JJ) , normalized_iso s'arrete a l'annee, aucune convention n'est appliquee
398e5477ea2041a1a030330178fb9c52;InfrastructureEvent — Flood attacks / attaques DOS par spam de transactions;InfrastructureEvent;date;TEXT;2011;2011;annee;annee;;oui;;2014|2021;oui;ok;CONFLIT DESCRIPTION : la description ne cite que 2014|2021 la ou date vaut 2011 — une description cite volontiers des annees qui ne sont pas la date de l'entite : signalement, pas erreur etablie
398e5477ea2041a1a030330178fb9c52;InfrastructureEvent — Flood attacks / attaques DOS par spam de transactions;InfrastructureEvent;dateSource;TEXT;Lopp 2021;;indeterminee;libre;;non;;2014|2021;;non_parsable;cle du perimetre qui ne porte PAS une date : reference bibliographique de la date (ex. « Sedgwick 2018e »), pas une date | ANNEES CITEES dans la valeur (non retenues comme date) : 2021 | description datee mais aucune annee derivee de la valeur : comparaison impossible, rien n'est conclu
39fdc0aac1f74b8daad7a5227b99c8a5;InfrastructureEvent — Démantèlement de Silk Road;InfrastructureEvent;date;TEXT;2013-10-02;2013-10-02;jour;ISO-jour;;oui;;2013-10;non;ok;description : accord d'annee (2013-10 contre 2013-10-02)
3a5f6962ebb4440283c245a23655a5a6;Baron 2003 — La gouvernance concept polysémique;AcademicWork|Reference;year;TEXT;2003;2003;annee;annee;;oui;;;;ok;
3a7d7850c35842dc9127080eb7d30db3;InfrastructureEvent — Article PCWorld sur Bitcoin (décembre 2009);InfrastructureEvent;date;TEXT;22/12/2009;2009-12-22;jour;DD-MM-YYYY-ou-MM-DD-YYYY;non;oui;;2009-12;non;ok;ordre etabli sans convention : le groupe 22 depasse 12 et ne peut pas etre un mois (JJ/MM/AAAA) | description : accord d'annee (2009-12 contre 2009-12-22)
3c3d4fec977c4e788b850a0ea5cbebfa;InfrastructureEvent — Lancement d'Ethereum (Frontier, 30 juillet 2015);InfrastructureEvent;date;TEXT;30/07/2015;2015-07-30;jour;DD-MM-YYYY-ou-MM-DD-YYYY;non;oui;;2015-07;non;ok;ordre etabli sans convention : le groupe 30 depasse 12 et ne peut pas etre un mois (JJ/MM/AAAA) | description : accord d'annee (2015-07 contre 2015-07-30)
3c57e750960e4e97bf6cb2ba79e9f2cd;CVE-2011-4447 — Wallet non-encryption;CrisisEvent;date;TEXT;11/11/2011;2011;jour;DD-MM-YYYY-ou-MM-DD-YYYY;oui;oui;;;;ok;ordre jour/mois indecidable (11/11) mais les deux groupes sont egaux : les deux lectures donnent la meme date 2011-11-11 — normalized_iso s'arrete tout de meme a l'annee, aucune lecture n'etant etablie
3ceaf75ad5dc44f8baa0813b954cb5eb;Buterin 2013e;GreyLiterature|Reference;year;TEXT;2013;2013;annee;annee;;oui;;;;ok;
3cf3653bf51641c3bd3170342a520ffd;Greenberg 2011;GreyLiterature|Reference;year;TEXT;2011;2011;annee;annee;;oui;;;;ok;
3d0cbcef5e434da1adc012942e302113;Bitcoin Core 2018 Rapport divulgation;Reference;year;TIME;2018-01-01T00:00:00.000Z;2018-01-01;jour;TIME-ISO-Z;;oui;;;;ok;cle `year` encodee en TIME au 1er janvier : la precision jour est un artefact d'encodage, la donnee utile est l'annee
3d66b8ea06274e5ab33a801a5224454b;Ingham 2004 Nature of Money;Reference;year;TIME;2004-01-01T00:00:00.000Z;2004-01-01;jour;TIME-ISO-Z;;oui;;;;ok;cle `year` encodee en TIME au 1er janvier : la precision jour est un artefact d'encodage, la donnee utile est l'annee
3d76ab7fff1445c3a8dfb86736f5664f;Selgin 2014b — Synthetic Commodity Money;AcademicWork|Reference;year;TEXT;2014;2014;annee;annee;;oui;;;;ok;
3dd742f499c64c5ba60e874c0435e859;InfrastructureEvent — eBay / PayPal intègre Bitcoin (2014-2015);InfrastructureEvent;date;TEXT;08/09/2014;2014;jour;DD-MM-YYYY-ou-MM-DD-YYYY;oui;oui;;2014-09;non;ok;ordre jour/mois indecidable : « 08/09/2014 » se lit 2014-09-08 (JJ/MM) ou 2014-08-09 (MM/JJ) , normalized_iso s'arrete a l'annee, aucune convention n'est appliquee | description : accord d'annee (2014-09 contre 2014)
3de49d9ee3894690974b7273eb058edc;Pastinelli 2011 — Pour en finir avec l'ethnographie du virtuel;AcademicWork|Reference;year;TEXT;2011;2011;annee;annee;;oui;;;;ok;
3e7501abd4be41d991b3915e35c24b6c;Zamfir 2019 — Against Szabo's Law For A New Crypto Legal System;GreyLiterature|Reference;year;TEXT;2019;2019;annee;annee;;oui;;;;ok;
3e9d4208eaa247308802824363e39cd3;Song 2018 CVE post-mortem;Reference;year;TIME;2018-01-01T00:00:00.000Z;2018-01-01;jour;TIME-ISO-Z;;oui;;;;ok;cle `year` encodee en TIME au 1er janvier : la precision jour est un artefact d'encodage, la donnee utile est l'annee
3ed56967e0d24141a3fe023d6dfe5a01;BitMEX Research 2018b — Ripple story;GreyLiterature|Reference;year;TEXT;2018;2018;annee;annee;;oui;;;;ok;
3f908f24165e4c248f55a7f93baab9d6;First Bitcoin halving;InfrastructureEvent;date;TEXT;2012-11;2012-11;mois;ISO-mois;;oui;;2012-11;non;ok;description : accord d'annee (2012-11 contre 2012-11)
411ff4df32994128bb93fc522fa8c2b2;Cohen 2002 — Monnaie électronique aube trompeuse;AcademicWork|Reference;year;TEXT;2002;2002;annee;annee;;oui;;;;ok;
4137356deade4efa9949582b186af808;Dupont 2018 — DAO Experiments in algorithmic governance;AcademicWork|Reference;year;TEXT;2018;2018;annee;annee;;oui;;;;ok;
42b5d61f8b814235ab41901c076635f7;Champagne 2014 Book of Satoshi;Reference;year;TEXT;2014;2014;annee;annee;;oui;;;;ok;
4304b6cc4a5540a5957f98aea18c2792;Bier 2021b — Blocksize War Ch.3 Scaling I Montreal;AcademicWork|Reference;year;TEXT;2021;2021;annee;annee;;oui;;;;ok;
4319dfd47a434d08a9cbc371e4c05506;InfrastructureEvent — Migration du code Bitcoin vers GitHub (2011);InfrastructureEvent;date;TEXT;2011;2011;annee;annee;;oui;;2011|2018;non;ok;description : accord d'annee (2011|2018 contre 2011)
4319dfd47a434d08a9cbc371e4c05506;InfrastructureEvent — Migration du code Bitcoin vers GitHub (2011);InfrastructureEvent;dateSource;TEXT;Lopp 2018;;indeterminee;libre;;non;;2011|2018;;non_parsable;cle du perimetre qui ne porte PAS une date : reference bibliographique de la date (ex. « Sedgwick 2018e »), pas une date | ANNEES CITEES dans la valeur (non retenues comme date) : 2018 | description datee mais aucune annee derivee de la valeur : comparaison impossible, rien n'est conclu
437720ccbf8544bf9021181d3b3ba289;Entretien n°14;PrimarySource;dateInterview;TIME;2019-06-14T00:00:00.000Z;2019-06-14;jour;TIME-ISO-Z;;non;;;;ok;
43b7c14b59c1419e95aa6dcdf6885d84;Ostrom 2005 — Governing a Commons from a Citizen's Perspective;AcademicWork|Reference;year;TEXT;2005;2005;annee;annee;;oui;;;;ok;
4443393ff9094574a7c2adcd5fc96162;InfrastructureEvent — Proposition du ticker BTC;InfrastructureEvent;date;TEXT;2010-02-05;2010-02-05;jour;ISO-jour;;oui;;;;ok;
4443393ff9094574a7c2adcd5fc96162;InfrastructureEvent — Proposition du ticker BTC;InfrastructureEvent;dateAuthority;TEXT;TIMELINE_FIGURE;;indeterminee;libre;;non;;;;non_parsable;cle du perimetre qui ne porte PAS une date : niveau de preuve de la date (AUTHOR_VERIFIED / EXTERNAL_VERIFICATION / TIMELINE_FIGURE), pas une date | aucune annee a quatre chiffres dans la valeur
4443393ff9094574a7c2adcd5fc96162;InfrastructureEvent — Proposition du ticker BTC;InfrastructureEvent;dateSource;TEXT;Thèse — Chronologie (figure) Chapitre I.2;;indeterminee;libre;;non;;;;non_parsable;cle du perimetre qui ne porte PAS une date : reference bibliographique de la date (ex. « Sedgwick 2018e »), pas une date | aucune annee a quatre chiffres dans la valeur
44c1635ba9dd4d28b912403592782bc7;Hinkes 2021 Code Deference;Reference;year;TIME;2021-01-01T00:00:00.000Z;2021-01-01;jour;TIME-ISO-Z;;oui;;;;ok;cle `year` encodee en TIME au 1er janvier : la precision jour est un artefact d'encodage, la donnee utile est l'annee
44e842cde307496fb3701b6570386316;GovernanceProcess — CVE-2018-17144 résolution (septembre 2018);GovernanceProcess;dateEnd;TEXT;2018-09-20;2018-09-20;jour;ISO-jour;;oui;;;;ok;
44e842cde307496fb3701b6570386316;GovernanceProcess — CVE-2018-17144 résolution (septembre 2018);GovernanceProcess;dateStart;TEXT;2018-09-17;2018-09-17;jour;ISO-jour;;oui;;;;ok;
4510632442f34a1c8ad6f3fe0f17ad05;Nakamoto 2008 Bitcoin WP;Reference;year;TIME;2008-01-01T00:00:00.000Z;2008-01-01;jour;TIME-ISO-Z;;oui;;;;ok;cle `year` encodee en TIME au 1er janvier : la precision jour est un artefact d'encodage, la donnee utile est l'annee
4518f007658e4fce9cafcf06a922fcb0;Immersion : Utilisation DApps Ethereum et L1/L2;PrimarySource;dateDebut;TIME;2016-01-01T00:00:00.000Z;2016-01-01;jour;TIME-ISO-Z;;non;;;;ok;
4538f97bb85b07ecd652fb2bf6bede0c;InfrastructureEvent — Publication du WP d'Ethereum (Buterin, fin novembre 2013);InfrastructureEvent;date;TEXT;2013-11;2013-11;mois;ISO-mois;;oui;;2013-11;non;ok;description : accord d'annee (2013-11 contre 2013-11)
4538f97bb85b07ecd652fb2bf6bede0c;InfrastructureEvent — Publication du WP d'Ethereum (Buterin, fin novembre 2013);InfrastructureEvent;dateSource;TEXT;Thèse ch.I l.393;;indeterminee;libre;;non;;2013-11;;non_parsable;cle du perimetre qui ne porte PAS une date : reference bibliographique de la date (ex. « Sedgwick 2018e »), pas une date | aucune annee a quatre chiffres dans la valeur | description datee mais aucune annee derivee de la valeur : comparaison impossible, rien n'est conclu
4568cc431bce437ba36f137dbafbc67e;Aglietta & Cartelier 1998 — Ordre monétaire;AcademicWork|Reference;year;TEXT;1998;1998;annee;annee;;oui;;;;ok;
45c4a10053e84274966342ca3ecb5f12;Dashjr 2019 CVE History;Reference;year;TIME;2019-01-01T00:00:00.000Z;2019-01-01;jour;TIME-ISO-Z;;oui;;;;ok;cle `year` encodee en TIME au 1er janvier : la precision jour est un artefact d'encodage, la donnee utile est l'annee
45cd642a1b8b411092e611c51acdb791;InfrastructureEvent — First Bitcoin halving;InfrastructureEvent;date;TEXT;2012-11-28;2012-11-28;jour;ISO-jour;;oui;;2012-11;non;ok;description : accord d'annee (2012-11 contre 2012-11-28)
45cd642a1b8b411092e611c51acdb791;InfrastructureEvent — First Bitcoin halving;InfrastructureEvent;dateAuthority;TEXT;TIMELINE_FIGURE;;indeterminee;libre;;non;;2012-11;;non_parsable;cle du perimetre qui ne porte PAS une date : niveau de preuve de la date (AUTHOR_VERIFIED / EXTERNAL_VERIFICATION / TIMELINE_FIGURE), pas une date | aucune annee a quatre chiffres dans la valeur | description datee mais aucune annee derivee de la valeur : comparaison impossible, rien n'est conclu
45cd642a1b8b411092e611c51acdb791;InfrastructureEvent — First Bitcoin halving;InfrastructureEvent;dateSource;TEXT;Thèse — Chronologie 2 (p.88);;indeterminee;libre;;non;;2012-11;;non_parsable;cle du perimetre qui ne porte PAS une date : reference bibliographique de la date (ex. « Sedgwick 2018e »), pas une date | aucune annee a quatre chiffres dans la valeur | description datee mais aucune annee derivee de la valeur : comparaison impossible, rien n'est conclu
462ca3c2907a45f0a4ef51d3bddbf906;Wood 2014 Yellow Paper;Reference;year;TIME;2014-01-01T00:00:00.000Z;2014-01-01;jour;TIME-ISO-Z;;oui;;;;ok;cle `year` encodee en TIME au 1er janvier : la precision jour est un artefact d'encodage, la donnee utile est l'annee
4714eee14a3441f59c65e6c1184a2098;Entretien n°13;PrimarySource;dateInterview;TIME;2019-06-04T00:00:00.000Z;2019-06-04;jour;TIME-ISO-Z;;non;;;;ok;
47d023c1e1b343b2b311162d19f9c365;Blanc 2009b — Usages de l'argent (Traité sociologie);AcademicWork|Reference;year;TEXT;2009;2009;annee;annee;;oui;;;;ok;
47e012e3a2e9497b9441929a2cedf35e;Sedgwick 2020a;GreyLiterature|Reference;consultedDate;TEXT;21 juillet 2020;2020-07-21;jour;libre;;non;;;;ok;date en toutes lettres (jour, mois, annee) : famille `libre` par convention de colonne, mais entierement derivable
47e012e3a2e9497b9441929a2cedf35e;Sedgwick 2020a;GreyLiterature|Reference;date;TEXT;7 mars 2020;2020-03-07;jour;libre;;oui;;;;ok;date en toutes lettres (jour, mois, annee) : famille `libre` par convention de colonne, mais entierement derivable | role « point » : accord d'annee avec year
47e012e3a2e9497b9441929a2cedf35e;Sedgwick 2020a;GreyLiterature|Reference;year;TEXT;2020;2020;annee;annee;;oui;;;;ok;role « point » : accord d'annee avec date
482b58684cae41d8a755fc694a478b7b;May 2018;GreyLiterature|Reference;year;TEXT;2018;2018;annee;annee;;oui;;;;ok;
496ef75551f5475ab7f7ec0c6f31052a;InfrastructureEvent — BitDNS : projet DNS distribué précurseur de Namecoin (nov. 2010);InfrastructureEvent;date;TEXT;2010-11;2010-11;mois;ISO-mois;;oui;;2010-11;non;ok;description : accord d'annee (2010-11 contre 2010-11)
496ef75551f5475ab7f7ec0c6f31052a;InfrastructureEvent — BitDNS : projet DNS distribué précurseur de Namecoin (nov. 2010);InfrastructureEvent;dateSource;TEXT;Nakamoto 2010b;;indeterminee;libre;;non;;2010-11;;non_parsable;cle du perimetre qui ne porte PAS une date : reference bibliographique de la date (ex. « Sedgwick 2018e »), pas une date | ANNEES CITEES dans la valeur (non retenues comme date) : 2010 | description datee mais aucune annee derivee de la valeur : comparaison impossible, rien n'est conclu
4af2142b31984dc280cf51546cf08e9c;InfrastructureEvent — SatoshiDice (lancement 24 avril 2012);InfrastructureEvent;date;TEXT;2012-04-24;2012-04-24;jour;ISO-jour;;oui;;2012-04|2013;non;ok;description : accord d'annee (2012-04|2013 contre 2012-04-24)
4af2142b31984dc280cf51546cf08e9c;InfrastructureEvent — SatoshiDice (lancement 24 avril 2012);InfrastructureEvent;dateSource;TEXT;"Voorhees 2013 ; Buterin 2013a ; 2013c";;indeterminee;libre;;non;;2012-04|2013;;non_parsable;cle du perimetre qui ne porte PAS une date : reference bibliographique de la date (ex. « Sedgwick 2018e »), pas une date | ANNEES CITEES dans la valeur (non retenues comme date) : 2013 | description datee mais aucune annee derivee de la valeur : comparaison impossible, rien n'est conclu
4cf7803656584b009ba11f1a99fdb6e8;Whitebbit1111 2022;GreyLiterature|Reference;year;TEXT;2022;2022;annee;annee;;oui;;;;ok;
4d123d178412441bbf33bfa8240e9c3c;InfrastructureEvent — First public French info site Bitcoin.fr;InfrastructureEvent;date;TEXT;2010-12-23;2010-12-23;jour;ISO-jour;;oui;;;;ok;
4d123d178412441bbf33bfa8240e9c3c;InfrastructureEvent — First public French info site Bitcoin.fr;InfrastructureEvent;dateAuthority;TEXT;TIMELINE_FIGURE;;indeterminee;libre;;non;;;;non_parsable;cle du perimetre qui ne porte PAS une date : niveau de preuve de la date (AUTHOR_VERIFIED / EXTERNAL_VERIFICATION / TIMELINE_FIGURE), pas une date | aucune annee a quatre chiffres dans la valeur
4d123d178412441bbf33bfa8240e9c3c;InfrastructureEvent — First public French info site Bitcoin.fr;InfrastructureEvent;dateSource;TEXT;Thèse — Chronologie 2 (p.88);;indeterminee;libre;;non;;;;non_parsable;cle du perimetre qui ne porte PAS une date : reference bibliographique de la date (ex. « Sedgwick 2018e »), pas une date | aucune annee a quatre chiffres dans la valeur
4d2430ba5c22456387bea785f5b42a67;PriceWindow — Pic décembre 2013 (~1000$);PriceWindow;date;TEXT;2013-12;2013-12;mois;ISO-mois;;oui;;;;ok;
4df197e434614e35879f37a0c40d6679;Blanc 2009a — Monnaies sociales contraintes organisationnelles;AcademicWork|Reference;year;TEXT;2009;2009;annee;annee;;oui;;;;ok;
4e1a794249594b368e13e558174dea38;Attaque DDoS MtGox (mai 2013);CrisisEvent;date;TEXT;Mai 2013;2013-05;mois;libre;;oui;;;;ok;mois en toutes lettres + annee : famille `libre` par convention de colonne, mais entierement derivable
4e1cf0998d754fef8d8ace2d4daad389;BitPay merchant payment processor;InfrastructureEvent;date;TEXT;2011-05;2011-05;mois;ISO-mois;;oui;;2011;non;ok;description : accord d'annee (2011 contre 2011-05)
4e6ed42ae4d34771928eb19339e86dc7;Entretien n°25;PrimarySource;dateInterview;TIME;2020-02-24T00:00:00.000Z;2020-02-24;jour;TIME-ISO-Z;;non;;;;ok;
4e7c7974fdc04b07a244b8eec8550974;Knapp 1924 State Theory Money;Reference;year;TIME;1924-01-01T00:00:00.000Z;1924-01-01;jour;TIME-ISO-Z;;oui;;;;ok;cle `year` encodee en TIME au 1er janvier : la precision jour est un artefact d'encodage, la donnee utile est l'annee
4ed01f7542be4de9b53d4f30516ab5fb;Rauchs 2016;Reference;year;TEXT;2016;2016;annee;annee;;oui;;;;ok;
4f57a750014849e6b8676b66ef2aadd2;InfrastructureEvent — Flash crash MtGox : 32$ vers 0,01$ (juillet 2011);InfrastructureEvent;date;TEXT;2011-07;2011-07;mois;ISO-mois;;oui;;;;ok;
4f57a750014849e6b8676b66ef2aadd2;InfrastructureEvent — Flash crash MtGox : 32$ vers 0,01$ (juillet 2011);InfrastructureEvent;dateSource;TEXT;"Sedgwick 2019g ; BitMEX Research 2018";;indeterminee;libre;;non;;;;non_parsable;cle du perimetre qui ne porte PAS une date : reference bibliographique de la date (ex. « Sedgwick 2018e »), pas une date | ANNEES CITEES dans la valeur (non retenues comme date) : 2018, 2019
4f5fca111aea4a4e9e658bc10a8c6cbb;Jentzsch 2016c — History of the DAO and Lessons Learned;IndigenousLiterature|Reference;year;TEXT;2016;2016;annee;annee;;oui;;;;ok;
4f7fd6dcbdc349a08df4b66d92cb9cdc;InfrastructureEvent — Nakamoto introduces block size limit;InfrastructureEvent;date;TEXT;2010-07-15;2010-07-15;jour;ISO-jour;;oui;;2010-09|2010-10;non;ok;description : accord d'annee (2010-09|2010-10 contre 2010-07-15)
4f7fd6dcbdc349a08df4b66d92cb9cdc;InfrastructureEvent — Nakamoto introduces block size limit;InfrastructureEvent;dateAuthority;TEXT;TIMELINE_FIGURE;;indeterminee;libre;;non;;2010-09|2010-10;;non_parsable;cle du perimetre qui ne porte PAS une date : niveau de preuve de la date (AUTHOR_VERIFIED / EXTERNAL_VERIFICATION / TIMELINE_FIGURE), pas une date | aucune annee a quatre chiffres dans la valeur | description datee mais aucune annee derivee de la valeur : comparaison impossible, rien n'est conclu
4f7fd6dcbdc349a08df4b66d92cb9cdc;InfrastructureEvent — Nakamoto introduces block size limit;InfrastructureEvent;dateSource;TEXT;Thèse — Chronologie 2 (p.88);;indeterminee;libre;;non;;2010-09|2010-10;;non_parsable;cle du perimetre qui ne porte PAS une date : reference bibliographique de la date (ex. « Sedgwick 2018e »), pas une date | aucune annee a quatre chiffres dans la valeur | description datee mais aucune annee derivee de la valeur : comparaison impossible, rien n'est conclu
50099e850578442faa7127ce0c51bb53;Observation participante n°26;PrimarySource;dateEvenement;TIME;2020-03-04T00:00:00.000Z;2020-03-04;jour;TIME-ISO-Z;;non;;;;ok;
500e47a7ba0346be981231b81afe7e88;InfrastructureEvent — Premiers NFT sur Namecoin (détournement d'usage);InfrastructureEvent;date;TEXT;2011;2011;annee;annee;;oui;;2022;oui;ok;CONFLIT DESCRIPTION : la description ne cite que 2022 la ou date vaut 2011 — une description cite volontiers des annees qui ne sont pas la date de l'entite : signalement, pas erreur etablie
500e47a7ba0346be981231b81afe7e88;InfrastructureEvent — Premiers NFT sur Namecoin (détournement d'usage);InfrastructureEvent;dateSource;TEXT;Whitebbit1111 2022;;indeterminee;libre;;non;;2022;;non_parsable;cle du perimetre qui ne porte PAS une date : reference bibliographique de la date (ex. « Sedgwick 2018e »), pas une date | ANNEES CITEES dans la valeur (non retenues comme date) : 1111, 2022 | description datee mais aucune annee derivee de la valeur : comparaison impossible, rien n'est conclu
5060d49425084250939155fab66108ae;Allaire 2013 — Les communs comme infrastructure;AcademicWork|Reference;year;TEXT;2013;2013;annee;annee;;oui;;;;ok;
5062acdef7964498a764823149c32127;CVE-2015-3641 — OOM via p2p — Unspecified yet;CrisisEvent;date;TEXT;27/06/2015;2015-06-27;jour;DD-MM-YYYY-ou-MM-DD-YYYY;non;oui;;;;ok;ordre etabli sans convention : le groupe 27 depasse 12 et ne peut pas etre un mois (JJ/MM/AAAA)
50b94d8f76fa4e36a67e3dc28ad7a8d1;Hess & Ostrom 2003 — Information as Common-pool resource;AcademicWork|Reference;year;TEXT;2003;2003;annee;annee;;oui;;;;ok;
50f59bb92ad240b5846567c25ba452dd;Kindleberger 2017 — Bitcoin is fiat money too;GreyLiterature|Reference;year;TEXT;2017;2017;annee;annee;;oui;;;;ok;
51061825b7fb47ab9676f6fb393f996e;Hughes 1993 Cypherpunk Manifesto;Reference;year;TEXT;1993;1993;annee;annee;;oui;;;;ok;
51cd9218082f4db7b393a6d84f2f7b00;Moser et Bohme 2015;AcademicWork|Reference;year;TEXT;2015;2015;annee;annee;;oui;;;;ok;
5203960e41d1470fb6cda90d1da326d5;OpenEthereum / Parity;SoftwareClient;launchYear;TIME;2016-01-01T00:00:00.000Z;2016-01-01;jour;TIME-ISO-Z;;oui;;;;ok;
522baf7957ec403bb149dd90adb1ba6e;CVE-2012-3789 — (Lack of) orphan txn resource limits;CrisisEvent;date;TEXT;12/05/2012;2012;jour;DD-MM-YYYY-ou-MM-DD-YYYY;oui;oui;;;;ok;ordre jour/mois indecidable : « 12/05/2012 » se lit 2012-05-12 (JJ/MM) ou 2012-12-05 (MM/JJ) , normalized_iso s'arrete a l'annee, aucune convention n'est appliquee
52825e0addb24136bf45eace9724984b;InfrastructureEvent — Braiins / Stratum V2 (protocole communication hashers/pools);InfrastructureEvent;date;TEXT;2019;2019;annee;annee;;oui;;2019;non;ok;description : accord d'annee (2019 contre 2019)
52825e0addb24136bf45eace9724984b;InfrastructureEvent — Braiins / Stratum V2 (protocole communication hashers/pools);InfrastructureEvent;dateSource;TEXT;Wirdum 2019;;indeterminee;libre;;non;;2019;;non_parsable;cle du perimetre qui ne porte PAS une date : reference bibliographique de la date (ex. « Sedgwick 2018e »), pas une date | ANNEES CITEES dans la valeur (non retenues comme date) : 2019 | description datee mais aucune annee derivee de la valeur : comparaison impossible, rien n'est conclu
52b78e8f887849daae08b2c1681272ed;GovernanceProcess — Adoption BIP-16 P2SH (avril 2012);GovernanceProcess;dateEnd;TEXT;2012-04;2012-04;mois;ISO-mois;;oui;;;;ok;
52b78e8f887849daae08b2c1681272ed;GovernanceProcess — Adoption BIP-16 P2SH (avril 2012);GovernanceProcess;dateStart;TEXT;2012-01;2012-01;mois;ISO-mois;;oui;;;;ok;
53915f16c8a34be58334fab98244a29e;Goodhart 2000 — Can Central Banking Survive the IT Revolution;AcademicWork|Reference;year;TEXT;2000;2000;annee;annee;;oui;;;;ok;
53e16cb611ff4dd6997b42194419652d;Controverse Taproot activation (2021);GovernanceConflict;period;TEXT;2021;2021;annee;annee;;non;;;;ok;
54491adc29114776a8b0167125f10f5a;Torpey 2018;GreyLiterature|Reference;year;TEXT;2018;2018;annee;annee;;oui;;;;ok;
544943d3d87a4c898c5e706622b2df97;InfrastructureEvent — France audition Commission des Finances sur les cryptomonnaies (2015);InfrastructureEvent;date;TEXT;07/11/2014;2014;jour;DD-MM-YYYY-ou-MM-DD-YYYY;oui;oui;;2014|2015;non;ok;ordre jour/mois indecidable : « 07/11/2014 » se lit 2014-11-07 (JJ/MM) ou 2014-07-11 (MM/JJ) , normalized_iso s'arrete a l'annee, aucune convention n'est appliquee | description : accord d'annee (2014|2015 contre 2014)
549dedd53b84b0f870d09e03ac9fbceb;InfrastructureEvent — PR 9049 : insémination du bogue CVE-2018-17144 (octobre 2016);InfrastructureEvent;date;TEXT;2016-10;2016-10;mois;ISO-mois;;oui;;2018;oui;ok;CONFLIT DESCRIPTION : la description ne cite que 2018 la ou date vaut 2016-10 — une description cite volontiers des annees qui ne sont pas la date de l'entite : signalement, pas erreur etablie
549dedd53b84b0f870d09e03ac9fbceb;InfrastructureEvent — PR 9049 : insémination du bogue CVE-2018-17144 (octobre 2016);InfrastructureEvent;dateSource;TEXT;Thèse ch.III l.87;;indeterminee;libre;;non;;2018;;non_parsable;cle du perimetre qui ne porte PAS une date : reference bibliographique de la date (ex. « Sedgwick 2018e »), pas une date | aucune annee a quatre chiffres dans la valeur | description datee mais aucune annee derivee de la valeur : comparaison impossible, rien n'est conclu
54f5460c4a9f44f8bde5ddda237c835b;EIP-155 — Replay protection (post-fork);ProtocolProposal;year;TEXT;2016;2016;annee;annee;;oui;;;;ok;
55f0a933c1f6483f80adda294c744961;InfrastructureEvent — Lancement bourse d'échange Bitcoin en Inde (2016);InfrastructureEvent;date;TEXT;01/07/2016;2016;jour;DD-MM-YYYY-ou-MM-DD-YYYY;oui;oui;;2016;non;ok;ordre jour/mois indecidable : « 01/07/2016 » se lit 2016-07-01 (JJ/MM) ou 2016-01-07 (MM/JJ) , normalized_iso s'arrete a l'annee, aucune convention n'est appliquee | description : accord d'annee (2016 contre 2016)
5656bd5a2f974bbdb8d82530cdf936f3;CVE-2016-8889 — Debug console history storing sensitive info;CrisisEvent;date;TEXT;27/10/2016;2016-10-27;jour;DD-MM-YYYY-ou-MM-DD-YYYY;non;oui;;;;ok;ordre etabli sans convention : le groupe 27 depasse 12 et ne peut pas etre un mois (JJ/MM/AAAA)
5680ab9e9b6a4a1f8f66964f7214266a;Selgin 2013 — Quasi-Commodity Money;AcademicWork|Reference;year;TEXT;2013;2013;annee;annee;;oui;;;;ok;
569ea7309d154d1e92acf5b177563629;Galbraith 1976 — L'argent;AcademicWork|Reference;year;TEXT;1976;1976;annee;annee;;oui;;;;ok;
56a70d9580224ae6b51334139b921ee0;InfrastructureEvent — Lancement de Counterparty / XCP (janvier 2014);InfrastructureEvent;date;TEXT;2014-01;2014-01;mois;ISO-mois;;oui;;2014|2022;non;ok;description : accord d'annee (2014|2022 contre 2014-01)
56c0c0aa6ad142d4b98312e9dab7a7cf;Observation participante n°20;PrimarySource;dateEvenement;TIME;2018-06-06T00:00:00.000Z;2018-06-06;jour;TIME-ISO-Z;;non;;;;ok;
56dc412f484748a8a5dab8f7a0bfa9c8;Bohme et al 2015 Bitcoin Economics;Reference;year;TIME;2015-01-01T00:00:00.000Z;2015-01-01;jour;TIME-ISO-Z;;oui;;;;ok;cle `year` encodee en TIME au 1er janvier : la precision jour est un artefact d'encodage, la donnee utile est l'annee
57283ba8aa2c42beb27e7cb1ae91b230;Velde 2013 — Bitcoin a primer (Federal Reserve Chicago);GreyLiterature|Reference;year;TEXT;2013;2013;annee;annee;;oui;;;;ok;
573249a6c8904a05bc21c1e970401d21;Fields 2018 — Responsible disclosure cryptocurrencies;IndigenousLiterature|Reference;year;TEXT;2018;2018;annee;annee;;oui;;;;ok;
573d8b4226b84a089da2580fc046b334;Knapp 1924 — The State Theory of Money;AcademicWork|Reference;year;TEXT;1924;1924;annee;annee;;oui;;;;ok;
580caacd80b14170b0d6dc071106071b;CVE-2013-2273 — Predictable change output;CrisisEvent;date;TEXT;30/01/2013;2013-01-30;jour;DD-MM-YYYY-ou-MM-DD-YYYY;non;oui;;;;ok;ordre etabli sans convention : le groupe 30 depasse 12 et ne peut pas etre un mois (JJ/MM/AAAA)
5827f98bffe845e5b17b188531d11aa0;Voorhees 2013;GreyLiterature|Reference;year;TEXT;2013;2013;annee;annee;;oui;;;;ok;
58bad1bd625d4ff4928204acc3705e6e;Bier 2021a;AcademicWork|Reference;year;TEXT;2021;2021;annee;annee;;oui;;;;ok;
58f3e1dccd4c42d9ba7194d20314ed57;InfrastructureEvent — RipplePay : réseau de confiance P2P précurseur de Ripple (Ryan Fugger, 2004);InfrastructureEvent;date;TEXT;2004;2004;annee;annee;;oui;;2004|2018;non;anterieure_a_2008_sur_entite_crypto;description : accord d'annee (2004|2018 contre 2004) | date 2004 anterieure au 31/10/2008 (livre blanc Bitcoin) sur une entite de type InfrastructureEvent
59c7ed8a91e34014b89c4afcfa04abcd;Willett 2012 Mastercoin WP;Reference;year;TIME;2012-01-01T00:00:00.000Z;2012-01-01;jour;TIME-ISO-Z;;oui;;;;ok;cle `year` encodee en TIME au 1er janvier : la precision jour est un artefact d'encodage, la donnee utile est l'annee
59cad7f544f743a3a42b7bfcf4c32991;Lustig & Nardi 2015 — Algorithmic authority Bitcoin;AcademicWork|Reference;year;TEXT;2015;2015;annee;annee;;oui;;;;ok;
5a4e23cdbfb74154bea67b19975e4abd;Sedgwick 2019l;Reference;consultedDate;TEXT;21 juillet 2020;2020-07-21;jour;libre;;non;;;;ok;date en toutes lettres (jour, mois, annee) : famille `libre` par convention de colonne, mais entierement derivable
5a4e23cdbfb74154bea67b19975e4abd;Sedgwick 2019l;Reference;date;TEXT;12 mai 2019;2019-05-12;jour;libre;;oui;;;;ok;date en toutes lettres (jour, mois, annee) : famille `libre` par convention de colonne, mais entierement derivable | role « point » : accord d'annee avec year
5a4e23cdbfb74154bea67b19975e4abd;Sedgwick 2019l;Reference;year;TEXT;2019;2019;annee;annee;;oui;;;;ok;role « point » : accord d'annee avec date
5aab53cf651f4bf2a4910c8841673b02;Binance 2017 — Whitepaper Binance Token;Reference;year;TEXT;2017;2017;annee;annee;;oui;;;;ok;
5abc57fb86bd4d16a10651f8520e7795;Coriat 2010 — Crise idéologie propriétaire retour des communs;AcademicWork|Reference;year;TEXT;2010;2010;annee;annee;;oui;;;;ok;
5b4b67bbe5774f5d97833c0e02d10f3a;Wilcke 2016 Hard Fork;Reference;year;TIME;2016-01-01T00:00:00.000Z;2016-01-01;jour;TIME-ISO-Z;;oui;;;;ok;cle `year` encodee en TIME au 1er janvier : la precision jour est un artefact d'encodage, la donnee utile est l'annee
5b6c1bb3fb734c53899662612f54242a;Bitfinex;Organization;foundedYear;NUMBER;2012;2012;annee;annee;;non;;;;ok;
5b8c5959b2114befb0021a2c5d416e6f;InfrastructureEvent — First soft fork (Value overflow bug fix);InfrastructureEvent;date;TEXT;2010-07-28;2010-07-28;jour;ISO-jour;;oui;;2010-08;non;ok;description : accord d'annee (2010-08 contre 2010-07-28)
5b8c5959b2114befb0021a2c5d416e6f;InfrastructureEvent — First soft fork (Value overflow bug fix);InfrastructureEvent;dateAuthority;TEXT;TIMELINE_FIGURE;;indeterminee;libre;;non;;2010-08;;non_parsable;cle du perimetre qui ne porte PAS une date : niveau de preuve de la date (AUTHOR_VERIFIED / EXTERNAL_VERIFICATION / TIMELINE_FIGURE), pas une date | aucune annee a quatre chiffres dans la valeur | description datee mais aucune annee derivee de la valeur : comparaison impossible, rien n'est conclu
5b8c5959b2114befb0021a2c5d416e6f;InfrastructureEvent — First soft fork (Value overflow bug fix);InfrastructureEvent;dateSource;TEXT;Thèse — Chronologie 2 (p.88);;indeterminee;libre;;non;;2010-08;;non_parsable;cle du perimetre qui ne porte PAS une date : reference bibliographique de la date (ex. « Sedgwick 2018e »), pas une date | aucune annee a quatre chiffres dans la valeur | description datee mais aucune annee derivee de la valeur : comparaison impossible, rien n'est conclu
5c29ca6480a54f67a950bf0495caf898;Avenier & Thomas 2011 — Mixer quali et quanti;AcademicWork|Reference;year;TEXT;2011;2011;annee;annee;;oui;;;;ok;
5c2cf7a5479d42bcaa2a9e3ee326ddf4;Böhme et al. 2015 — Bitcoin Economics Technology Governance;AcademicWork|Reference;year;TEXT;2015;2015;annee;annee;;oui;;;;ok;
5c4ba2b8434640739a29b6b91a6706f7;Observation participante n°13;PrimarySource;dateEvenement;TIME;2017-06-29T00:00:00.000Z;2017-06-29;jour;TIME-ISO-Z;;non;;;;ok;
5d58d0b8ec2440059a6be390aa1bdfe6;Mist;ActorNonHuman;launchYear;TEXT;2015;2015;annee;annee;;oui;;;;ok;
5dfe15f31a89483aae5b75e1e60fc5ef;GPU mining emergence;InfrastructureEvent;date;TEXT;2010-07;2010-07;mois;ISO-mois;;oui;;2010;non;ok;description : accord d'annee (2010 contre 2010-07)
5ea44d21a07d4d13a6f1d6677936b8e7;Ethereum Classic (ETHC);Protocol;launchYear;TIME;2016-07-20T00:00:00.000Z;2016-07-20;jour;TIME-ISO-Z;;oui;;;;ok;
5eeed0a89f93410184336105b8e4ec33;InfrastructureEvent — Split de chaîne (bug de consensus, 15/03/2013);InfrastructureEvent;date;TEXT;2013-03-15;2013-03-15;jour;ISO-jour;;oui;;;;ok;
5eeed0a89f93410184336105b8e4ec33;InfrastructureEvent — Split de chaîne (bug de consensus, 15/03/2013);InfrastructureEvent;dateSource;TEXT;"Sedgwick ; Lopp 2018";;indeterminee;libre;;non;;;;non_parsable;cle du perimetre qui ne porte PAS une date : reference bibliographique de la date (ex. « Sedgwick 2018e »), pas une date | ANNEES CITEES dans la valeur (non retenues comme date) : 2018
5f06214e17074a14874220ed7195ded9;InfrastructureEvent — Levee de fonds Ethereum en BTC (2014);InfrastructureEvent;date;TEXT;2014;2014;annee;annee;;oui;;2014;non;ok;description : accord d'annee (2014 contre 2014)
5f86375d2ffa4575b9c1b18395bb82b1;InfrastructureEvent — Bitcoin-QT 0.1 client lourd (9 janvier 2009);InfrastructureEvent;date;TEXT;2009-01-09;2009-01-09;jour;ISO-jour;;oui;;;;ok;
5f86375d2ffa4575b9c1b18395bb82b1;InfrastructureEvent — Bitcoin-QT 0.1 client lourd (9 janvier 2009);InfrastructureEvent;dateSource;TEXT;"Sedgwick 2019b ; Banque de France 2013";;indeterminee;libre;;non;;;;non_parsable;cle du perimetre qui ne porte PAS une date : reference bibliographique de la date (ex. « Sedgwick 2018e »), pas une date | ANNEES CITEES dans la valeur (non retenues comme date) : 2013, 2019
5ff1beb1ee0b43449c9ce88a1c21e2b6;Weber Beat 2014b — Can Bitcoin compete with money;AcademicWork|Reference;year;TEXT;2014;2014;annee;annee;;oui;;;;ok;
601530e6aa0746329c195a14dcf24fd1;Sedgwick 2020b;GreyLiterature|Reference;consultedDate;TEXT;21 juillet 2020;2020-07-21;jour;libre;;non;;;;ok;date en toutes lettres (jour, mois, annee) : famille `libre` par convention de colonne, mais entierement derivable
601530e6aa0746329c195a14dcf24fd1;Sedgwick 2020b;GreyLiterature|Reference;date;TEXT;25 février 2020;2020-02-25;jour;libre;;oui;;;;ok;date en toutes lettres (jour, mois, annee) : famille `libre` par convention de colonne, mais entierement derivable | role « point » : accord d'annee avec year
601530e6aa0746329c195a14dcf24fd1;Sedgwick 2020b;GreyLiterature|Reference;year;TEXT;2020;2020;annee;annee;;oui;;;;ok;role « point » : accord d'annee avec date
608cc2e4c58247a48f6fa317fb91cbf8;InfrastructureEvent — MtGox perd 25 000 BTC (vol);InfrastructureEvent;date;TEXT;2011-06-13;2011-06-13;jour;ISO-jour;;oui;;2011-06;non;ok;description : accord d'annee (2011-06 contre 2011-06-13)
608cc2e4c58247a48f6fa317fb91cbf8;InfrastructureEvent — MtGox perd 25 000 BTC (vol);InfrastructureEvent;dateAuthority;TEXT;TIMELINE_FIGURE;;indeterminee;libre;;non;;2011-06;;non_parsable;cle du perimetre qui ne porte PAS une date : niveau de preuve de la date (AUTHOR_VERIFIED / EXTERNAL_VERIFICATION / TIMELINE_FIGURE), pas une date | aucune annee a quatre chiffres dans la valeur | description datee mais aucune annee derivee de la valeur : comparaison impossible, rien n'est conclu
608cc2e4c58247a48f6fa317fb91cbf8;InfrastructureEvent — MtGox perd 25 000 BTC (vol);InfrastructureEvent;dateSource;TEXT;Thèse — Chronologie (figure) Chapitre I.2;;indeterminee;libre;;non;;2011-06;;non_parsable;cle du perimetre qui ne porte PAS une date : reference bibliographique de la date (ex. « Sedgwick 2018e »), pas une date | aucune annee a quatre chiffres dans la valeur | description datee mais aucune annee derivee de la valeur : comparaison impossible, rien n'est conclu
60b665021b014f6d9803f0e227d8d076;InfrastructureEvent — NewLibertyStandard : modele de prix par cout minage (fev.2010);InfrastructureEvent;date;TEXT;2010-02;2010-02;mois;ISO-mois;;oui;;;;ok;
60b665021b014f6d9803f0e227d8d076;InfrastructureEvent — NewLibertyStandard : modele de prix par cout minage (fev.2010);InfrastructureEvent;dateSource;TEXT;Sedgwick 2018b;;indeterminee;libre;;non;;;;non_parsable;cle du perimetre qui ne porte PAS une date : reference bibliographique de la date (ex. « Sedgwick 2018e »), pas une date | ANNEES CITEES dans la valeur (non retenues comme date) : 2018
60dc60e0a2264130bb32004d421070df;Golumbia 2015 — Bitcoin as Politics Distributed Right-Wing Extremism;AcademicWork|Reference;year;TEXT;2015;2015;annee;annee;;oui;;;;ok;
60fec4fa361140efbaa72b212c415e9f;InfrastructureEvent — NYSE publie données de prix Bitcoin (2015);InfrastructureEvent;date;TEXT;2015;2015;annee;annee;;oui;;;;ok;
6159fc6febc14b1fa512e41f7a6308b6;CVE-2017-9230 (ASICboost);CrisisEvent;year;TEXT;2017;2017;annee;annee;;oui;;;;ok;
6197ae54ffc647c8a745daff547aebd1;Bercy Infos 2020 — Crypto-actifs comment s'y retrouver;GreyLiterature|Reference;year;TEXT;2020;2020;annee;annee;;oui;;;;ok;
61c00091249c44d88bc06e678331e6dc;InfrastructureEvent — Digital Asset Transfer Authority (juillet 2013);InfrastructureEvent;date;TEXT;2013-07;2013-07;mois;ISO-mois;;oui;;2013-07;non;ok;description : accord d'annee (2013-07 contre 2013-07)
61c00091249c44d88bc06e678331e6dc;InfrastructureEvent — Digital Asset Transfer Authority (juillet 2013);InfrastructureEvent;dateSource;TEXT;Bitcoin.fr;;indeterminee;libre;;non;;2013-07;;non_parsable;cle du perimetre qui ne porte PAS une date : reference bibliographique de la date (ex. « Sedgwick 2018e »), pas une date | aucune annee a quatre chiffres dans la valeur | description datee mais aucune annee derivee de la valeur : comparaison impossible, rien n'est conclu
6213eb5f73954b8e957f5649a854c578;Lightning Network;Protocol;launchYear;TIME;2018-03-15T00:00:00.000Z;2018-03-15;jour;TIME-ISO-Z;;oui;;;;ok;
621555b126f4496c94f5ea08a904603e;Blanc 2008 — Usages de l'argent pratiques monétaires;AcademicWork|Reference;year;TEXT;2008;2008;annee;annee;;oui;;;;ok;
62b3883426c9461da17f87d967b36766;Hearn & Peck 2013 — Major Bug Bitcoin Software;GreyLiterature|Reference;year;TEXT;2013;2013;annee;annee;;oui;;;;ok;
62bafe2074254283882c378aeac17e24;Arvicco 2016c — What can I do to help ETC;IndigenousLiterature|Reference;year;TEXT;2016;2016;annee;annee;;oui;;;;ok;
62d87c74d3504d84bfee3d8d5fb44f4d;InfrastructureEvent — Nasdaq publie donnees de prix Bitcoin (fin 2013);InfrastructureEvent;date;TEXT;2013;2013;annee;annee;;oui;;2013;non;ok;description : accord d'annee (2013 contre 2013)
63001807d7ae4b9393a7fc6dee70ee23;Favereau 1997 — L'incomplétude n'est pas le problème;AcademicWork|Reference;year;TEXT;1997;1997;annee;annee;;oui;;;;ok;
63ed4d1a77544c98a047be919573aafb;Andresen 2016 — One-dollar lulz;IndigenousLiterature|Reference;year;TEXT;2016;2016;annee;annee;;oui;;;;ok;
63ef4f3d8f584d9b90e351ab7c7c4b39;Hack et faillite MtGox (février 2014);CrisisEvent;date;TEXT;Février 2014;2014-02;mois;libre;;oui;;;;ok;mois en toutes lettres + annee : famille `libre` par convention de colonne, mais entierement derivable
644be87209214927af0a4ffb959df6d8;InfrastructureEvent — Introduction des frais relais minimums (protocole);InfrastructureEvent;date;TEXT;2012;2012;annee;annee;;oui;;2014|2021;oui;ok;CONFLIT DESCRIPTION : la description ne cite que 2014|2021 la ou date vaut 2012 — une description cite volontiers des annees qui ne sont pas la date de l'entite : signalement, pas erreur etablie
644be87209214927af0a4ffb959df6d8;InfrastructureEvent — Introduction des frais relais minimums (protocole);InfrastructureEvent;dateSource;TEXT;Bradbury 2014;;indeterminee;libre;;non;;2014|2021;;non_parsable;cle du perimetre qui ne porte PAS une date : reference bibliographique de la date (ex. « Sedgwick 2018e »), pas une date | ANNEES CITEES dans la valeur (non retenues comme date) : 2014 | description datee mais aucune annee derivee de la valeur : comparaison impossible, rien n'est conclu
644de7a85c76448fa1e1bbeabd176d03;Garzik 2014a;IndigenousLiterature|Reference;year;TEXT;2014;2014;annee;annee;;oui;;;;ok;
645079ad66ee41b689112d383dd54798;Phase de maturation / Phase 3 Bitcoin;Concept;dateRange;TEXT;01/11/2013 — 01/01/2020;;plage;libre;oui;non;;2009|2013|2018|2020;non;ok;plage a deux bornes datees : « 01/11/2013 » -> 2013 et « 01/01/2020 » -> 2020 , famille `libre` par convention de colonne (la nomenclature ne prevoit que `plage-annees`), normalized_iso reste vide, choisir une borne serait un arbitrage | au moins une borne a un ordre jour/mois indecidable — l'annee de chaque borne reste, elle, etablie | description : accord d'annee (2009|2013|2018|2020 contre 2013,2020)
646140677b0c4a67855bdb001f4680cf;InfrastructureEvent — Limite de taille de bloc 1 Mo (15 juillet 2010);InfrastructureEvent;date;TEXT;2010-07-15;2010-07-15;jour;ISO-jour;;oui;;2010-07|2013|2015|2021;non;ok;description : accord d'annee (2010-07|2013|2015|2021 contre 2010-07-15)
646140677b0c4a67855bdb001f4680cf;InfrastructureEvent — Limite de taille de bloc 1 Mo (15 juillet 2010);InfrastructureEvent;dateSource;TEXT;Bier 2021d;;indeterminee;libre;;non;;2010-07|2013|2015|2021;;non_parsable;cle du perimetre qui ne porte PAS une date : reference bibliographique de la date (ex. « Sedgwick 2018e »), pas une date | ANNEES CITEES dans la valeur (non retenues comme date) : 2021 | description datee mais aucune annee derivee de la valeur : comparaison impossible, rien n'est conclu
64a49803ef464d83a7ae3a674d180ca8;InfrastructureEvent — Service d’anonymisation BitLaundry;InfrastructureEvent;date;TEXT;2010-09-01;2010-09-01;jour;ISO-jour;;oui;;2011;oui;ok;CONFLIT DESCRIPTION : la description ne cite que 2011 la ou date vaut 2010-09-01 — une description cite volontiers des annees qui ne sont pas la date de l'entite : signalement, pas erreur etablie
64a49803ef464d83a7ae3a674d180ca8;InfrastructureEvent — Service d’anonymisation BitLaundry;InfrastructureEvent;dateAuthority;TEXT;TIMELINE_FIGURE;;indeterminee;libre;;non;;2011;;non_parsable;cle du perimetre qui ne porte PAS une date : niveau de preuve de la date (AUTHOR_VERIFIED / EXTERNAL_VERIFICATION / TIMELINE_FIGURE), pas une date | aucune annee a quatre chiffres dans la valeur | description datee mais aucune annee derivee de la valeur : comparaison impossible, rien n'est conclu
64a49803ef464d83a7ae3a674d180ca8;InfrastructureEvent — Service d’anonymisation BitLaundry;InfrastructureEvent;dateSource;TEXT;Thèse — Chronologie (figure) Chapitre I.2;;indeterminee;libre;;non;;2011;;non_parsable;cle du perimetre qui ne porte PAS une date : reference bibliographique de la date (ex. « Sedgwick 2018e »), pas une date | aucune annee a quatre chiffres dans la valeur | description datee mais aucune annee derivee de la valeur : comparaison impossible, rien n'est conclu
64d68c3185654a3aa4477aaa46065146;Callon 1986 Traduction;Reference;year;TIME;1986-01-01T00:00:00.000Z;1986-01-01;jour;TIME-ISO-Z;;oui;;;;ok;cle `year` encodee en TIME au 1er janvier : la precision jour est un artefact d'encodage, la donnee utile est l'annee
656e53ef5fe740f99fb217681994ab8b;Observation participante n°2;PrimarySource;dateEvenement;TIME;2016-12-10T00:00:00.000Z;2016-12-10;jour;TIME-ISO-Z;;non;;;;ok;
65b41c49b2244a85ab136ed849d95b6b;CVE-2012-4682 — DOS (manque d'informations);CrisisEvent;date;TEXT;16/09/2012;2012-09-16;jour;DD-MM-YYYY-ou-MM-DD-YYYY;non;oui;;;;ok;ordre etabli sans convention : le groupe 16 depasse 12 et ne peut pas etre un mois (JJ/MM/AAAA)
65b4ab9b69ac4a968d99e39e11ec3774;Andresen 2012 BIP Process;Reference;year;TIME;2012-01-01T00:00:00.000Z;2012-01-01;jour;TIME-ISO-Z;;oui;;;;ok;cle `year` encodee en TIME au 1er janvier : la precision jour est un artefact d'encodage, la donnee utile est l'annee
6649a875b6b040e4b645481de807e338;King Nadal 2012 — PPCoin Peer-to-Peer Crypto-Currency;Reference;year;TEXT;2012;2012;annee;annee;;oui;;;;ok;
6661cad88f9145a6ad28d6c30840ef00;Mt. Gox;InfrastructureEvent;date;TEXT;2010;2010;annee;annee;;oui;;2010|2011|2014;non;ok;description : accord d'annee (2010|2011|2014 contre 2010)
6661cad88f9145a6ad28d6c30840ef00;Mt. Gox;InfrastructureEvent;dateSource;TEXT;"Sedgwick 2018b ; Sedgwick 2019g ; Sedgwick 2019h";;indeterminee;libre;;non;;2010|2011|2014;;non_parsable;cle du perimetre qui ne porte PAS une date : reference bibliographique de la date (ex. « Sedgwick 2018e »), pas une date | ANNEES CITEES dans la valeur (non retenues comme date) : 2018, 2019 | description datee mais aucune annee derivee de la valeur : comparaison impossible, rien n'est conclu
66a591458af644a9a0a83a0565e02488;InfrastructureEvent — Premier échange BTC/$ (NewLibertyStandard);InfrastructureEvent;date;TEXT;2009-10-05;2009-10-05;jour;ISO-jour;;oui;;2009-10;non;ok;description : accord d'annee (2009-10 contre 2009-10-05)
66a591458af644a9a0a83a0565e02488;InfrastructureEvent — Premier échange BTC/$ (NewLibertyStandard);InfrastructureEvent;dateAuthority;TEXT;TIMELINE_FIGURE;;indeterminee;libre;;non;;2009-10;;non_parsable;cle du perimetre qui ne porte PAS une date : niveau de preuve de la date (AUTHOR_VERIFIED / EXTERNAL_VERIFICATION / TIMELINE_FIGURE), pas une date | aucune annee a quatre chiffres dans la valeur | description datee mais aucune annee derivee de la valeur : comparaison impossible, rien n'est conclu
66a591458af644a9a0a83a0565e02488;InfrastructureEvent — Premier échange BTC/$ (NewLibertyStandard);InfrastructureEvent;dateSource;TEXT;Thèse — Chronologie (figure) Chapitre I.2;;indeterminee;libre;;non;;2009-10;;non_parsable;cle du perimetre qui ne porte PAS une date : reference bibliographique de la date (ex. « Sedgwick 2018e »), pas une date | aucune annee a quatre chiffres dans la valeur | description datee mais aucune annee derivee de la valeur : comparaison impossible, rien n'est conclu
66a9aaacdaac4412bc2e687d4b633630;Proposition de Soft Fork — The DAO (abandon);ProtocolProposal;year;TEXT;2016;2016;annee;annee;;oui;;;;ok;
674f0f1ee7784a21866a6370f2ed4704;Sedgwick 2019j;GreyLiterature|Reference;consultedDate;TEXT;21 juillet 2020;2020-07-21;jour;libre;;non;;;;ok;date en toutes lettres (jour, mois, annee) : famille `libre` par convention de colonne, mais entierement derivable
674f0f1ee7784a21866a6370f2ed4704;Sedgwick 2019j;GreyLiterature|Reference;date;TEXT;9 août 2019;2019-08-09;jour;libre;;oui;;;;ok;date en toutes lettres (jour, mois, annee) : famille `libre` par convention de colonne, mais entierement derivable | role « point » : accord d'annee avec year
674f0f1ee7784a21866a6370f2ed4704;Sedgwick 2019j;GreyLiterature|Reference;year;TEXT;2019;2019;annee;annee;;oui;;;;ok;role « point » : accord d'annee avec date
6764629f79164965926d3b12df278d39;Carney 2019 — Growing Challenges for Monetary Policy;GreyLiterature|Reference;year;TEXT;2019;2019;annee;annee;;oui;;;;ok;
67b9428e0daa430aa618c7730274fb66;Chaum 1985 — Security without Identification;AcademicWork|Reference;year;TEXT;1985;1985;annee;annee;;oui;;;;ok;
67fb1ee45c044b9b8ceb44519f69f122;Bitmex Research 2017a — History Bitcoin Consensus Forks;GreyLiterature|Reference;year;TEXT;2017;2017;annee;annee;;oui;;;;ok;
69aa91b1014e4143b79c9f3547c29c6d;InfrastructureEvent — Introduction d’une limite de bloc (activée 2010-09-12);InfrastructureEvent;date;TEXT;2010-07-15;2010-07-15;jour;ISO-jour;;oui;;2010-09;non;ok;description : accord d'annee (2010-09 contre 2010-07-15)
69aa91b1014e4143b79c9f3547c29c6d;InfrastructureEvent — Introduction d’une limite de bloc (activée 2010-09-12);InfrastructureEvent;dateAuthority;TEXT;TIMELINE_FIGURE;;indeterminee;libre;;non;;2010-09;;non_parsable;cle du perimetre qui ne porte PAS une date : niveau de preuve de la date (AUTHOR_VERIFIED / EXTERNAL_VERIFICATION / TIMELINE_FIGURE), pas une date | aucune annee a quatre chiffres dans la valeur | description datee mais aucune annee derivee de la valeur : comparaison impossible, rien n'est conclu
69aa91b1014e4143b79c9f3547c29c6d;InfrastructureEvent — Introduction d’une limite de bloc (activée 2010-09-12);InfrastructureEvent;dateSource;TEXT;Thèse — Chronologie (figure) Chapitre I.2;;indeterminee;libre;;non;;2010-09;;non_parsable;cle du perimetre qui ne porte PAS une date : reference bibliographique de la date (ex. « Sedgwick 2018e »), pas une date | aucune annee a quatre chiffres dans la valeur | description datee mais aucune annee derivee de la valeur : comparaison impossible, rien n'est conclu
69b8894ae6764333a270770b1fd661f3;CVE-2012-2459 — Block hash collision (via merkle root);CrisisEvent;date;TEXT;14/05/2012;2012-05-14;jour;DD-MM-YYYY-ou-MM-DD-YYYY;non;oui;;;;ok;ordre etabli sans convention : le groupe 14 depasse 12 et ne peut pas etre un mois (JJ/MM/AAAA)
69bbc0160968acbd6f0cfb812917767d;Ethereum Hard Fork — Muir Glacier;ProtocolChange;date;TEXT;2020-01-02;2020-01-02;jour;ISO-jour;;oui;;;;ok;
69bbc0160968acbd6f0cfb812917767d;Ethereum Hard Fork — Muir Glacier;ProtocolChange;dateAuthority;TEXT;AUTHOR_VERIFIED;;indeterminee;libre;;non;;;;non_parsable;cle du perimetre qui ne porte PAS une date : niveau de preuve de la date (AUTHOR_VERIFIED / EXTERNAL_VERIFICATION / TIMELINE_FIGURE), pas une date | aucune annee a quatre chiffres dans la valeur
69bbc0160968acbd6f0cfb812917767d;Ethereum Hard Fork — Muir Glacier;ProtocolChange;dateSource;TEXT;Chronologie des HF d'Ethereum V1 (M. Rolland) — constituee et verifiee par l'auteur, non mobilisee dans la these;;indeterminee;libre;;non;;;;non_parsable;cle du perimetre qui ne porte PAS une date : reference bibliographique de la date (ex. « Sedgwick 2018e »), pas une date | aucune annee a quatre chiffres dans la valeur
6a3276869cdb4ac1904aa1067eabd63d;The Economist 2015;GreyLiterature|Reference;year;TEXT;2015;2015;annee;annee;;oui;;;;ok;
6a5e27f616b143dbb797376acca129cf;Bradbury 2013;GreyLiterature|Reference;year;TEXT;2013;2013;annee;annee;;oui;;;;ok;
6b3c8ba8b848425893f4b36acccfb90c;TraFin 2014 — Rapport sur les monnaies virtuelles;Reference;year;TEXT;2014;2014;annee;annee;;oui;;;;ok;
6bc24441d4f64cf7a4c41af641f8bd85;Observation participante n°5;PrimarySource;dateEvenement;TIME;2016-11-29T00:00:00.000Z;2016-11-29;jour;TIME-ISO-Z;;non;;;;ok;
6c20274abd2640ff9f0a4e63ff156819;Kindleberger 2004 — Histoire mondiale spéculation financière;AcademicWork|Reference;year;TEXT;2004;2004;annee;annee;;oui;;;;ok;
6c21ae38f32f4957a4c38675b4582d1a;Lustig & Nardi 2015 Algorithmic Authority;Reference;year;TIME;2015-01-01T00:00:00.000Z;2015-01-01;jour;TIME-ISO-Z;;oui;;;;ok;cle `year` encodee en TIME au 1er janvier : la precision jour est un artefact d'encodage, la donnee utile est l'annee
6c31f72f6f6d4fca9f9512a7d66b7551;Charli Lee 2011;Reference;year;TEXT;2011;2011;annee;annee;;oui;;;;ok;
6c3842ee329a43c8ba3f49875bd17beb;Immersion : Création portefeuille Bitcoin (Electrum);PrimarySource;dateDebut;TIME;2015-01-01T00:00:00.000Z;2015-01-01;jour;TIME-ISO-Z;;non;;;;ok;
6c666e14270942a08b5d8908b5cd908d;InfrastructureEvent — ShapeShift (exchange non-custodial, Voorhees, 2014);InfrastructureEvent;date;TEXT;2014;2014;annee;annee;;oui;;;;ok;
6c92b4f54bb54499b7e2d2c0625fccf7;InfrastructureEvent — Publication du code Bitcoin v0.1;InfrastructureEvent;date;TEXT;2009-01-09;2009-01-09;jour;ISO-jour;;oui;;2009-01;non;ok;description : accord d'annee (2009-01 contre 2009-01-09)
6c92b4f54bb54499b7e2d2c0625fccf7;InfrastructureEvent — Publication du code Bitcoin v0.1;InfrastructureEvent;dateAuthority;TEXT;TIMELINE_FIGURE;;indeterminee;libre;;non;;2009-01;;non_parsable;cle du perimetre qui ne porte PAS une date : niveau de preuve de la date (AUTHOR_VERIFIED / EXTERNAL_VERIFICATION / TIMELINE_FIGURE), pas une date | aucune annee a quatre chiffres dans la valeur | description datee mais aucune annee derivee de la valeur : comparaison impossible, rien n'est conclu
6c92b4f54bb54499b7e2d2c0625fccf7;InfrastructureEvent — Publication du code Bitcoin v0.1;InfrastructureEvent;dateSource;TEXT;Thèse — Chronologie (figure) Chapitre I.2;;indeterminee;libre;;non;;2009-01;;non_parsable;cle du perimetre qui ne porte PAS une date : reference bibliographique de la date (ex. « Sedgwick 2018e »), pas une date | aucune annee a quatre chiffres dans la valeur | description datee mais aucune annee derivee de la valeur : comparaison impossible, rien n'est conclu
6c9b59cca3a544afac57f19fac6e0393;InfrastructureEvent — Bitcoin Foundation creation;InfrastructureEvent;date;TEXT;2012-09-27;2012-09-27;jour;ISO-jour;;oui;;2012-09;non;ok;description : accord d'annee (2012-09 contre 2012-09-27)
6c9b59cca3a544afac57f19fac6e0393;InfrastructureEvent — Bitcoin Foundation creation;InfrastructureEvent;dateAuthority;TEXT;TIMELINE_FIGURE;;indeterminee;libre;;non;;2012-09;;non_parsable;cle du perimetre qui ne porte PAS une date : niveau de preuve de la date (AUTHOR_VERIFIED / EXTERNAL_VERIFICATION / TIMELINE_FIGURE), pas une date | aucune annee a quatre chiffres dans la valeur | description datee mais aucune annee derivee de la valeur : comparaison impossible, rien n'est conclu
6c9b59cca3a544afac57f19fac6e0393;InfrastructureEvent — Bitcoin Foundation creation;InfrastructureEvent;dateSource;TEXT;Thèse — Chronologie 2 (p.88);;indeterminee;libre;;non;;2012-09;;non_parsable;cle du perimetre qui ne porte PAS une date : reference bibliographique de la date (ex. « Sedgwick 2018e »), pas une date | aucune annee a quatre chiffres dans la valeur | description datee mais aucune annee derivee de la valeur : comparaison impossible, rien n'est conclu
6d3ccfa0dd3c4d798d364840f888a4e2;Kavanagh & Miscione 2017;Reference;year;TEXT;2017;2017;annee;annee;;oui;;;;ok;
6daefcd122a24b3589c41fcddd3732aa;BIP-65 — Soft fork: OP_CHECKLOCKTIMEVERIFY;CrisisEvent;date;TEXT;12/11/2015;2015;jour;DD-MM-YYYY-ou-MM-DD-YYYY;oui;oui;;;;ok;ordre jour/mois indecidable : « 12/11/2015 » se lit 2015-11-12 (JJ/MM) ou 2015-12-11 (MM/JJ) , normalized_iso s'arrete a l'annee, aucune convention n'est appliquee
6dfc61f0e6b34ad4a8ed3f1a4f2b06fc;Pyethereum;ActorNonHuman;launchYear;TIME;2015-01-01T00:00:00.000Z;2015-01-01;jour;TIME-ISO-Z;;oui;;;;ok;
6ed9d8a5bb4c4cf98d75874169ddaf31;Callon 2006 Controverses;Reference;year;TIME;2006-01-01T00:00:00.000Z;2006-01-01;jour;TIME-ISO-Z;;oui;;;;ok;cle `year` encodee en TIME au 1er janvier : la precision jour est un artefact d'encodage, la donnee utile est l'annee
6f4030bca8aa4f42b6ddbccef848a383;Nakamoto 2010a;IndigenousLiterature|Reference;year;TEXT;2010;2010;annee;annee;;oui;;;;ok;
6f8631eacbadc58e9b3c184372e50b81;Ethereum Hard Fork — Frontier Thawing;ProtocolChange;date;TEXT;2015-08-04;2015-08-04;jour;ISO-jour;;oui;;;;ok;
6f8631eacbadc58e9b3c184372e50b81;Ethereum Hard Fork — Frontier Thawing;ProtocolChange;dateAuthority;TEXT;AUTHOR_VERIFIED;;indeterminee;libre;;non;;;;non_parsable;cle du perimetre qui ne porte PAS une date : niveau de preuve de la date (AUTHOR_VERIFIED / EXTERNAL_VERIFICATION / TIMELINE_FIGURE), pas une date | aucune annee a quatre chiffres dans la valeur
6f8631eacbadc58e9b3c184372e50b81;Ethereum Hard Fork — Frontier Thawing;ProtocolChange;dateSource;TEXT;Chronologie des HF d'Ethereum V1 (M. Rolland) — constituee et verifiee par l'auteur, non mobilisee dans la these;;indeterminee;libre;;non;;;;non_parsable;cle du perimetre qui ne porte PAS une date : reference bibliographique de la date (ex. « Sedgwick 2018e »), pas une date | aucune annee a quatre chiffres dans la valeur
703b700ac82843b298cc946f5f478455;Observation participante n°24;PrimarySource;dateEvenement;TIME;2019-04-03T00:00:00.000Z;2019-04-03;jour;TIME-ISO-Z;;non;;;;ok;
708e681a656d41fd9104328794cab822;Rolland & Slim 2017 — Économie politique du Bitcoin;AcademicWork|Reference;year;TEXT;2017;2017;annee;annee;;oui;;;;ok;
7094b28621af4595939c08525b718f39;Blanc 1998 Monnaies paralleles;Reference;year;TIME;1998-01-01T00:00:00.000Z;1998-01-01;jour;TIME-ISO-Z;;oui;;;;ok;cle `year` encodee en TIME au 1er janvier : la precision jour est un artefact d'encodage, la donnee utile est l'annee
70d79dda054d462086a5472657b011a7;InfrastructureEvent — Genesis Block / lancement du protocole;InfrastructureEvent;date;TEXT;2009-01-03;2009-01-03;jour;ISO-jour;;oui;;2009-01;non;ok;description : accord d'annee (2009-01 contre 2009-01-03)
70d79dda054d462086a5472657b011a7;InfrastructureEvent — Genesis Block / lancement du protocole;InfrastructureEvent;dateAuthority;TEXT;TIMELINE_FIGURE;;indeterminee;libre;;non;;2009-01;;non_parsable;cle du perimetre qui ne porte PAS une date : niveau de preuve de la date (AUTHOR_VERIFIED / EXTERNAL_VERIFICATION / TIMELINE_FIGURE), pas une date | aucune annee a quatre chiffres dans la valeur | description datee mais aucune annee derivee de la valeur : comparaison impossible, rien n'est conclu
70d79dda054d462086a5472657b011a7;InfrastructureEvent — Genesis Block / lancement du protocole;InfrastructureEvent;dateSource;TEXT;Thèse — Chronologie 2 (p.88);;indeterminee;libre;;non;;2009-01;;non_parsable;cle du perimetre qui ne porte PAS une date : reference bibliographique de la date (ex. « Sedgwick 2018e »), pas une date | aucune annee a quatre chiffres dans la valeur | description datee mais aucune annee derivee de la valeur : comparaison impossible, rien n'est conclu
713a81a48e5143068ff221c6eec9c138;Dashjr 2019 — CVE-2018-20587 Advisory;IndigenousLiterature|Reference;year;TEXT;2019;2019;annee;annee;;oui;;;;ok;
714f6de9e72d4162a186c2c0e459f15f;InfrastructureEvent — Soft fork : correction bug 'Void of bitcoin';InfrastructureEvent;date;TEXT;2010-07-28;2010-07-28;jour;ISO-jour;;oui;;2010-08;non;ok;description : accord d'annee (2010-08 contre 2010-07-28)
714f6de9e72d4162a186c2c0e459f15f;InfrastructureEvent — Soft fork : correction bug 'Void of bitcoin';InfrastructureEvent;dateAuthority;TEXT;TIMELINE_FIGURE;;indeterminee;libre;;non;;2010-08;;non_parsable;cle du perimetre qui ne porte PAS une date : niveau de preuve de la date (AUTHOR_VERIFIED / EXTERNAL_VERIFICATION / TIMELINE_FIGURE), pas une date | aucune annee a quatre chiffres dans la valeur | description datee mais aucune annee derivee de la valeur : comparaison impossible, rien n'est conclu
714f6de9e72d4162a186c2c0e459f15f;InfrastructureEvent — Soft fork : correction bug 'Void of bitcoin';InfrastructureEvent;dateSource;TEXT;Thèse — Chronologie (figure) Chapitre I.2;;indeterminee;libre;;non;;2010-08;;non_parsable;cle du perimetre qui ne porte PAS une date : reference bibliographique de la date (ex. « Sedgwick 2018e »), pas une date | aucune annee a quatre chiffres dans la valeur | description datee mais aucune annee derivee de la valeur : comparaison impossible, rien n'est conclu
7153c1bc2e43406f897ef422fe555a5d;BTCD;ActorNonHuman;launchYear;TIME;2013-01-01T00:00:00.000Z;2013-01-01;jour;TIME-ISO-Z;;oui;;;;ok;
719c780c0edb43de845fe84c875c4aea;Immersion : Test de minage Bitcoin (échec);PrimarySource;dateDebut;TIME;2016-01-01T00:00:00.000Z;2016-01-01;jour;TIME-ISO-Z;;non;;;;ok;
71cc784b7ac94ad4a965da5b1ce2182a;Observation participante n°7;PrimarySource;dateEvenement;TIME;2017-02-01T00:00:00.000Z;2017-02-01;jour;TIME-ISO-Z;;non;;;;ok;
7246b452d71d4416b146f62f42a2bb64;CVE-2010-5140 — Never confirming transactions;CrisisEvent;date;TEXT;29/09/2010;2010-09-29;jour;DD-MM-YYYY-ou-MM-DD-YYYY;non;oui;;;;ok;ordre etabli sans convention : le groupe 29 depasse 12 et ne peut pas etre un mois (JJ/MM/AAAA)
72ad349cc28c4760a46521d685fca284;Chen 2011;GreyLiterature|Reference;year;TEXT;2011;2011;annee;annee;;oui;;;;ok;
72ed5cce1e98494385ca4eb091d6707c;CVE-2013-3220 (Netsplit BIP-0050);CrisisEvent;date;TEXT;Mars 2013;2013-03;mois;libre;;oui;;;;ok;mois en toutes lettres + annee : famille `libre` par convention de colonne, mais entierement derivable
735ad05fd0654bbaa9eca5d65cd118e1;Cartelier 2002 — Monnaie ou don;AcademicWork|Reference;year;TEXT;2002;2002;annee;annee;;oui;;;;ok;
73712fc1060c48fc8bcc52b1dee2137c;CVE-2018-17144 — Remise en ordre par patch;CrisisPhase;timeEnd;TEXT;2018-09-20;2018-09-20;jour;ISO-jour;;non;;;;ok;
73712fc1060c48fc8bcc52b1dee2137c;CVE-2018-17144 — Remise en ordre par patch;CrisisPhase;timeStart;TEXT;2018-09-18;2018-09-18;jour;ISO-jour;;non;;;;ok;
738483a6f54f428f88c96ef209b2fede;BIP-148 — UASF activation SegWit;ProtocolProposal;year;TEXT;2017;2017;annee;annee;;oui;;;;ok;
7387a5055a284717a5e8221d0bbd216d;InfrastructureEvent — Capital-risque dans l ecosysteme Bitcoin (2012-2015);InfrastructureEvent;date;TEXT;2012;2012;annee;annee;;oui;;2012|2013|2014|2015|2016;non;ok;description : accord d'annee (2012|2013|2014|2015|2016 contre 2012)
7387a5055a284717a5e8221d0bbd216d;InfrastructureEvent — Capital-risque dans l ecosysteme Bitcoin (2012-2015);InfrastructureEvent;dateSource;TEXT;Rauchs 2016 p. 70-71;;indeterminee;libre;;non;;2012|2013|2014|2015|2016;;non_parsable;cle du perimetre qui ne porte PAS une date : reference bibliographique de la date (ex. « Sedgwick 2018e »), pas une date | ANNEES CITEES dans la valeur (non retenues comme date) : 2016 | description datee mais aucune annee derivee de la valeur : comparaison impossible, rien n'est conclu
74290febdb754d19aeee686c1a9a1b95;Coriat & Broca 2015 — Le logiciel libre et les communs;AcademicWork|Reference;year;TEXT;2015;2015;annee;annee;;oui;;;;ok;
745d9cb788724854bf89b6945dfaf9c4;Bitcoin Fog;ActorNonHuman;period;TEXT;2011-2021;;plage;plage-annees;;non;;;;ok;plage d'annees 2011-2021 : normalized_iso reste vide, choisir une des deux bornes serait un arbitrage
74b4e44f74614a38b5e319be177e46ee;Maurer Nelms Swartz 2013 — Practical materiality of Bitcoin;AcademicWork|Reference;year;TEXT;2013;2013;annee;annee;;oui;;;;ok;
74f9134398d346a4b39be11431bc0baa;Andresen 2011 — Bitcoin v0.3.20.01 released;IndigenousLiterature|Reference;year;TEXT;2011;2011;annee;annee;;oui;;;;ok;
750fdaa27a5d4030a626673d3110ddf2;Akrich 1989 — Construction d'un système socio-technique;AcademicWork|Reference;year;TEXT;1989;1989;annee;annee;;oui;;;;ok;
75ac54bedbfb4fe5a5f32aa8f0e74677;InfrastructureEvent — BTCC : plateforme d'échange Bitcoin chinoise (Bobby Lee);InfrastructureEvent;date;TEXT;2013;2013;annee;annee;;oui;;2018;oui;ok;CONFLIT DESCRIPTION : la description ne cite que 2018 la ou date vaut 2013 — une description cite volontiers des annees qui ne sont pas la date de l'entite : signalement, pas erreur etablie
75ca941e17f4489fa47ced4aeafdd2f8;InfrastructureEvent — BitGo lève 49 millions $ (octobre 2016);InfrastructureEvent;date;TEXT;06/10/2016;2016;jour;DD-MM-YYYY-ou-MM-DD-YYYY;oui;oui;;2016-10;non;ok;ordre jour/mois indecidable : « 06/10/2016 » se lit 2016-10-06 (JJ/MM) ou 2016-06-10 (MM/JJ) , normalized_iso s'arrete a l'annee, aucune convention n'est appliquee | description : accord d'annee (2016-10 contre 2016)
75f5c97d0a2648aea297475fa514300a;InfrastructureEvent — Rapport BCE sur les monnaies virtuelles (octobre 2012);InfrastructureEvent;date;TEXT;01/10/2012;2012;jour;DD-MM-YYYY-ou-MM-DD-YYYY;oui;oui;;2012-10;non;ok;ordre jour/mois indecidable : « 01/10/2012 » se lit 2012-10-01 (JJ/MM) ou 2012-01-10 (MM/JJ) , normalized_iso s'arrete a l'annee, aucune convention n'est appliquee | description : accord d'annee (2012-10 contre 2012)
7606d7fd6ff44bbc9266194c5165319c;Menger 1892 — On the Origin of Money;AcademicWork|Reference;year;TEXT;1892;1892;annee;annee;;oui;;;;ok;
762e6813527d4880b74075d23740679a;Bonneau et al. 2015;AcademicWork|Reference;year;TEXT;2015;2015;annee;annee;;oui;;;;ok;
766c49236ee6484aa92a0566d223b8de;Rizzo 2015;GreyLiterature|Reference;year;TEXT;2015;2015;annee;annee;;oui;;;;ok;
77653956f06d4f0092bb4d8f73c08a2e;Paye 2005 — La gouvernance notion polysémique à concept politologique;AcademicWork|Reference;year;TEXT;2005;2005;annee;annee;;oui;;;;ok;
777d816556d94da2aee6d4ad48bf9dcb;Ostrom & Basurto 2013 — Outils d'analyse changement institutionnel;AcademicWork|Reference;year;TEXT;2013;2013;annee;annee;;oui;;;;ok;
7793fdb7a9d5615dcb071fcb35e388ed;Ethereum Hard Fork — London;ProtocolChange;date;TEXT;2021-08-05;2021-08-05;jour;ISO-jour;;oui;;;;ok;
7793fdb7a9d5615dcb071fcb35e388ed;Ethereum Hard Fork — London;ProtocolChange;dateAuthority;TEXT;AUTHOR_VERIFIED;;indeterminee;libre;;non;;;;non_parsable;cle du perimetre qui ne porte PAS une date : niveau de preuve de la date (AUTHOR_VERIFIED / EXTERNAL_VERIFICATION / TIMELINE_FIGURE), pas une date | aucune annee a quatre chiffres dans la valeur
7793fdb7a9d5615dcb071fcb35e388ed;Ethereum Hard Fork — London;ProtocolChange;dateSource;TEXT;Chronologie des HF d'Ethereum V1 (M. Rolland) — constituee et verifiee par l'auteur, non mobilisee dans la these;;indeterminee;libre;;non;;;;non_parsable;cle du perimetre qui ne porte PAS une date : reference bibliographique de la date (ex. « Sedgwick 2018e »), pas une date | aucune annee a quatre chiffres dans la valeur
780f2dd665fa41fb8eb2ad24579f7451;O'Brien 2014;GreyLiterature|Reference;year;TEXT;2014;2014;annee;annee;;oui;;;;ok;
78aaaaee3c684931b0b63a0b2a7ec181;Lopp 2021 Spam Storms;Reference;year;TIME;2021-01-01T00:00:00.000Z;2021-01-01;jour;TIME-ISO-Z;;oui;;;;ok;cle `year` encodee en TIME au 1er janvier : la precision jour est un artefact d'encodage, la donnee utile est l'annee
78b3ff6850654824842af4ac3f6034b8;Immersion : Premier achat BTC (VirWox);PrimarySource;dateDebut;TIME;2016-01-15T00:00:00.000Z;2016-01-15;jour;TIME-ISO-Z;;non;;;;ok;
78dcb8a0af094eb0a1cea842f7f97212;CVE-2013-4165 — Timing leak in RPC authentication;CrisisEvent;date;TEXT;20/07/2013;2013-07-20;jour;DD-MM-YYYY-ou-MM-DD-YYYY;non;oui;;;;ok;ordre etabli sans convention : le groupe 20 depasse 12 et ne peut pas etre un mois (JJ/MM/AAAA)
7b73ed5f4e7149baaf8c534c809bc33f;InfrastructureEvent — Lancement de Namecoin (merge mining);InfrastructureEvent;date;TEXT;2011-04-18;2011-04-18;jour;ISO-jour;;oui;;2011-04;non;ok;description : accord d'annee (2011-04 contre 2011-04-18)
7b73ed5f4e7149baaf8c534c809bc33f;InfrastructureEvent — Lancement de Namecoin (merge mining);InfrastructureEvent;dateAuthority;TEXT;TIMELINE_FIGURE;;indeterminee;libre;;non;;2011-04;;non_parsable;cle du perimetre qui ne porte PAS une date : niveau de preuve de la date (AUTHOR_VERIFIED / EXTERNAL_VERIFICATION / TIMELINE_FIGURE), pas une date | aucune annee a quatre chiffres dans la valeur | description datee mais aucune annee derivee de la valeur : comparaison impossible, rien n'est conclu
7b73ed5f4e7149baaf8c534c809bc33f;InfrastructureEvent — Lancement de Namecoin (merge mining);InfrastructureEvent;dateSource;TEXT;Thèse — Chronologie (figure) Chapitre I.2;;indeterminee;libre;;non;;2011-04;;non_parsable;cle du perimetre qui ne porte PAS une date : reference bibliographique de la date (ex. « Sedgwick 2018e »), pas une date | aucune annee a quatre chiffres dans la valeur | description datee mais aucune annee derivee de la valeur : comparaison impossible, rien n'est conclu
7bc3f1a8265a481f9d8bd75a09c915d2;Janssens 2017 — Why non-mining full nodes are a terrible idea;IndigenousLiterature|Reference;year;TEXT;2017;2017;annee;annee;;oui;;;;ok;
7be95456e6fd4fee9f0595e3aff2bf25;Buterin 2013a;GreyLiterature|Reference;year;TEXT;2013;2013;annee;annee;;oui;;;;ok;
7bfdc2d35c024d118b936ae6b45dc973;Bier 2021d;AcademicWork|Reference;year;TEXT;2021;2021;annee;annee;;oui;;;;ok;
7c1a7e8719354b7e9aec465305888b4e;Aglietta & Orléan 1998 — La monnaie souveraine;AcademicWork|Reference;year;TEXT;1998;1998;annee;annee;;oui;;;;ok;
7cda4562e3ee4e9c8bf969bdf639994a;InfrastructureEvent — Coinbase : croissance et levee de fonds 75M$ (2015);InfrastructureEvent;date;TEXT;2015;2015;annee;annee;;oui;;2015;non;ok;description : accord d'annee (2015 contre 2015)
7cda4562e3ee4e9c8bf969bdf639994a;InfrastructureEvent — Coinbase : croissance et levee de fonds 75M$ (2015);InfrastructureEvent;dateSource;TEXT;Rauchs 2016 p. 70-71;;indeterminee;libre;;non;;2015;;non_parsable;cle du perimetre qui ne porte PAS une date : reference bibliographique de la date (ex. « Sedgwick 2018e »), pas une date | ANNEES CITEES dans la valeur (non retenues comme date) : 2016 | description datee mais aucune annee derivee de la valeur : comparaison impossible, rien n'est conclu
7e4da9c927db40f7aa641bbc5f636f80;Entretien n°4;PrimarySource;dateInterview;TIME;2019-02-21T00:00:00.000Z;2019-02-21;jour;TIME-ISO-Z;;non;;;;ok;
7e8f363118eb44e7b9878864a8f5e58a;Sedgwick 2019g;GreyLiterature|Reference;consultedDate;TEXT;21 juillet 2020;2020-07-21;jour;libre;;non;;;;ok;date en toutes lettres (jour, mois, annee) : famille `libre` par convention de colonne, mais entierement derivable
7e8f363118eb44e7b9878864a8f5e58a;Sedgwick 2019g;GreyLiterature|Reference;date;TEXT;21 septembre 2019;2019-09-21;jour;libre;;oui;;;;ok;date en toutes lettres (jour, mois, annee) : famille `libre` par convention de colonne, mais entierement derivable | role « point » : accord d'annee avec year
7e8f363118eb44e7b9878864a8f5e58a;Sedgwick 2019g;GreyLiterature|Reference;year;TEXT;2019;2019;annee;annee;;oui;;;;ok;role « point » : accord d'annee avec date
7e9c5d90afd24211b0d8ba706bdad15f;Aglietta Ponsot Ould-Ahmed 2014 — Entretien;AcademicWork|Reference;year;TEXT;2014;2014;annee;annee;;oui;;;;ok;
7ee2037b78e14507b44f8caa68251619;Bier 2021e — Blocksize War Ch.4 Scaling II Hong Kong;AcademicWork|Reference;year;TEXT;2021;2021;annee;annee;;oui;;;;ok;
7f80094676fd44a785c6483dbee4f8c5;Mining pools emergence;InfrastructureEvent;date;TEXT;2011-01;2011-01;mois;ISO-mois;;oui;;2010;oui;ok;CONFLIT DESCRIPTION : la description ne cite que 2010 la ou date vaut 2011-01 — une description cite volontiers des annees qui ne sont pas la date de l'entite : signalement, pas erreur etablie
801ceac52958a50815963a9826719d34;Ethereum Hard Fork — St. Petersburg;ProtocolChange;date;TEXT;2019-02-28;2019-02-28;jour;ISO-jour;;oui;;;;ok;
801ceac52958a50815963a9826719d34;Ethereum Hard Fork — St. Petersburg;ProtocolChange;dateAuthority;TEXT;AUTHOR_VERIFIED;;indeterminee;libre;;non;;;;non_parsable;cle du perimetre qui ne porte PAS une date : niveau de preuve de la date (AUTHOR_VERIFIED / EXTERNAL_VERIFICATION / TIMELINE_FIGURE), pas une date | aucune annee a quatre chiffres dans la valeur
801ceac52958a50815963a9826719d34;Ethereum Hard Fork — St. Petersburg;ProtocolChange;dateSource;TEXT;Chronologie des HF d'Ethereum V1 (M. Rolland) — constituee et verifiee par l'auteur, non mobilisee dans la these;;indeterminee;libre;;non;;;;non_parsable;cle du perimetre qui ne porte PAS une date : reference bibliographique de la date (ex. « Sedgwick 2018e »), pas une date | aucune annee a quatre chiffres dans la valeur
81049b3899914142a40dd283772766c4;Castillo 2013;GreyLiterature|Reference;year;TEXT;2013;2013;annee;annee;;oui;;;;ok;
82349be91da44883961b469695426d85;InfrastructureEvent — CBOE : marches futurs Bitcoin (2017);InfrastructureEvent;date;TEXT;2017;2017;annee;annee;;oui;;2017;non;ok;description : accord d'annee (2017 contre 2017)
82a5e853e54a44c3985266e0559dbdad;Rhodes 1996 — The New Governance: Governing without Government;AcademicWork|Reference;year;TEXT;1996;1996;annee;annee;;oui;;;;ok;
8568b77b9f1146a4b0c2afae69234578;Gaurav 2019;GreyLiterature|Reference;year;TEXT;2019;2019;annee;annee;;oui;;;;ok;
85ea3fbf6756411088682089319f9a25;Bonneau et al. 2015 — SoK Bitcoin Cryptocurrencies;AcademicWork|Reference;year;TEXT;2015;2015;annee;annee;;oui;;;;ok;
8640638b2d78436d8b471f947583747e;Walch 2017b — Open Source Operational Risk Blockchains;AcademicWork|Reference;year;TEXT;2017;2017;annee;annee;;oui;;;;ok;
8640b516c787428b9dd87ac173176e3e;Chaum 1982 — Blind Signatures for Untraceable Payments;AcademicWork|Reference;year;TEXT;1982;1982;annee;annee;;oui;;;;ok;
86713c024e0248e2a5c327c6fd47d210;Tutin 2009 Histoire monnaie;Reference;year;TIME;2009-01-01T00:00:00.000Z;2009-01-01;jour;TIME-ISO-Z;;oui;;;;ok;cle `year` encodee en TIME au 1er janvier : la precision jour est un artefact d'encodage, la donnee utile est l'annee
86b6f7211dc94792b7efa288317a811e;Séries China BAN (2013-2021);CrisisEvent;period;TEXT;2013-2021 (multiple épisodes);;indeterminee;libre;;non;;;;non_parsable;ANNEES CITEES dans la valeur (non retenues comme date) : 2013, 2021
876698e2a15d4e6da5912cb1c391e08b;Buterin 2013b;GreyLiterature|Reference;year;TEXT;2013;2013;annee;annee;;oui;;;;ok;
889c92c8790744b2b44b1b7971c6b43f;Keir 2022;GreyLiterature|Reference;year;TEXT;2022;2022;annee;annee;;oui;;;;ok;
89565e90e4a64560bc4bf517d3aa4f9c;McCormack et Voorhees 2019;GreyLiterature|Reference;year;TEXT;2019;2019;annee;annee;;oui;;;;ok;
896936e6d50b46f89947a60e01aa584a;CVE-2013-2292 — A transaction that takes at least 3 minutes to verify;CrisisEvent;date;TEXT;30/01/2013;2013-01-30;jour;DD-MM-YYYY-ou-MM-DD-YYYY;non;oui;;;;ok;ordre etabli sans convention : le groupe 30 depasse 12 et ne peut pas etre un mois (JJ/MM/AAAA)
896a139f04884630842b8c848ebdca94;CVE-2018-17144 — Révélation publique et consensus ex post;CrisisPhase;timeEnd;TEXT;2018-09-25;2018-09-25;jour;ISO-jour;;non;;;;ok;
896a139f04884630842b8c848ebdca94;CVE-2018-17144 — Révélation publique et consensus ex post;CrisisPhase;timeStart;TEXT;2018-09-20;2018-09-20;jour;ISO-jour;;non;;;;ok;
896f386e155e4b77b108d4ecdeb375af;BCE 2012 — Virtual Currency Schemes;Reference;year;TEXT;2012;2012;annee;annee;;oui;;;;ok;
8991d9f05d234b6d876d16334f60af63;Coinbase;Organization;foundedYear;NUMBER;2012;2012;annee;annee;;non;;;;ok;
89e4b24810e94abe98890e581be45e7d;Shin 2022 — The Cryptopians;AcademicWork|Reference;year;TEXT;2022;2022;annee;annee;;oui;;;;ok;
8a7bae687d81490b9eb3d16da8b5a7f1;Entretien n°20;PrimarySource;dateInterview;TIME;2020-02-06T00:00:00.000Z;2020-02-06;jour;TIME-ISO-Z;;non;;;;ok;
8b87b44e364a4852b773ff3757cc41c7;Immersion : Acquisition UCN via faucets;PrimarySource;date;TEXT;2010-06;2010-06;mois;ISO-mois;;oui;;2010-06;non;ok;ECART INTER-ROLE (non-verdict) : date=2010-06 (role point) et dateDebut=2015-06-01 (role debut) ne portent pas la meme annee — roles differents, aucune comparaison de verdict n'est faite | description : accord d'annee (2010-06 contre 2010-06)
8b87b44e364a4852b773ff3757cc41c7;Immersion : Acquisition UCN via faucets;PrimarySource;dateDebut;TIME;2015-06-01T00:00:00.000Z;2015-06-01;jour;TIME-ISO-Z;;non;;2010-06;oui;ok;ECART INTER-ROLE (non-verdict) : date=2010-06 (role point) et dateDebut=2015-06-01 (role debut) ne portent pas la meme annee — roles differents, aucune comparaison de verdict n'est faite | CONFLIT DESCRIPTION : la description ne cite que 2010-06 la ou dateDebut vaut 2015-06-01 — une description cite volontiers des annees qui ne sont pas la date de l'entite : signalement, pas erreur etablie
8b87b44e364a4852b773ff3757cc41c7;Immersion : Acquisition UCN via faucets;PrimarySource;dateSource;TEXT;Sedgwick 2018e;;indeterminee;libre;;non;;2010-06;;non_parsable;cle du perimetre qui ne porte PAS une date : reference bibliographique de la date (ex. « Sedgwick 2018e »), pas une date | ANNEES CITEES dans la valeur (non retenues comme date) : 2018 | description datee mais aucune annee derivee de la valeur : comparaison impossible, rien n'est conclu
8ba11b69224445fba65e1e5160b365f7;Sunny King et Nadal 2012;IndigenousLiterature|Reference;year;TEXT;2012;2012;annee;annee;;oui;;;;ok;
8bc6f2749a284bb7add34a1739cec310;InfrastructureEvent — Premier logiciel de portefeuille léger (Electrum);InfrastructureEvent;date;TEXT;2011-11-09;2011-11-09;jour;ISO-jour;;oui;;2011-11;non;ok;description : accord d'annee (2011-11 contre 2011-11-09)
8bc6f2749a284bb7add34a1739cec310;InfrastructureEvent — Premier logiciel de portefeuille léger (Electrum);InfrastructureEvent;dateAuthority;TEXT;TIMELINE_FIGURE;;indeterminee;libre;;non;;2011-11;;non_parsable;cle du perimetre qui ne porte PAS une date : niveau de preuve de la date (AUTHOR_VERIFIED / EXTERNAL_VERIFICATION / TIMELINE_FIGURE), pas une date | aucune annee a quatre chiffres dans la valeur | description datee mais aucune annee derivee de la valeur : comparaison impossible, rien n'est conclu
8bc6f2749a284bb7add34a1739cec310;InfrastructureEvent — Premier logiciel de portefeuille léger (Electrum);InfrastructureEvent;dateSource;TEXT;Thèse — Chronologie (figure) Chapitre I.2;;indeterminee;libre;;non;;2011-11;;non_parsable;cle du perimetre qui ne porte PAS une date : reference bibliographique de la date (ex. « Sedgwick 2018e »), pas une date | aucune annee a quatre chiffres dans la valeur | description datee mais aucune annee derivee de la valeur : comparaison impossible, rien n'est conclu
8c6539857956431cb3e82ac1e0548a55;InfrastructureEvent — Dépôt du nom de domaine bitcoin.org;InfrastructureEvent;date;TEXT;2008-07-18;2008-07-18;jour;ISO-jour;;oui;;;;anterieure_a_2008_sur_entite_crypto;date 2008-07-18 anterieure au 31/10/2008 (livre blanc Bitcoin) sur une entite de type InfrastructureEvent
8c6f302ba7484a718a163a6747c81fa5;InfrastructureEvent — Premier tournoi de poker en ligne utilisant BTC;InfrastructureEvent;date;TEXT;2010-03-10;2010-03-10;jour;ISO-jour;;oui;;;;ok;
8c6f302ba7484a718a163a6747c81fa5;InfrastructureEvent — Premier tournoi de poker en ligne utilisant BTC;InfrastructureEvent;dateAuthority;TEXT;TIMELINE_FIGURE;;indeterminee;libre;;non;;;;non_parsable;cle du perimetre qui ne porte PAS une date : niveau de preuve de la date (AUTHOR_VERIFIED / EXTERNAL_VERIFICATION / TIMELINE_FIGURE), pas une date | aucune annee a quatre chiffres dans la valeur
8c6f302ba7484a718a163a6747c81fa5;InfrastructureEvent — Premier tournoi de poker en ligne utilisant BTC;InfrastructureEvent;dateSource;TEXT;Thèse — Chronologie (figure) Chapitre I.2;;indeterminee;libre;;non;;;;non_parsable;cle du perimetre qui ne porte PAS une date : reference bibliographique de la date (ex. « Sedgwick 2018e »), pas une date | aucune annee a quatre chiffres dans la valeur
8c94227dfffa40bbac7e65cecddc01fd;Entretien n°3;PrimarySource;dateInterview;TIME;2019-02-19T00:00:00.000Z;2019-02-19;jour;TIME-ISO-Z;;non;;;;ok;
8d060dcfd4e54ad48c445af6cadec8e6;AFP 2018 — Bitcoin fait fureur au Japon;GreyLiterature|Reference;year;TEXT;2018;2018;annee;annee;;oui;;;;ok;
8d16182a10884bd59e0b3f39c9e4a42a;Alary Blanc Desmedt Théret 2016 — Institutionnalismes monétaires;AcademicWork|Reference;year;TEXT;2016;2016;annee;annee;;oui;;;;ok;
8de77f3519e747648b51b4f886b53d88;PriceWindow — Spike Forbes $14 (avril 2011);PriceWindow;date;TEXT;2011-04;2011-04;mois;ISO-mois;;oui;;;;ok;
8df0c49c307e4444b6d65be8754210f6;Rodriguez 2014;GreyLiterature|Reference;year;TEXT;2014;2014;annee;annee;;oui;;;;ok;
8e373ebfb6c24b6b84bbe0f67fc2b316;Servet Théret Yildirim 2016 — Universalité du fait monétaire;AcademicWork|Reference;year;TEXT;2016;2016;annee;annee;;oui;;;;ok;
8ede23ee7ccd4888a68285224ae8720a;Lagarde 2017 — Fintech A Brave New World;GreyLiterature|Reference;year;TEXT;2017;2017;annee;annee;;oui;;;;ok;
8f71d1cbe6fb424eac4200dbbc1c34c9;Capability — Transfert physique off-chain (Casascius);Capability;period;TEXT;2011-2013;;plage;plage-annees;;non;;;;ok;plage d'annees 2011-2013 : normalized_iso reste vide, choisir une des deux bornes serait un arbitrage
8fcc95d1db2f4637bb6e6acc380c6551;Observation participante n°6;PrimarySource;dateEvenement;TIME;2016-12-01T00:00:00.000Z;2016-12-01;jour;TIME-ISO-Z;;non;;;;ok;
9041eaed3b7f4e1d9d276f5ca1b42d0e;InfrastructureEvent — OpenCoin / Ripple Labs : fondation de Ripple (2012);InfrastructureEvent;date;TEXT;2012;2012;annee;annee;;oui;;2018;oui;ok;CONFLIT DESCRIPTION : la description ne cite que 2018 la ou date vaut 2012 — une description cite volontiers des annees qui ne sont pas la date de l'entite : signalement, pas erreur etablie
90748c44eebb88fb889fa419159e72e7;Ethereum Hard Fork — Spurious Dragon;ProtocolChange;date;TEXT;2016-11-22;2016-11-22;jour;ISO-jour;;oui;;;;ok;
90748c44eebb88fb889fa419159e72e7;Ethereum Hard Fork — Spurious Dragon;ProtocolChange;dateAuthority;TEXT;AUTHOR_VERIFIED;;indeterminee;libre;;non;;;;non_parsable;cle du perimetre qui ne porte PAS une date : niveau de preuve de la date (AUTHOR_VERIFIED / EXTERNAL_VERIFICATION / TIMELINE_FIGURE), pas une date | aucune annee a quatre chiffres dans la valeur
90748c44eebb88fb889fa419159e72e7;Ethereum Hard Fork — Spurious Dragon;ProtocolChange;dateSource;TEXT;Chronologie des HF d'Ethereum V1 (M. Rolland) — constituee et verifiee par l'auteur, non mobilisee dans la these;;indeterminee;libre;;non;;;;non_parsable;cle du perimetre qui ne porte PAS une date : reference bibliographique de la date (ex. « Sedgwick 2018e »), pas une date | aucune annee a quatre chiffres dans la valeur
914131a99e9d47b78ced89e609cc6294;BitLaundry;ActorNonHuman;period;TEXT;2010;2010;annee;annee;;non;;;;ok;
9166772f6004463ea6769f857f94dc97;DAO — Déclenchement;CrisisPhase;timeEnd;TEXT;2016-06-17;2016-06-17;jour;ISO-jour;;non;;;;ok;
9166772f6004463ea6769f857f94dc97;DAO — Déclenchement;CrisisPhase;timeStart;TEXT;2016-06-17;2016-06-17;jour;ISO-jour;;non;;;;ok;
923a78235ac1409288edfbcd7a3409a1;Blanc & Fare 2017 — La monnaie éclairages institutionnalistes;AcademicWork|Reference;year;TEXT;2017;2017;annee;annee;;oui;;;;ok;
92481a368bd24325a8990decb62e666b;InfrastructureEvent — Nakamoto réserve le nom de domaine bitcoin.org;InfrastructureEvent;date;TEXT;2008-07-18;2008-07-18;jour;ISO-jour;;oui;;2008-08;non;anterieure_a_2008_sur_entite_crypto;description : accord d'annee (2008-08 contre 2008-07-18) | date 2008-07-18 anterieure au 31/10/2008 (livre blanc Bitcoin) sur une entite de type InfrastructureEvent
92481a368bd24325a8990decb62e666b;InfrastructureEvent — Nakamoto réserve le nom de domaine bitcoin.org;InfrastructureEvent;dateAuthority;TEXT;TIMELINE_FIGURE;;indeterminee;libre;;non;;2008-08;;non_parsable;cle du perimetre qui ne porte PAS une date : niveau de preuve de la date (AUTHOR_VERIFIED / EXTERNAL_VERIFICATION / TIMELINE_FIGURE), pas une date | aucune annee a quatre chiffres dans la valeur | description datee mais aucune annee derivee de la valeur : comparaison impossible, rien n'est conclu
92481a368bd24325a8990decb62e666b;InfrastructureEvent — Nakamoto réserve le nom de domaine bitcoin.org;InfrastructureEvent;dateSource;TEXT;Thèse — Chronologie (figure) Chapitre I.2;;indeterminee;libre;;non;;2008-08;;non_parsable;cle du perimetre qui ne porte PAS une date : reference bibliographique de la date (ex. « Sedgwick 2018e »), pas une date | aucune annee a quatre chiffres dans la valeur | description datee mais aucune annee derivee de la valeur : comparaison impossible, rien n'est conclu
933cc4993cae478c84ea0cc3fcbf1d12;Immersion : Comptes sur multiples bourses d'échange;PrimarySource;dateDebut;TIME;2016-02-10T00:00:00.000Z;2016-02-10;jour;TIME-ISO-Z;;non;;;;ok;
93fa2e758d06412cb39831626cb062db;Arvicco 2016b — ETC new ticker symbol;IndigenousLiterature|Reference;year;TEXT;2016;2016;annee;annee;;oui;;;;ok;
940fa052d3004315bb56e5785d746fe7;Star & Ruhleder 2010;Reference;year;TIME;2010-01-01T00:00:00.000Z;2010-01-01;jour;TIME-ISO-Z;;oui;;;;ok;cle `year` encodee en TIME au 1er janvier : la precision jour est un artefact d'encodage, la donnee utile est l'annee
944c9169ed3d416f95bebdfd4b9b1d20;InfrastructureEvent — Article PC World sur WikiLeaks/Bitcoin (decembre 2010);InfrastructureEvent;date;TEXT;2010-12;2010-12;mois;ISO-mois;;oui;;;;ok;
944c9169ed3d416f95bebdfd4b9b1d20;InfrastructureEvent — Article PC World sur WikiLeaks/Bitcoin (decembre 2010);InfrastructureEvent;dateSource;TEXT;"Nakamoto 2010g ; Sedgwick 2019d";;indeterminee;libre;;non;;;;non_parsable;cle du perimetre qui ne porte PAS une date : reference bibliographique de la date (ex. « Sedgwick 2018e »), pas une date | ANNEES CITEES dans la valeur (non retenues comme date) : 2010, 2019
9490d22bd0b84fd492f1f203642cfdf1;Entretien n°15;PrimarySource;dateInterview;TIME;2019-06-18T00:00:00.000Z;2019-06-18;jour;TIME-ISO-Z;;non;;;;ok;
94ce188ef0534c1e8601226fc60163dd;InfrastructureEvent — Lancement Litecoin (LTC) par Charlie Lee (2011);InfrastructureEvent;date;TEXT;2011-10-07;2011-10-07;jour;ISO-jour;;oui;;2011-10;non;ok;description : accord d'annee (2011-10 contre 2011-10-07)
94ce188ef0534c1e8601226fc60163dd;InfrastructureEvent — Lancement Litecoin (LTC) par Charlie Lee (2011);InfrastructureEvent;dateAuthority;TEXT;EXTERNAL_VERIFICATION;;indeterminee;libre;;non;;2011-10;;non_parsable;cle du perimetre qui ne porte PAS une date : niveau de preuve de la date (AUTHOR_VERIFIED / EXTERNAL_VERIFICATION / TIMELINE_FIGURE), pas une date | aucune annee a quatre chiffres dans la valeur | description datee mais aucune annee derivee de la valeur : comparaison impossible, rien n'est conclu
94ce188ef0534c1e8601226fc60163dd;InfrastructureEvent — Lancement Litecoin (LTC) par Charlie Lee (2011);InfrastructureEvent;dateSource;TEXT;"Vérification externe 02/08/2026 ; thèse ch.I l.359";;indeterminee;libre;;non;;2011-10;;non_parsable;cle du perimetre qui ne porte PAS une date : reference bibliographique de la date (ex. « Sedgwick 2018e »), pas une date | ANNEES CITEES dans la valeur (non retenues comme date) : 2026 | description datee mais aucune annee derivee de la valeur : comparaison impossible, rien n'est conclu
951169948e214b3f97ee0515977010b0;PriceWindow — Point bas 2018-2019 (~3300$);PriceWindow;date;TEXT;2018-2019;;plage;plage-annees;;oui;;;;ok;plage d'annees 2018-2019 : normalized_iso reste vide, choisir une des deux bornes serait un arbitrage
9531cc48ccec4fa3b4dec6e4ea90f907;Rauchs 2016 — Cryptocurrencies meeting business ecosystems;AcademicWork|Reference;year;TEXT;2016;2016;annee;annee;;oui;;;;ok;
9536efd0cb5742e1a3777e4b7e02be49;cpp-ethereum (Aleth);ActorNonHuman;launchYear;TIME;2015-07-30T00:00:00.000Z;2015-07-30;jour;TIME-ISO-Z;;oui;;;;ok;
963424abd41040d7ae850eb7a3b43996;Dermody 2014;Reference;year;TEXT;2014;2014;annee;annee;;oui;;;;ok;
966ec9d10ea2401fb4e7261d93b474f2;Immersion : Cloud mining (Genesis Mining);PrimarySource;dateDebut;TIME;2016-10-01T00:00:00.000Z;2016-10-01;jour;TIME-ISO-Z;;non;;;;ok;
9670a4beed1a47bda5628c9770dddfd1;InfrastructureEvent — Première bourse d’échange importante (MtGox);InfrastructureEvent;date;TEXT;2010-07-18;2010-07-18;jour;ISO-jour;;oui;;2010-07|2011;non;ok;description : accord d'annee (2010-07|2011 contre 2010-07-18)
9670a4beed1a47bda5628c9770dddfd1;InfrastructureEvent — Première bourse d’échange importante (MtGox);InfrastructureEvent;dateAuthority;TEXT;TIMELINE_FIGURE;;indeterminee;libre;;non;;2010-07|2011;;non_parsable;cle du perimetre qui ne porte PAS une date : niveau de preuve de la date (AUTHOR_VERIFIED / EXTERNAL_VERIFICATION / TIMELINE_FIGURE), pas une date | aucune annee a quatre chiffres dans la valeur | description datee mais aucune annee derivee de la valeur : comparaison impossible, rien n'est conclu
9670a4beed1a47bda5628c9770dddfd1;InfrastructureEvent — Première bourse d’échange importante (MtGox);InfrastructureEvent;dateSource;TEXT;Thèse — Chronologie (figure) Chapitre I.2;;indeterminee;libre;;non;;2010-07|2011;;non_parsable;cle du perimetre qui ne porte PAS une date : reference bibliographique de la date (ex. « Sedgwick 2018e »), pas une date | aucune annee a quatre chiffres dans la valeur | description datee mais aucune annee derivee de la valeur : comparaison impossible, rien n'est conclu
96bdb9f6cad746f28ff711462c46d8b0;Blanc 1998b — Les monnaies parallèles évaluation;AcademicWork|Reference;year;TEXT;1998;1998;annee;annee;;oui;;;;ok;
96d4a9ccc4d542dc938d1aa9d6399339;InfrastructureEvent — Vente de SatoshiDice par Voorhees (2013, 12,4M$);InfrastructureEvent;year;TEXT;2013;2013;annee;annee;;oui;;;;ok;
971db49135bc46b5965e3f719923e6c5;Favereau 2010 — La place du marché;AcademicWork|Reference;year;TEXT;2010;2010;annee;annee;;oui;;;;ok;
9774e3110cbd474fb708fc4aa092f7d5;Sirer Mark Zamfir 2016 DAO Flaws;Reference;year;TIME;2016-01-01T00:00:00.000Z;2016-01-01;jour;TIME-ISO-Z;;oui;;;;ok;cle `year` encodee en TIME au 1er janvier : la precision jour est un artefact d'encodage, la donnee utile est l'annee
98a5b9d6dbb24de483138f09b873d256;Observation participante n°17;PrimarySource;dateEvenement;TIME;2017-10-19T00:00:00.000Z;2017-10-19;jour;TIME-ISO-Z;;non;;;;ok;
992e94ee75227cf02aaae2c367752d06;Ethereum Hard Fork — Byzantium;ProtocolChange;date;TEXT;2017-10-16;2017-10-16;jour;ISO-jour;;oui;;;;ok;
992e94ee75227cf02aaae2c367752d06;Ethereum Hard Fork — Byzantium;ProtocolChange;dateAuthority;TEXT;AUTHOR_VERIFIED;;indeterminee;libre;;non;;;;non_parsable;cle du perimetre qui ne porte PAS une date : niveau de preuve de la date (AUTHOR_VERIFIED / EXTERNAL_VERIFICATION / TIMELINE_FIGURE), pas une date | aucune annee a quatre chiffres dans la valeur
992e94ee75227cf02aaae2c367752d06;Ethereum Hard Fork — Byzantium;ProtocolChange;dateSource;TEXT;Chronologie des HF d'Ethereum V1 (M. Rolland) — constituee et verifiee par l'auteur, non mobilisee dans la these;;indeterminee;libre;;non;;;;non_parsable;cle du perimetre qui ne porte PAS une date : reference bibliographique de la date (ex. « Sedgwick 2018e »), pas une date | aucune annee a quatre chiffres dans la valeur
995d0c272da14d479572f406a5cd7423;Young 2017;GreyLiterature|Reference;year;TEXT;2017;2017;annee;annee;;oui;;;;ok;
9984b3924a284a1d881e34ffcf669c39;Rauchs et al. 2018;Reference;year;TEXT;2018;2018;annee;annee;;oui;;;;ok;
99fade0200e641e482058ef454c6ecf2;Star & Griesemer 1989;Reference;year;TEXT;1989;1989;annee;annee;;oui;;;;ok;
9a33e38e33544b1c875225070fa40773;Jp Koning 2015;GreyLiterature|Reference;year;TEXT;2015;2015;annee;annee;;oui;;;;ok;
9aac15db0a154d50855a24fca026aab4;InfrastructureEvent — Activation de SegWit via UASF (1er août 2017);InfrastructureEvent;date;TEXT;2017-08-01;2017-08-01;jour;ISO-jour;;oui;;2017-08;non;ok;description : accord d'annee (2017-08 contre 2017-08-01)
9c099cc93b3f4241930669bf1a939b2b;Dashjr 2014b;IndigenousLiterature|Reference;year;TEXT;2014;2014;annee;annee;;oui;;;;ok;
9c3c6d955246441db0c5c860610ddcc6;CVE-2018-17144 — Signalement et divulgation responsable;CrisisPhase;timeEnd;TEXT;2018-09-20;2018-09-20;jour;ISO-jour;;non;;;;ok;
9c3c6d955246441db0c5c860610ddcc6;CVE-2018-17144 — Signalement et divulgation responsable;CrisisPhase;timeStart;TEXT;2018-09-17;2018-09-17;jour;ISO-jour;;non;;;;ok;
9c49d164ca0c46888f6b7f2ab8d5b49c;Barro & Gordon 1983 — Rules discretion and reputation;AcademicWork|Reference;year;TEXT;1983;1983;annee;annee;;oui;;;;ok;
9c6092d4334640bca80190027bfbeef4;Theymos 2015;IndigenousLiterature|Reference;year;TEXT;2015;2015;annee;annee;;oui;;;;ok;
9d026d51d41e40edb4c8c7c15d563ca5;Musiani Mallard Méadel 2018 — Governing what wasn't meant to be governed;AcademicWork|Reference;year;TEXT;2018;2018;annee;annee;;oui;;;;ok;
9d1b623cb2a342108c12d4218294d708;Walch 2017 Governance Blockchain;Reference;year;TIME;2017-01-01T00:00:00.000Z;2017-01-01;jour;TIME-ISO-Z;;oui;;;;ok;cle `year` encodee en TIME au 1er janvier : la precision jour est un artefact d'encodage, la donnee utile est l'annee
9d25569f745942b0a299160fbf8c8d2d;Kaushal Bagga Sobti 2017;AcademicWork|Reference;year;TEXT;2017;2017;annee;annee;;oui;;;;ok;
9d25581a75c342d98eb9c87e2112e94c;DAO — Bifurcation / Stabilisation;CrisisPhase;timeEnd;TEXT;2016-08-01;2016-08-01;jour;ISO-jour;;non;;;;ok;
9d25581a75c342d98eb9c87e2112e94c;DAO — Bifurcation / Stabilisation;CrisisPhase;timeStart;TEXT;2016-07-20;2016-07-20;jour;ISO-jour;;non;;;;ok;
9d2ad55e155c40d7bcc9adb057a83eac;PriceWindow — Cyprus spike (230$);PriceWindow;endDateText;TEXT;en avril;;indeterminee;libre;;non;;;;non_parsable;aucune annee a quatre chiffres dans la valeur
9d2ad55e155c40d7bcc9adb057a83eac;PriceWindow — Cyprus spike (230$);PriceWindow;startDateText;TEXT;en avril;;indeterminee;libre;;non;;;;non_parsable;aucune annee a quatre chiffres dans la valeur
9e5fedf5dc2947db899b6bf622c16db9;Christin 2013 — Traveling the Silk Road;AcademicWork|Reference;year;TEXT;2013;2013;annee;annee;;oui;;;;ok;
9e885649ad6e4b53bdd7ec9161236f2d;Daian 2016 — Analysis of the DAO exploit;IndigenousLiterature|Reference;year;TEXT;2016;2016;annee;annee;;oui;;;;ok;
9ec05e6390f2465c96df8c0dcff5d1d0;Bounie & Lavoisier 2003 — La monnaie électronique;AcademicWork|Reference;year;TEXT;2003;2003;annee;annee;;oui;;;;ok;
9ed53d1f085b489a962e89be64beb58b;Friedman M. 1973 — Counter-Revolution in Monetary Theory;AcademicWork|Reference;year;TEXT;1973;1973;annee;annee;;oui;;;;ok;
9f8de37eda814c3089eb214ce8b8fcac;Trompette & Vinck 2009 — Retour sur la notion d'objet-frontière;AcademicWork|Reference;year;TEXT;2009;2009;annee;annee;;oui;;;;ok;
a02861544b794d229d08dc36c935fc77;InfrastructureEvent — Parite BTC/$ (1$, debut 2011);InfrastructureEvent;date;TEXT;2011-02;2011-02;mois;ISO-mois;;oui;;2020;oui;ok;CONFLIT DESCRIPTION : la description ne cite que 2020 la ou date vaut 2011-02 — une description cite volontiers des annees qui ne sont pas la date de l'entite : signalement, pas erreur etablie
a02861544b794d229d08dc36c935fc77;InfrastructureEvent — Parite BTC/$ (1$, debut 2011);InfrastructureEvent;dateSource;TEXT;Le Calvez 2020;;indeterminee;libre;;non;;2020;;non_parsable;cle du perimetre qui ne porte PAS une date : reference bibliographique de la date (ex. « Sedgwick 2018e »), pas une date | ANNEES CITEES dans la valeur (non retenues comme date) : 2020 | description datee mais aucune annee derivee de la valeur : comparaison impossible, rien n'est conclu
a03d6533107d41568be5a09f65e91cdf;Dodd 2017 Social Life Bitcoin;Reference;year;TIME;2017-01-01T00:00:00.000Z;2017-01-01;jour;TIME-ISO-Z;;oui;;;;ok;cle `year` encodee en TIME au 1er janvier : la precision jour est un artefact d'encodage, la donnee utile est l'annee
a078b1b274f74818a8c7f1abcfb3097f;Au-delà des codes;DoctoralThesis;coveragePeriod;TEXT;Origines des CM a 2020;;indeterminee;libre;;non;;;;non_parsable;ANNEES CITEES dans la valeur (non retenues comme date) : 2020
a078b1b274f74818a8c7f1abcfb3097f;Au-delà des codes;DoctoralThesis;dateDefense;TIME;2024-12-13T00:00:00.000Z;2024-12-13;jour;TIME-ISO-Z;;non;;;;ok;ECART INTER-ROLE (non-verdict) : dateDefense=2024-12-13 (role point) et dateStart=2018-10-01 (role debut) ne portent pas la meme annee — roles differents, aucune comparaison de verdict n'est faite
a078b1b274f74818a8c7f1abcfb3097f;Au-delà des codes;DoctoralThesis;dateStart;TIME;2018-10-01T00:00:00.000Z;2018-10-01;jour;TIME-ISO-Z;;oui;;;;ok;ECART INTER-ROLE (non-verdict) : dateDefense=2024-12-13 (role point) et dateStart=2018-10-01 (role debut) ne portent pas la meme annee — roles differents, aucune comparaison de verdict n'est faite
a089031b82eb4c67b2cfc686016a3820;InfrastructureEvent — Première place d’échange illégale (Silk Road);InfrastructureEvent;date;TEXT;2011-02-01;2011-02-01;jour;ISO-jour;;oui;;2011-02;non;ok;description : accord d'annee (2011-02 contre 2011-02-01)
a089031b82eb4c67b2cfc686016a3820;InfrastructureEvent — Première place d’échange illégale (Silk Road);InfrastructureEvent;dateAuthority;TEXT;TIMELINE_FIGURE;;indeterminee;libre;;non;;2011-02;;non_parsable;cle du perimetre qui ne porte PAS une date : niveau de preuve de la date (AUTHOR_VERIFIED / EXTERNAL_VERIFICATION / TIMELINE_FIGURE), pas une date | aucune annee a quatre chiffres dans la valeur | description datee mais aucune annee derivee de la valeur : comparaison impossible, rien n'est conclu
a089031b82eb4c67b2cfc686016a3820;InfrastructureEvent — Première place d’échange illégale (Silk Road);InfrastructureEvent;dateSource;TEXT;Thèse — Chronologie (figure) Chapitre I.2;;indeterminee;libre;;non;;2011-02;;non_parsable;cle du perimetre qui ne porte PAS une date : reference bibliographique de la date (ex. « Sedgwick 2018e »), pas une date | aucune annee a quatre chiffres dans la valeur | description datee mais aucune annee derivee de la valeur : comparaison impossible, rien n'est conclu
a1135fa80cde427d9d7ca42e4b494a04;InfrastructureEvent — Bitcoin Core 0.9.0 : OP_RETURN limité à 40 octets (mars 2014);InfrastructureEvent;date;TEXT;2014-03;2014-03;mois;ISO-mois;;oui;;2014-03|2022;non;ok;description : accord d'annee (2014-03|2022 contre 2014-03)
a197e3a007e74165af81aaa785d1faed;Quote — Nakamoto 2011 : 'entre de bonnes mains avec Gavin';SourceQuote;date;TEXT;avril 2011;2011-04;mois;libre;;oui;;;;ok;mois en toutes lettres + annee : famille `libre` par convention de colonne, mais entierement derivable
a1dfb279c76040f7a8f7f05909efc7fe;Orléan 1992 — La monnaie comme lien social (Simmel);AcademicWork|Reference;year;TEXT;1992;1992;annee;annee;;oui;;;;ok;
a2202dfdedd543b1a937ca4759b26b4d;Cyprus banking crisis Bitcoin spike;InfrastructureEvent;date;TEXT;2013-03;2013-03;mois;ISO-mois;;oui;;2013-03;non;ok;description : accord d'annee (2013-03 contre 2013-03)
a22db16b88124625a0514a2f6ea0545b;Bitcoin Core 2018b — CONTRIBUTING to Bitcoin Core;IndigenousLiterature|Reference;year;TEXT;2018;2018;annee;annee;;oui;;;;ok;
a2d58ccdc9ea4a81a58a5649494aaff4;Poon & Dryja 2015 LN;Reference;year;TIME;2015-01-01T00:00:00.000Z;2015-01-01;jour;TIME-ISO-Z;;oui;;;;ok;cle `year` encodee en TIME au 1er janvier : la precision jour est un artefact d'encodage, la donnee utile est l'annee
a40240f9516249d68b83ae69141164f9;Bitcoin Knots;ActorNonHuman;launchYear;TIME;2011-01-01T00:00:00.000Z;2011-01-01;jour;TIME-ISO-Z;;oui;;;;ok;
a42a1798e79d47b7a9e3a02921b24cf7;Bitmex Research 2017b — Revisiting The DAO;GreyLiterature|Reference;year;TEXT;2017;2017;annee;annee;;oui;;;;ok;
a4553092b4a94a52a56858474c8da2c9;Bitcoin Cash;Protocol;fork_date;TEXT;Août 2017;2017-08;mois;libre;;non;;;;ok;mois en toutes lettres + annee : famille `libre` par convention de colonne, mais entierement derivable | role « point » : accord d'annee avec launchYear
a4553092b4a94a52a56858474c8da2c9;Bitcoin Cash;Protocol;launchYear;TIME;2017-08-01T00:00:00.000Z;2017-08-01;jour;TIME-ISO-Z;;oui;;;;ok;role « point » : accord d'annee avec fork_date
a494e3afcd4e41b5bc9a178c8c96483c;InfrastructureEvent — Bitcoin Improvement Proposals standardization;InfrastructureEvent;date;TEXT;2011-08-19;2011-08-19;jour;ISO-jour;;oui;;2011;non;ok;description : accord d'annee (2011 contre 2011-08-19)
a494e3afcd4e41b5bc9a178c8c96483c;InfrastructureEvent — Bitcoin Improvement Proposals standardization;InfrastructureEvent;dateAuthority;TEXT;TIMELINE_FIGURE;;indeterminee;libre;;non;;2011;;non_parsable;cle du perimetre qui ne porte PAS une date : niveau de preuve de la date (AUTHOR_VERIFIED / EXTERNAL_VERIFICATION / TIMELINE_FIGURE), pas une date | aucune annee a quatre chiffres dans la valeur | description datee mais aucune annee derivee de la valeur : comparaison impossible, rien n'est conclu
a494e3afcd4e41b5bc9a178c8c96483c;InfrastructureEvent — Bitcoin Improvement Proposals standardization;InfrastructureEvent;dateSource;TEXT;Thèse — Chronologie 2 (p.88);;indeterminee;libre;;non;;2011;;non_parsable;cle du perimetre qui ne porte PAS une date : reference bibliographique de la date (ex. « Sedgwick 2018e »), pas une date | aucune annee a quatre chiffres dans la valeur | description datee mais aucune annee derivee de la valeur : comparaison impossible, rien n'est conclu
a4a15c4d930e4c53ac47ceb110695686;Lopp 2021 — History Bitcoin Transaction Dust Spam Storms;IndigenousLiterature|Reference;year;TEXT;2021;2021;annee;annee;;oui;;;;ok;
a4a78c8ef9174d968ca142d6d5b9f409;Bitcoin-QT / Bitcoin Core (client);SoftwareClient;launchYear;TIME;2009-01-09T00:00:00.000Z;2009-01-09;jour;TIME-ISO-Z;;oui;;;;ok;
a5130c632dec4665bb67201a5036b295;Orléan 2019 — La communauté bitcoin (Esprit);AcademicWork|Reference;year;TEXT;2019;2019;annee;annee;;oui;;;;ok;
a5bcf26d91c04f4593ef7a0776dacb52;Banque de France 2013;Reference;year;TEXT;2013;2013;annee;annee;;oui;;;;ok;
a5deed892210461c9bddf8a8e3485537;Theret 2008 Etats de la monnaie;Reference;year;TIME;2008-01-01T00:00:00.000Z;2008-01-01;jour;TIME-ISO-Z;;oui;;;;ok;cle `year` encodee en TIME au 1er janvier : la precision jour est un artefact d'encodage, la donnee utile est l'annee
a5f0ee04162d4434ba7329ac575da1e4;Star & Ruhleder 2010 — Vers une écologie de l'infrastructure;AcademicWork|Reference;year;TEXT;2010;2010;annee;annee;;oui;;;;ok;
a66144d9679d4045a8af300cb88541e8;Lagarde 2018 — Winds of Change New Digital Currency;GreyLiterature|Reference;year;TEXT;2018;2018;annee;annee;;oui;;;;ok;
a6b08d316b964eda994c13b7d9c621f1;Atzei Bartoletti Cimoli 2017 DAO;Reference;year;TIME;2017-01-01T00:00:00.000Z;2017-01-01;jour;TIME-ISO-Z;;oui;;;;ok;cle `year` encodee en TIME au 1er janvier : la precision jour est un artefact d'encodage, la donnee utile est l'annee
a6db42830f81475a8050e8315e295426;InfrastructureEvent — Retrait PayPal de BitcoinMarket (4 juin 2011);InfrastructureEvent;date;TEXT;2011-06-04;2011-06-04;jour;ISO-jour;;oui;;2011-06;non;ok;description : accord d'annee (2011-06 contre 2011-06-04)
a6db42830f81475a8050e8315e295426;InfrastructureEvent — Retrait PayPal de BitcoinMarket (4 juin 2011);InfrastructureEvent;dateSource;TEXT;Sedgwick 2018b;;indeterminee;libre;;non;;2011-06;;non_parsable;cle du perimetre qui ne porte PAS une date : reference bibliographique de la date (ex. « Sedgwick 2018e »), pas une date | ANNEES CITEES dans la valeur (non retenues comme date) : 2018 | description datee mais aucune annee derivee de la valeur : comparaison impossible, rien n'est conclu
a717370833b048c2b32b4ce3b4bc5e5c;Quote — Nakamoto 2010b — 'nid de frelons' (WikiLeaks);SourceQuote;date;TEXT;2010-12;2010-12;mois;ISO-mois;;oui;;;;ok;
a742fa34c7c14da38d0867fe80bc309d;BlackNet (Tim May 1992);Concept;year;TEXT;1992-1994;;plage;plage-annees;;oui;;;;ok;plage d'annees 1992-1994 : normalized_iso reste vide, choisir une des deux bornes serait un arbitrage
a7eed337853c42baaa35bdfb0b2a6f69;Bitcoin comme paire pivot des marchés crypto;Concept;period;TEXT;2013-2017 environ;;indeterminee;libre;;non;;;;non_parsable;ANNEES CITEES dans la valeur (non retenues comme date) : 2013, 2017
a881071200dc48c19fdc5d3af054a7d5;Cartelier 1996 La monnaie;Reference;year;TIME;1996-01-01T00:00:00.000Z;1996-01-01;jour;TIME-ISO-Z;;oui;;;;ok;cle `year` encodee en TIME au 1er janvier : la precision jour est un artefact d'encodage, la donnee utile est l'annee
a8a74b6f711c4aa99d7cb161a9c878df;Le Maire 2019 — Discours Eurofi Financial Forum;GreyLiterature|Reference;year;TEXT;2019;2019;annee;annee;;oui;;;;ok;
a906b88366234d5d97901ee6cb3673d2;Blanc 1998a — Les monnaies parallèles approches historiques;AcademicWork|Reference;year;TEXT;1998;1998;annee;annee;;oui;;;;ok;
a906df86be2b469dbac245ed5aeececf;Hess & Ostrom 2007 — Understanding knowledge as a commons;AcademicWork|Reference;year;TEXT;2007;2007;annee;annee;;oui;;;;ok;
a9848140eab84d8783554af31477a6dd;Entretien n°17;PrimarySource;dateInterview;TIME;2019-11-06T00:00:00.000Z;2019-11-06;jour;TIME-ISO-Z;;non;;;;ok;
a9881e8b5f8b4724ba5e48a205081413;Ali et al 2013 BoE Digital Currencies;Reference;year;TIME;2013-01-01T00:00:00.000Z;2013-01-01;jour;TIME-ISO-Z;;oui;;;;ok;cle `year` encodee en TIME au 1er janvier : la precision jour est un artefact d'encodage, la donnee utile est l'annee
a9f76f92c83143479499d10b87c6fe77;CVE-2012-1909 — Transaction overwriting;CrisisEvent;date;TEXT;07/03/2012;2012;jour;DD-MM-YYYY-ou-MM-DD-YYYY;oui;oui;;;;ok;ordre jour/mois indecidable : « 07/03/2012 » se lit 2012-03-07 (JJ/MM) ou 2012-07-03 (MM/JJ) , normalized_iso s'arrete a l'annee, aucune convention n'est appliquee
a9f90b789f76495f8dd585508f0d3270;Sedgwick 2018c;Reference;consultedDate;TEXT;21 juillet 2020;2020-07-21;jour;libre;;non;;;;ok;date en toutes lettres (jour, mois, annee) : famille `libre` par convention de colonne, mais entierement derivable
a9f90b789f76495f8dd585508f0d3270;Sedgwick 2018c;Reference;date;TEXT;19 décembre 2018;2018-12-19;jour;libre;;oui;;;;ok;date en toutes lettres (jour, mois, annee) : famille `libre` par convention de colonne, mais entierement derivable | role « point » : accord d'annee avec year
a9f90b789f76495f8dd585508f0d3270;Sedgwick 2018c;Reference;year;TEXT;2018;2018;annee;annee;;oui;;;;ok;role « point » : accord d'annee avec date
ab2449a123164aa3adff6b180035c327;InfrastructureEvent — Publication du WP Bitcoin (mailing list);InfrastructureEvent;date;TEXT;2008-10-31;2008-10-31;jour;ISO-jour;;oui;;2008-10;non;ok;description : accord d'annee (2008-10 contre 2008-10-31)
ab2449a123164aa3adff6b180035c327;InfrastructureEvent — Publication du WP Bitcoin (mailing list);InfrastructureEvent;dateAuthority;TEXT;TIMELINE_FIGURE;;indeterminee;libre;;non;;2008-10;;non_parsable;cle du perimetre qui ne porte PAS une date : niveau de preuve de la date (AUTHOR_VERIFIED / EXTERNAL_VERIFICATION / TIMELINE_FIGURE), pas une date | aucune annee a quatre chiffres dans la valeur | description datee mais aucune annee derivee de la valeur : comparaison impossible, rien n'est conclu
ab2449a123164aa3adff6b180035c327;InfrastructureEvent — Publication du WP Bitcoin (mailing list);InfrastructureEvent;dateSource;TEXT;Thèse — Chronologie (figure) Chapitre I.2;;indeterminee;libre;;non;;2008-10;;non_parsable;cle du perimetre qui ne porte PAS une date : reference bibliographique de la date (ex. « Sedgwick 2018e »), pas une date | aucune annee a quatre chiffres dans la valeur | description datee mais aucune annee derivee de la valeur : comparaison impossible, rien n'est conclu
ad19591afb62496e90aba4dd1d65d1ef;MtGox;Organization;closedYear;NUMBER;2014;2014;annee;annee;;non;;;;ok;ECART INTER-ROLE (non-verdict) : foundedYear=2010 (role point) et closedYear=2014 (role fin) ne portent pas la meme annee — roles differents, aucune comparaison de verdict n'est faite
ad19591afb62496e90aba4dd1d65d1ef;MtGox;Organization;foundedYear;NUMBER;2010;2010;annee;annee;;non;;;;ok;ECART INTER-ROLE (non-verdict) : foundedYear=2010 (role point) et closedYear=2014 (role fin) ne portent pas la meme annee — roles differents, aucune comparaison de verdict n'est faite
ad474c1724da4ec88cbd78f924613cc5;Musiani Mallard Meadel 2018;Reference;year;TIME;2014-01-01T00:00:00.000Z;2014-01-01;jour;TIME-ISO-Z;;oui;;;;ok;cle `year` encodee en TIME au 1er janvier : la precision jour est un artefact d'encodage, la donnee utile est l'annee
adc1a4d09cfb4a6892dfc8fa49cad2fc;Selgin 2013 Synthetic Commodity Money;Reference;year;TIME;2013-01-01T00:00:00.000Z;2013-01-01;jour;TIME-ISO-Z;;oui;;;;ok;cle `year` encodee en TIME au 1er janvier : la precision jour est un artefact d'encodage, la donnee utile est l'annee
ae01bbd26c97490f9d613d92bd4a7081;Barro 1986 — Rules Versus Discretion;AcademicWork|Reference;year;TEXT;1986;1986;annee;annee;;oui;;;;ok;
ae0f729d88cf472db6b6aeb80783594f;InfrastructureEvent — Retrait de Nakamoto (décembre 2010);InfrastructureEvent;date;TEXT;2010-12;2010-12;mois;ISO-mois;;oui;;2010-12|2011-04;non;ok;description : accord d'annee (2010-12|2011-04 contre 2010-12)
ae0f729d88cf472db6b6aeb80783594f;InfrastructureEvent — Retrait de Nakamoto (décembre 2010);InfrastructureEvent;dateSource;TEXT;Nakamoto 2011;;indeterminee;libre;;non;;2010-12|2011-04;;non_parsable;cle du perimetre qui ne porte PAS une date : reference bibliographique de la date (ex. « Sedgwick 2018e »), pas une date | ANNEES CITEES dans la valeur (non retenues comme date) : 2011 | description datee mais aucune annee derivee de la valeur : comparaison impossible, rien n'est conclu
ae1cb2659fd7470b8ec1aa621226b3e1;InfrastructureEvent — Première bourse BTC/EUR (Paymium);InfrastructureEvent;date;TEXT;2011-08-16;2011-08-16;jour;ISO-jour;;oui;;;;ok;
ae1cb2659fd7470b8ec1aa621226b3e1;InfrastructureEvent — Première bourse BTC/EUR (Paymium);InfrastructureEvent;dateAuthority;TEXT;TIMELINE_FIGURE;;indeterminee;libre;;non;;;;non_parsable;cle du perimetre qui ne porte PAS une date : niveau de preuve de la date (AUTHOR_VERIFIED / EXTERNAL_VERIFICATION / TIMELINE_FIGURE), pas une date | aucune annee a quatre chiffres dans la valeur
ae1cb2659fd7470b8ec1aa621226b3e1;InfrastructureEvent — Première bourse BTC/EUR (Paymium);InfrastructureEvent;dateSource;TEXT;Thèse — Chronologie (figure) Chapitre I.2;;indeterminee;libre;;non;;;;non_parsable;cle du perimetre qui ne porte PAS une date : reference bibliographique de la date (ex. « Sedgwick 2018e »), pas une date | aucune annee a quatre chiffres dans la valeur
ae1e3d2a720540f58e475e74ec8ea700;Jentzsch 2016b — DAO White Paper;IndigenousLiterature|Reference;year;TEXT;2016;2016;annee;annee;;oui;;;;ok;
ae73f326b85f491da28770ac6b6b9bc9;Bartoletti & Pompianu 2017;Reference;year;TIME;2017-01-01T00:00:00.000Z;2017-01-01;jour;TIME-ISO-Z;;oui;;;;ok;cle `year` encodee en TIME au 1er janvier : la precision jour est un artefact d'encodage, la donnee utile est l'annee
aebb75383af64537878d1d3266a35b57;Entretien n°2;PrimarySource;dateInterview;TIME;2019-02-19T00:00:00.000Z;2019-02-19;jour;TIME-ISO-Z;;non;;;;ok;
af1041289a1847b0890e7d76bcb856cd;InfrastructureEvent — Bitcoin Classic : fork Big Blockers (2016);InfrastructureEvent;date;TEXT;2016;2016;annee;annee;;oui;;;;ok;
af4e2b6bcb13467184b17c485c5c7d83;Observation participante n°4;PrimarySource;dateEvenement;TIME;2016-11-17T00:00:00.000Z;2016-11-17;jour;TIME-ISO-Z;;non;;;;ok;
af85b2621cb14132a88ffcb4e8185ac9;InfrastructureEvent — Lancement Peercoin (PoS) par Sunny King / Scott Nadal (2012);InfrastructureEvent;date;TEXT;19/08/2012;2012-08-19;jour;DD-MM-YYYY-ou-MM-DD-YYYY;non;oui;;2012-08;non;ok;ordre etabli sans convention : le groupe 19 depasse 12 et ne peut pas etre un mois (JJ/MM/AAAA) | description : accord d'annee (2012-08 contre 2012-08-19)
aff449b29cc249a281a508728901c18f;Andresen 2011;IndigenousLiterature|Reference;year;TEXT;2011;2011;annee;annee;;oui;;;;ok;
b023a2bb16f44f66af3a89f5a71f45eb;Servet Courbis Froment 1991 Nominalisme monetaire;Reference;year;TIME;1991-01-01T00:00:00.000Z;1991-01-01;jour;TIME-ISO-Z;;oui;;;;ok;cle `year` encodee en TIME au 1er janvier : la precision jour est un artefact d'encodage, la donnee utile est l'annee
b0e025a2dbd64e1a97a2b580667ee267;GovernanceProcess — Réponse réglementaire au hack MtGox (2014);GovernanceProcess;dateEnd;TEXT;2014;2014;annee;annee;;oui;;;;ok;
b0e025a2dbd64e1a97a2b580667ee267;GovernanceProcess — Réponse réglementaire au hack MtGox (2014);GovernanceProcess;dateStart;TEXT;2014-02;2014-02;mois;ISO-mois;;oui;;;;ok;
b18c50643f6b4a59a9b06ff01ecf2e5c;InfrastructureEvent — Lancement Casascius Physical Bitcoins (Mike Caldwell, 2011);InfrastructureEvent;date;TEXT;2011;2011;annee;annee;;oui;;;;ok;
b18c50643f6b4a59a9b06ff01ecf2e5c;InfrastructureEvent — Lancement Casascius Physical Bitcoins (Mike Caldwell, 2011);InfrastructureEvent;regulatoryEnd;TEXT;fin 2013 — pression FinCEN;;indeterminee;libre;;non;;;;non_parsable;ANNEES CITEES dans la valeur (non retenues comme date) : 2013
b1e56c595625472bbd61740c7549cb4d;Bollier 2007 — The Growth of the Commons Paradigm;AcademicWork|Reference;year;TEXT;2007;2007;annee;annee;;oui;;;;ok;
b2b1bc2732184f8c9368e50aa3f28412;Observation participante n°1;PrimarySource;dateEvenement;TIME;2016-10-15T00:00:00.000Z;2016-10-15;jour;TIME-ISO-Z;;non;;;;ok;
b3d5131dbe224d39bf4527581dd095c9;InfrastructureEvent — Bitcoin XT : fork Big Blockers (2015);InfrastructureEvent;date;TEXT;2015;2015;annee;annee;;oui;;2015|2017;non;ok;description : accord d'annee (2015|2017 contre 2015)
b3e21da76d6548fda0625c0410af758c;InfrastructureEvent — Lancement Binance (plateforme d'échange mondiale, 2017);InfrastructureEvent;date;TEXT;14/07/2017;2017-07-14;jour;DD-MM-YYYY-ou-MM-DD-YYYY;non;oui;;2017-07;non;ok;ordre etabli sans convention : le groupe 14 depasse 12 et ne peut pas etre un mois (JJ/MM/AAAA) | description : accord d'annee (2017-07 contre 2017-07-14)
b469ce6b277c4d61a8bd5a9b33619389;Sedgwick 2019c;GreyLiterature|Reference;consultedDate;TEXT;21 juillet 2020;2020-07-21;jour;libre;;non;;;;ok;date en toutes lettres (jour, mois, annee) : famille `libre` par convention de colonne, mais entierement derivable
b469ce6b277c4d61a8bd5a9b33619389;Sedgwick 2019c;GreyLiterature|Reference;date;TEXT;13 novembre 2019;2019-11-13;jour;libre;;oui;;;;ok;date en toutes lettres (jour, mois, annee) : famille `libre` par convention de colonne, mais entierement derivable | role « point » : accord d'annee avec year
b469ce6b277c4d61a8bd5a9b33619389;Sedgwick 2019c;GreyLiterature|Reference;year;TEXT;2019;2019;annee;annee;;oui;;;;ok;role « point » : accord d'annee avec date
b4b693b0021941cfbfc70e4f4afe3c5b;Bartoletti et Pompianu 2017;AcademicWork|Reference;year;TEXT;2017;2017;annee;annee;;oui;;;;ok;
b4c29d75b01748fe9b457b73e0b045f3;Wilcke 2016 — To Fork or not to Fork;IndigenousLiterature|Reference;year;TEXT;2016;2016;annee;annee;;oui;;;;ok;
b4c4c35999af46698ed9c972a7e44b1f;Théret 2007 — La monnaie dévoilée par ses crises;AcademicWork|Reference;year;TEXT;2007;2007;annee;annee;;oui;;;;ok;
b4cb7a3ba9d04d969296b774a74028ea;Harper 2019 — Bitcoin Independence Day;IndigenousLiterature|Reference;year;TEXT;2019;2019;annee;annee;;oui;;;;ok;
b609ad6d0bee4ec69b2474c6260537da;Régime transactionnel de la phase de maturation;Concept;period;TEXT;nov. 2013 – présent;;indeterminee;libre;;non;;;;non_parsable;ANNEES CITEES dans la valeur (non retenues comme date) : 2013
b666ecd130b24eb3be67d61460d5a47e;Andolfatto 2016 — Is Bitcoin a Safe Asset;GreyLiterature|Reference;year;TEXT;2016;2016;annee;annee;;oui;;;;ok;
b8188c1ce1bd4aca8ad1cce14846467d;Sedgwick 2019e;GreyLiterature|Reference;consultedDate;TEXT;21 juillet 2020;2020-07-21;jour;libre;;non;;;;ok;date en toutes lettres (jour, mois, annee) : famille `libre` par convention de colonne, mais entierement derivable
b8188c1ce1bd4aca8ad1cce14846467d;Sedgwick 2019e;GreyLiterature|Reference;date;TEXT;30 octobre 2019;2019-10-30;jour;libre;;oui;;;;ok;date en toutes lettres (jour, mois, annee) : famille `libre` par convention de colonne, mais entierement derivable | role « point » : accord d'annee avec year
b8188c1ce1bd4aca8ad1cce14846467d;Sedgwick 2019e;GreyLiterature|Reference;year;TEXT;2019;2019;annee;annee;;oui;;;;ok;role « point » : accord d'annee avec date
b8200b7c29ef4db1a0540db4dc4dd7b9;Aglietta & Scialom 2002 — Risques monnaie électronique;AcademicWork|Reference;year;TEXT;2002;2002;annee;annee;;oui;;;;ok;
b84ba9333dae45b79c193be327fb769a;Vergne & Swain 2017 — Categorical Anarchy Bitcoin British Media;AcademicWork|Reference;year;TEXT;2017;2017;annee;annee;;oui;;;;ok;
b84f59ace9b6403c88067c46af4c7582;Favier 2017 — Tulipes (blog La voie du Bitcoin);IndigenousLiterature|Reference;year;TEXT;2017;2017;annee;annee;;oui;;;;ok;
b8686137916e4a11b1655e3edc8d85ee;Cohen 1998 — The Geography of Money;AcademicWork|Reference;year;TEXT;1998;1998;annee;annee;;oui;;;;ok;
b86c5ec82ea14e47854fce42261981d6;Ostrom 1990 — Governing the Commons;AcademicWork|Reference;year;TEXT;1990;1990;annee;annee;;oui;;;;ok;
b904b5171b4f4236894208cdbdc3686c;Torpey 2016 — Checks and Balances of Bitcoin Governance;IndigenousLiterature|Reference;year;TEXT;2016;2016;annee;annee;;oui;;;;ok;
b911a98badbc4c76bdb0df93b26ec47e;Rosenfeld 2012 — Colored Coins;Reference;year;TEXT;2012;2012;annee;annee;;oui;;;;ok;
b95feb4b7ce94d2c9903c5a192e3421d;Lopp 2018 — Who Controls Bitcoin Core;IndigenousLiterature|Reference;year;TEXT;2018;2018;annee;annee;;oui;;;;ok;
b987cb2865ba4b2c8723bc90bff194dd;Nakamoto 2011;GreyLiterature|Reference;year;TEXT;2011;2011;annee;annee;;oui;;;;ok;
b9b474c9712b4dbea11d55ae163d2b36;King & Nadal 2012 Peercoin;Reference;year;TIME;2012-01-01T00:00:00.000Z;2012-01-01;jour;TIME-ISO-Z;;oui;;;;ok;cle `year` encodee en TIME au 1er janvier : la precision jour est un artefact d'encodage, la donnee utile est l'annee
b9e7bc0ec25c464ea27d90d2a8038983;Orléan 1989 — Approche cognitive des conventions;AcademicWork|Reference;year;TEXT;1989;1989;annee;annee;;oui;;;;ok;
ba1d7f22fdef48b4bbc489e736810412;InfrastructureEvent — Kraken : plateforme d'échange cryptos (Jesse Powell, 2011);InfrastructureEvent;date;TEXT;2011;2011;annee;annee;;oui;;;;ok;
baa994fe1ff74366a06837316315af5c;Observation participante n°27;PrimarySource;dateEvenement;TIME;2020-03-03T00:00:00.000Z;2020-03-03;jour;TIME-ISO-Z;;non;;;;ok;
babc9f23c57446c88626709f94707d80;InfrastructureEvent — Service de séquestre (escrow) offert par Theymos;InfrastructureEvent;date;TEXT;2010-07-29;2010-07-29;jour;ISO-jour;;oui;;;;ok;
babc9f23c57446c88626709f94707d80;InfrastructureEvent — Service de séquestre (escrow) offert par Theymos;InfrastructureEvent;dateAuthority;TEXT;TIMELINE_FIGURE;;indeterminee;libre;;non;;;;non_parsable;cle du perimetre qui ne porte PAS une date : niveau de preuve de la date (AUTHOR_VERIFIED / EXTERNAL_VERIFICATION / TIMELINE_FIGURE), pas une date | aucune annee a quatre chiffres dans la valeur
babc9f23c57446c88626709f94707d80;InfrastructureEvent — Service de séquestre (escrow) offert par Theymos;InfrastructureEvent;dateSource;TEXT;Thèse — Chronologie (figure) Chapitre I.2;;indeterminee;libre;;non;;;;non_parsable;cle du perimetre qui ne porte PAS une date : reference bibliographique de la date (ex. « Sedgwick 2018e »), pas une date | aucune annee a quatre chiffres dans la valeur
bb7e8e8fd76be2b3ace23007e6faed3f;InfrastructureEvent — Testnet Olympic, neuvième itération (9 mai 2015);InfrastructureEvent;date;TEXT;2015-05-09;2015-05-09;jour;ISO-jour;;oui;;2015-05|2015-07;non;ok;description : accord d'annee (2015-05|2015-07 contre 2015-05-09)
bb7e8e8fd76be2b3ace23007e6faed3f;InfrastructureEvent — Testnet Olympic, neuvième itération (9 mai 2015);InfrastructureEvent;dateSource;TEXT;Thèse ch.I l.399;;indeterminee;libre;;non;;2015-05|2015-07;;non_parsable;cle du perimetre qui ne porte PAS une date : reference bibliographique de la date (ex. « Sedgwick 2018e »), pas une date | aucune annee a quatre chiffres dans la valeur | description datee mais aucune annee derivee de la valeur : comparaison impossible, rien n'est conclu
bc1361982acc4dff8ee8d5a270e61f34;Zelizer 1989 — Social Meaning of Money Special Monies;AcademicWork|Reference;year;TEXT;1989;1989;annee;annee;;oui;;;;ok;
bc199c173f12476b84c02907f386d0e8;Gandal et al. 2018;AcademicWork|Reference;year;TEXT;2018;2018;annee;annee;;oui;;;;ok;
bc7f490962eb4ef0a437207bd6b56905;Bitcoin Foundation 2014 — The Foundation's Vision;IndigenousLiterature|Reference;year;TEXT;2014;2014;annee;annee;;oui;;;;ok;
bc94730b6e2c40a2b0ff4525e699f0a7;Observation participante n°25;PrimarySource;dateEvenement;TIME;2019-06-08T00:00:00.000Z;2019-06-08;jour;TIME-ISO-Z;;non;;;;ok;
bcadca2adf144ddbb061b722a8c85a80;InfrastructureEvent — Coinbase atteint 5 millions utilisateurs (2017);InfrastructureEvent;date;TEXT;08/01/2017;2017;jour;DD-MM-YYYY-ou-MM-DD-YYYY;oui;oui;;2017-01;non;ok;ordre jour/mois indecidable : « 08/01/2017 » se lit 2017-01-08 (JJ/MM) ou 2017-08-01 (MM/JJ) , normalized_iso s'arrete a l'annee, aucune convention n'est appliquee | description : accord d'annee (2017-01 contre 2017)
bcb6224ca258462e815df9678e1992b1;Russo 2020 — The Infinite Machine Ethereum;AcademicWork|Reference;year;TEXT;2020;2020;annee;annee;;oui;;;;ok;
bcd561cc100f4da38b912c31a7ea5d11;Hajdarbegovic 2014;GreyLiterature|Reference;year;TEXT;2014;2014;annee;annee;;oui;;;;ok;
be54e2821684475897a0bd64609d7bfd;Observation participante n°15;PrimarySource;dateEvenement;TIME;2017-09-20T00:00:00.000Z;2017-09-20;jour;TIME-ISO-Z;;non;;;;ok;
be56089c62d34df08bd15f366454ab9e;David Gilbert 2014;GreyLiterature|Reference;year;TEXT;2014;2014;annee;annee;;oui;;;;ok;
be60c5d6b44049e683f476d2b3b497de;Aguiton Cabane Cornilleau 2019 — Politiques de la mise en crise;AcademicWork|Reference;year;TEXT;2019;2019;annee;annee;;oui;;;;ok;
bf886a7f94454c48829b2eb7989f6e53;Kraken;Organization;foundedYear;NUMBER;2011;2011;annee;annee;;non;;;;ok;
bf9931aa5cec4f87ae0edce43a1907ea;Go-Ethereum (Geth);SoftwareClient;launchYear;TIME;2015-07-30T00:00:00.000Z;2015-07-30;jour;TIME-ISO-Z;;oui;;;;ok;
c0f588f7fb3747ea9c964a94661d0027;Buterin 2017;GreyLiterature|Reference;year;TEXT;2017;2017;annee;annee;;oui;;;;ok;
c14637f57d5a423894cbd35856129302;Edwards et al. 2009;Reference;year;TEXT;2009;2009;annee;annee;;oui;;;;ok;
c157790787f842a385fe46a62f07fd43;Bitcoin Unlimited;ActorNonHuman;launchYear;TIME;2015-01-01T00:00:00.000Z;2015-01-01;jour;TIME-ISO-Z;;oui;;;;ok;
c1f2c85a7fe1418f98ec012274b23d0e;Observation participante n°23;PrimarySource;dateEvenement;TIME;2019-03-05T00:00:00.000Z;2019-03-05;jour;TIME-ISO-Z;;non;;;;ok;
c25ce741365e4a029290eb5bcd4fa174;Sedgwick 2019n;Reference;consultedDate;TEXT;21 juillet 2020;2020-07-21;jour;libre;;non;;;;ok;date en toutes lettres (jour, mois, annee) : famille `libre` par convention de colonne, mais entierement derivable
c25ce741365e4a029290eb5bcd4fa174;Sedgwick 2019n;Reference;date;TEXT;28 février 2019;2019-02-28;jour;libre;;oui;;;;ok;date en toutes lettres (jour, mois, annee) : famille `libre` par convention de colonne, mais entierement derivable | role « point » : accord d'annee avec year
c25ce741365e4a029290eb5bcd4fa174;Sedgwick 2019n;Reference;year;TEXT;2019;2019;annee;annee;;oui;;;;ok;role « point » : accord d'annee avec date
c274eca9c9e748abb5edd4e9306b4b45;Zelizer 2005 — La signification sociale de l'argent;AcademicWork|Reference;year;TEXT;2005;2005;annee;annee;;oui;;;;ok;
c33c1251f58f47b3b0762b5054c43834;Alary 2009 — Genèse de la monnaie;AcademicWork|Reference;year;TEXT;2009;2009;annee;annee;;oui;;;;ok;
c4070e12b06b4bf995229ff2df211a65;DAO — Insémination / gestation;CrisisPhase;timeEnd;TEXT;2016-04;2016-04;mois;ISO-mois;;non;;;;ok;
c4070e12b06b4bf995229ff2df211a65;DAO — Insémination / gestation;CrisisPhase;timeStart;TEXT;2015-11;2015-11;mois;ISO-mois;;non;;;;ok;
c4427c0f5da91478669a41b0f1392409;Ethereum Hard Fork — Berlin;ProtocolChange;date;TEXT;2021-04-15;2021-04-15;jour;ISO-jour;;oui;;;;ok;
c4427c0f5da91478669a41b0f1392409;Ethereum Hard Fork — Berlin;ProtocolChange;dateAuthority;TEXT;AUTHOR_VERIFIED;;indeterminee;libre;;non;;;;non_parsable;cle du perimetre qui ne porte PAS une date : niveau de preuve de la date (AUTHOR_VERIFIED / EXTERNAL_VERIFICATION / TIMELINE_FIGURE), pas une date | aucune annee a quatre chiffres dans la valeur
c4427c0f5da91478669a41b0f1392409;Ethereum Hard Fork — Berlin;ProtocolChange;dateSource;TEXT;Chronologie des HF d'Ethereum V1 (M. Rolland) — constituee et verifiee par l'auteur, non mobilisee dans la these;;indeterminee;libre;;non;;;;non_parsable;cle du perimetre qui ne porte PAS une date : reference bibliographique de la date (ex. « Sedgwick 2018e »), pas une date | aucune annee a quatre chiffres dans la valeur
c485443e2a604bc98eb6826417438bfb;InfrastructureEvent — Conférence Scaling Bitcoin, Montréal (septembre 2015);InfrastructureEvent;date;TEXT;2015-09;2015-09;mois;ISO-mois;;oui;;;;ok;
c49fc20f07124c7087aec8554b68c6e9;Hess 2000 — Is There Anything New Under the Sun? New Commons;AcademicWork|Reference;year;TEXT;2000;2000;annee;annee;;oui;;;;ok;
c4eab4f4b3f54162b2404b3da684b840;Attaque de The DAO;CrisisEvent;date;TEXT;17/06/2016;2016-06-17;jour;DD-MM-YYYY-ou-MM-DD-YYYY;non;oui;;;;ok;ordre etabli sans convention : le groupe 17 depasse 12 et ne peut pas etre un mois (JJ/MM/AAAA)
c4f2c47e95f2452daed330139fd8691f;InfrastructureEvent — Ledger (premier hardware wallet français, 2014);InfrastructureEvent;date;TEXT;2014;2014;annee;annee;;oui;;;;ok;
c501df1a0cb5496588d3806003d6f6d3;Migration DApps Counterparty vers Ethereum (2014-2015);InfrastructureEvent;period;TEXT;2014-2015;;plage;plage-annees;;non;;;;ok;plage d'annees 2014-2015 : normalized_iso reste vide, choisir une des deux bornes serait un arbitrage
c539113210a84e1eaea3d8340504aba5;Narayanan & Clark 2017;Reference;year;TEXT;2017;2017;annee;annee;;oui;;;;ok;
c59f0db4315f46c98458d6893b1d297f;InfrastructureEvent — Expansion services monétaires et financiers Bitcoin (2012-2013);InfrastructureEvent;period;TEXT;2012-2013;;plage;plage-annees;;non;;;;ok;plage d'annees 2012-2013 : normalized_iso reste vide, choisir une des deux bornes serait un arbitrage
c5b853a4aa0447ed88bc11828a8c805c;The Merge (transition Ethereum PoW → PoS, septembre 2022);InfrastructureEvent;date;TEXT;15 septembre 2022;2022-09-15;jour;libre;;oui;;;;ok;date en toutes lettres (jour, mois, annee) : famille `libre` par convention de colonne, mais entierement derivable
c5d82d5b8e38402a94728be1c08e9b47;Entretien n°22;PrimarySource;dateInterview;TIME;2020-02-13T00:00:00.000Z;2020-02-13;jour;TIME-ISO-Z;;non;;;;ok;
c6389ffe8f7a48668883b4845808c388;CVE-2018-20587 (Vol, Luke Dashjr);CrisisEvent;year;TEXT;2018;2018;annee;annee;;oui;;;;ok;
c6cda6d8c3b14482b6051e1703c5e756;Blanc & Fare 2013 — Role of Governments Community Currencies;AcademicWork|Reference;year;TEXT;2013;2013;annee;annee;;oui;;;;ok;
c712736b311b4648a71c6edd75b29f70;Le Calvez 2020;GreyLiterature|Reference;year;TEXT;2020;2020;annee;annee;;oui;;;;ok;
c76bb3ae5b4d43f680ca8c5f075e12ba;Hughes 1993 — A Cypherpunk's Manifesto;IndigenousLiterature|Reference;year;TEXT;1993;1993;annee;annee;;oui;;;;ok;
c89bf93708224ac481afb22a55ca5362;Zelizer 1989;Reference;year;TIME;1989-01-01T00:00:00.000Z;1989-01-01;jour;TIME-ISO-Z;;oui;;;;ok;cle `year` encodee en TIME au 1er janvier : la precision jour est un artefact d'encodage, la donnee utile est l'annee
c8b77447d55c4ff08810620dc9370f67;Genesis Block — Lancement du protocole Bitcoin;CrisisEvent;date;TEXT;03/01/2009;2009;jour;DD-MM-YYYY-ou-MM-DD-YYYY;oui;oui;;;;ok;ordre jour/mois indecidable : « 03/01/2009 » se lit 2009-01-03 (JJ/MM) ou 2009-03-01 (MM/JJ) , normalized_iso s'arrete a l'annee, aucune convention n'est appliquee
c90459607fca4768b307d096e3e05378;Rauchs et al. 2018 — Distributed Ledger Systems Conceptual Framework;AcademicWork|Reference;year;TEXT;2018;2018;annee;annee;;oui;;;;ok;
c9331bbe47b548ae9237c5f31c277b60;Allard 2018 — Cryptomonnaies usages et pratiques;AcademicWork|Reference;year;TEXT;2018;2018;annee;annee;;oui;;;;ok;
ca059c7bca7f4351bafab4a3b4daf319;BIP-91 — Compromise SegWit activation;ProtocolProposal;year;TEXT;2017;2017;annee;annee;;oui;;;;ok;
ca278d213d804294a2c5a672d52808e4;CVE-2014-0160 — Remote memory leak via payment protocol (Heartbleed);CrisisEvent;date;TEXT;04/07/2014;2014;jour;DD-MM-YYYY-ou-MM-DD-YYYY;oui;oui;;;;ok;ordre jour/mois indecidable : « 04/07/2014 » se lit 2014-07-04 (JJ/MM) ou 2014-04-07 (MM/JJ) , normalized_iso s'arrete a l'annee, aucune convention n'est appliquee
cb4acdc336754f22840ba9a4192a941e;InfrastructureEvent — Première ICO : Mastercoin (31 juillet 2013);InfrastructureEvent;date;TEXT;2013-07-31;2013-07-31;jour;ISO-jour;;oui;;2017|2019|2020;oui;ok;CONFLIT DESCRIPTION : la description ne cite que 2017|2019|2020 la ou date vaut 2013-07-31 — une description cite volontiers des annees qui ne sont pas la date de l'entite : signalement, pas erreur etablie
cbbc7f90349f49c9b6e13bdb26132439;Anonyme 2018 — CVE-2018-17144 reward schedule StackExchange;IndigenousLiterature|Reference;year;TEXT;2018;2018;annee;annee;;oui;;;;ok;
cc346d7c8cdf450ca81c1cd08d65b68c;InfrastructureEvent — Première pool de minage (Slush Pool);InfrastructureEvent;date;TEXT;2010-11-27;2010-11-27;jour;ISO-jour;;oui;;2010;non;ok;description : accord d'annee (2010 contre 2010-11-27)
cc346d7c8cdf450ca81c1cd08d65b68c;InfrastructureEvent — Première pool de minage (Slush Pool);InfrastructureEvent;dateAuthority;TEXT;TIMELINE_FIGURE;;indeterminee;libre;;non;;2010;;non_parsable;cle du perimetre qui ne porte PAS une date : niveau de preuve de la date (AUTHOR_VERIFIED / EXTERNAL_VERIFICATION / TIMELINE_FIGURE), pas une date | aucune annee a quatre chiffres dans la valeur | description datee mais aucune annee derivee de la valeur : comparaison impossible, rien n'est conclu
cc346d7c8cdf450ca81c1cd08d65b68c;InfrastructureEvent — Première pool de minage (Slush Pool);InfrastructureEvent;dateSource;TEXT;Thèse — Chronologie (figure) Chapitre I.2;;indeterminee;libre;;non;;2010;;non_parsable;cle du perimetre qui ne porte PAS une date : reference bibliographique de la date (ex. « Sedgwick 2018e »), pas une date | aucune annee a quatre chiffres dans la valeur | description datee mais aucune annee derivee de la valeur : comparaison impossible, rien n'est conclu
ccf4055f8a794e79890cc72d27e1e7ad;Immersion : Investissement ICO;PrimarySource;dateDebut;TIME;2016-01-01T00:00:00.000Z;2016-01-01;jour;TIME-ISO-Z;;non;;;;ok;
cd4ebb49a5854494a4df0bb45e292369;Yermack 2013 — Is Bitcoin a real currency;AcademicWork|Reference;year;TEXT;2013;2013;annee;annee;;oui;;;;ok;
cd6241f420a940b6904326b1fa207646;Congestion du mempool et hausse des frais (2017);InfrastructureEvent;date;TEXT;pic décembre 2017;;indeterminee;libre;;oui;;;;non_parsable;ANNEES CITEES dans la valeur (non retenues comme date) : 2017
cd70a1754f4e4a2192c0823bb2a77319;Orléan 2003 — Fondements institutionnels objectivité marchande;AcademicWork|Reference;year;TEXT;2003;2003;annee;annee;;oui;;;;ok;
cd74d2f448ec4372b41a8ed63a3f5f98;Sedgwick 2019k;Reference;consultedDate;TEXT;21 juillet 2020;2020-07-21;jour;libre;;non;;;;ok;date en toutes lettres (jour, mois, annee) : famille `libre` par convention de colonne, mais entierement derivable
cd74d2f448ec4372b41a8ed63a3f5f98;Sedgwick 2019k;Reference;date;TEXT;19 mai 2019;2019-05-19;jour;libre;;oui;;;;ok;date en toutes lettres (jour, mois, annee) : famille `libre` par convention de colonne, mais entierement derivable | role « point » : accord d'annee avec year
cd74d2f448ec4372b41a8ed63a3f5f98;Sedgwick 2019k;Reference;year;TEXT;2019;2019;annee;annee;;oui;;;;ok;role « point » : accord d'annee avec date
cde365fffc0140b2ae04ed6fd46b22d5;Dodd 2017 — The Social Life of Bitcoin;AcademicWork|Reference;year;TEXT;2017;2017;annee;annee;;oui;;;;ok;
ce0f6a5e811447c8ba4674075a6cf057;CVE-2013-2293 — Continuous hard disk seek;CrisisEvent;date;TEXT;09/01/2013;2013;jour;DD-MM-YYYY-ou-MM-DD-YYYY;oui;oui;;;;ok;ordre jour/mois indecidable : « 09/01/2013 » se lit 2013-01-09 (JJ/MM) ou 2013-09-01 (MM/JJ) , normalized_iso s'arrete a l'annee, aucune convention n'est appliquee
ce26299c018d4676a5d00a91188d5d47;Croman et al. 2016;AcademicWork|Reference;year;TEXT;2016;2016;annee;annee;;oui;;;;ok;
ceabad5e9c0e4c36b74925272eff2df7;De Filippi & Loveluck 2016 — Invisible politics of Bitcoin;AcademicWork|Reference;year;TEXT;2016;2016;annee;annee;;oui;;;;ok;
cf8cf57a5c414213a1120ec0ad287046;GovernanceProcess — DAO Fork délibération (juin-juillet 2016);GovernanceProcess;dateEnd;TEXT;2016-07-20;2016-07-20;jour;ISO-jour;;oui;;;;ok;
cf8cf57a5c414213a1120ec0ad287046;GovernanceProcess — DAO Fork délibération (juin-juillet 2016);GovernanceProcess;dateStart;TEXT;2016-06-17;2016-06-17;jour;ISO-jour;;oui;;;;ok;
cfdb999d9b1c4989b7424a931fef16c4;CVE-2016-10724 & CVE-2016-10725 — Alert system — Memory exhaustion & Final alert cancellation;CrisisEvent;date;TEXT;02/07/2018;2018;jour;DD-MM-YYYY-ou-MM-DD-YYYY;oui;oui;;;;ok;ordre jour/mois indecidable : « 02/07/2018 » se lit 2018-07-02 (JJ/MM) ou 2018-02-07 (MM/JJ) , normalized_iso s'arrete a l'annee, aucune convention n'est appliquee
d02f0c0a011a4ca09cf826f684f10222;InfrastructureEvent — ASIC Antminer S5 (1 TH/s) par Bitmain (2014);InfrastructureEvent;date;TEXT;01/12/2014;2014;jour;DD-MM-YYYY-ou-MM-DD-YYYY;oui;oui;;2014;non;ok;ordre jour/mois indecidable : « 01/12/2014 » se lit 2014-12-01 (JJ/MM) ou 2014-01-12 (MM/JJ) , normalized_iso s'arrete a l'annee, aucune convention n'est appliquee | description : accord d'annee (2014 contre 2014)
d0aa57fecf684bd1b5aeca6e8e36895c;Capability — Minage GPU (distribution);Capability;period;TEXT;2010-2012;;plage;plage-annees;;non;;;;ok;plage d'annees 2010-2012 : normalized_iso reste vide, choisir une des deux bornes serait un arbitrage
d1961d60a3fc43bb996bf52e14c24193;BIP-66 — Strict DER signatures — Fake Conf & Chain Split;CrisisEvent;date;TEXT;04/07/2015;2015;jour;DD-MM-YYYY-ou-MM-DD-YYYY;oui;oui;;;;ok;ordre jour/mois indecidable : « 04/07/2015 » se lit 2015-07-04 (JJ/MM) ou 2015-04-07 (MM/JJ) , normalized_iso s'arrete a l'annee, aucune convention n'est appliquee
d1dd82174b304af3a93ea3a86186a661;Ammous 2018 Bitcoin Standard;Reference;year;TIME;2018-01-01T00:00:00.000Z;2018-01-01;jour;TIME-ISO-Z;;oui;;;;ok;cle `year` encodee en TIME au 1er janvier : la precision jour est un artefact d'encodage, la donnee utile est l'annee
d1f0615da1ea4803b1f6fadc95e9e176;Sedgwick 2019p;Reference;consultedDate;TEXT;21 juillet 2020;2020-07-21;jour;libre;;non;;;;ok;date en toutes lettres (jour, mois, annee) : famille `libre` par convention de colonne, mais entierement derivable
d1f0615da1ea4803b1f6fadc95e9e176;Sedgwick 2019p;Reference;date;TEXT;12 janvier 2019;2019-01-12;jour;libre;;oui;;;;ok;date en toutes lettres (jour, mois, annee) : famille `libre` par convention de colonne, mais entierement derivable | role « point » : accord d'annee avec year
d1f0615da1ea4803b1f6fadc95e9e176;Sedgwick 2019p;Reference;year;TEXT;2019;2019;annee;annee;;oui;;;;ok;role « point » : accord d'annee avec date
d253190f545f4cdd9548b161201e72eb;Antonopoulos 2013 — Bitcoin Neutrality Conference;IndigenousLiterature|Reference;year;TEXT;2013;2013;annee;annee;;oui;;;;ok;
d25e5ffe06df4701bfc3755bdc9d1b31;BIPs 141, 143 & 147 — Soft fork: SegWit;CrisisEvent;date;TEXT;27/10/2016;2016-10-27;jour;DD-MM-YYYY-ou-MM-DD-YYYY;non;oui;;;;ok;ordre etabli sans convention : le groupe 27 depasse 12 et ne peut pas etre un mois (JJ/MM/AAAA)
d2a8798b6f064140851367c98162f594;InfrastructureEvent — Première plateforme d’échange BTC (BitcoinMarket.com);InfrastructureEvent;date;TEXT;2010-03-17;2010-03-17;jour;ISO-jour;;oui;;2010-03;non;ok;description : accord d'annee (2010-03 contre 2010-03-17)
d2a8798b6f064140851367c98162f594;InfrastructureEvent — Première plateforme d’échange BTC (BitcoinMarket.com);InfrastructureEvent;dateAuthority;TEXT;TIMELINE_FIGURE;;indeterminee;libre;;non;;2010-03;;non_parsable;cle du perimetre qui ne porte PAS une date : niveau de preuve de la date (AUTHOR_VERIFIED / EXTERNAL_VERIFICATION / TIMELINE_FIGURE), pas une date | aucune annee a quatre chiffres dans la valeur | description datee mais aucune annee derivee de la valeur : comparaison impossible, rien n'est conclu
d2a8798b6f064140851367c98162f594;InfrastructureEvent — Première plateforme d’échange BTC (BitcoinMarket.com);InfrastructureEvent;dateSource;TEXT;Thèse — Chronologie (figure) Chapitre I.2;;indeterminee;libre;;non;;2010-03;;non_parsable;cle du perimetre qui ne porte PAS une date : reference bibliographique de la date (ex. « Sedgwick 2018e »), pas une date | aucune annee a quatre chiffres dans la valeur | description datee mais aucune annee derivee de la valeur : comparaison impossible, rien n'est conclu
d2c006f8f528491b9c3fb64f996fa607;Chaum 1994 — World's first electronic cash payment;IndigenousLiterature|Reference;year;TEXT;1994;1994;annee;annee;;oui;;;;ok;
d33481e85d3243a08cabfe2cddeedff2;Chanteau & Labrousse 2013 — Institutionnalisme méthodologique Ostrom;AcademicWork|Reference;year;TEXT;2013;2013;annee;annee;;oui;;;;ok;
d35d720e1fa24d9fbe665a90ac0abc73;Bitcoin;Protocol;launchYear;TIME;2009-01-03T00:00:00.000Z;2009-01-03;jour;TIME-ISO-Z;;oui;;;;ok;
d39ba9cddee04648bc27e75b4e0bc02d;Abdelatif Hafid 2022 — Sharding Blockchain Protocols;AcademicWork|Reference;year;TEXT;2022;2022;annee;annee;;oui;;;;ok;
d3db9a3bd38441f48ef0e79eecb44bb0;Conflit DAO Fork (2016);GovernanceConflict;period;TEXT;juin-juillet 2016;;indeterminee;libre;;non;;;;non_parsable;ANNEES CITEES dans la valeur (non retenues comme date) : 2016
d5ba79b06d404e4e92f3876057be65a7;Entretien n°19;PrimarySource;dateInterview;TIME;2020-01-30T00:00:00.000Z;2020-01-30;jour;TIME-ISO-Z;;non;;;;ok;
d5cd3bf2e33746cbaab706c287c88624;Observation participante n°16;PrimarySource;dateEvenement;TIME;2017-10-04T00:00:00.000Z;2017-10-04;jour;TIME-ISO-Z;;non;;;;ok;
d672ddb50e8346f8be770f2fe60dbf46;Breed 2020;GreyLiterature|Reference;year;TEXT;2020;2020;annee;annee;;oui;;;;ok;
d693882f7dc74d6cb9a875d029f155aa;InfrastructureEvent — Service de portefeuille/paiement custodial BitPay;InfrastructureEvent;date;TEXT;2011-06-03;2011-06-03;jour;ISO-jour;;oui;;2011;non;ok;description : accord d'annee (2011 contre 2011-06-03)
d693882f7dc74d6cb9a875d029f155aa;InfrastructureEvent — Service de portefeuille/paiement custodial BitPay;InfrastructureEvent;dateAuthority;TEXT;TIMELINE_FIGURE;;indeterminee;libre;;non;;2011;;non_parsable;cle du perimetre qui ne porte PAS une date : niveau de preuve de la date (AUTHOR_VERIFIED / EXTERNAL_VERIFICATION / TIMELINE_FIGURE), pas une date | aucune annee a quatre chiffres dans la valeur | description datee mais aucune annee derivee de la valeur : comparaison impossible, rien n'est conclu
d693882f7dc74d6cb9a875d029f155aa;InfrastructureEvent — Service de portefeuille/paiement custodial BitPay;InfrastructureEvent;dateSource;TEXT;Thèse — Chronologie (figure) Chapitre I.2;;indeterminee;libre;;non;;2011;;non_parsable;cle du perimetre qui ne porte PAS une date : reference bibliographique de la date (ex. « Sedgwick 2018e »), pas une date | aucune annee a quatre chiffres dans la valeur | description datee mais aucune annee derivee de la valeur : comparaison impossible, rien n'est conclu
d6af94403c654e33a826339a6d612463;CVE-2010-5138 — Unlimited SigOp DoS via OP_CHECKSIG;CrisisEvent;date;TEXT;29/07/2010;2010-07-29;jour;DD-MM-YYYY-ou-MM-DD-YYYY;non;oui;;;;ok;ordre etabli sans convention : le groupe 29 depasse 12 et ne peut pas etre un mois (JJ/MM/AAAA)
d725e0ce85f540c18e8ddc5cb78e0fe3;Immersion : Bêta-testeur Storj (Counterparty);PrimarySource;dateDebut;TIME;2016-01-01T00:00:00.000Z;2016-01-01;jour;TIME-ISO-Z;;non;;;;ok;
d76c3f7844234a438d8d89518a8994b4;Observation participante n°19;PrimarySource;dateEvenement;TIME;2018-05-25T00:00:00.000Z;2018-05-25;jour;TIME-ISO-Z;;non;;;;ok;
d7b4845bbc4448708a5f7113368ccce6;PriceWindow — Stabilisation 2019-2020 (~8000$);PriceWindow;date;TEXT;2019-2020;;plage;plage-annees;;oui;;;;ok;plage d'annees 2019-2020 : normalized_iso reste vide, choisir une des deux bornes serait un arbitrage
d7fdcd25ac024e799bbaa6c9bda0a607;InfrastructureEvent — France rapport TraFin et régime fiscal du Bitcoin (2014);InfrastructureEvent;date;TEXT;11/07/2014;2014;jour;DD-MM-YYYY-ou-MM-DD-YYYY;oui;oui;;;;ok;ordre jour/mois indecidable : « 11/07/2014 » se lit 2014-07-11 (JJ/MM) ou 2014-11-07 (MM/JJ) , normalized_iso s'arrete a l'annee, aucune convention n'est appliquee
d80bed080db94483870db5f6fe1ebf88;Desmedt & Lakomski-Laguerre 2015 — Alternative monétaire Bitcoin;AcademicWork|Reference;year;TEXT;2015;2015;annee;annee;;oui;;;;ok;
d88c40faf9194283a804b6539d71815a;Observation participante n°10;PrimarySource;dateEvenement;TIME;2017-04-18T00:00:00.000Z;2017-04-18;jour;TIME-ISO-Z;;non;;;;ok;
d929065369e94a1997a4bd634794c740;Mallard Méadel Musiani 2014 — Paradoxes of Distributed Trust;AcademicWork|Reference;year;TEXT;2014;2014;annee;annee;;oui;;;;ok;
d969f6bc7b0444db8d228a13173b1b74;WikiLeaks;Organization;date;TEXT;2011-06-14;2011-06-14;jour;ISO-jour;;oui;;2010|2011-06;non;ok;description : accord d'annee (2010|2011-06 contre 2011-06-14)
d969f6bc7b0444db8d228a13173b1b74;WikiLeaks;Organization;dateSource;TEXT;"Banque de France 2013, p. 4 ; Sedgwick 2019e";;indeterminee;libre;;non;;2010|2011-06;;non_parsable;cle du perimetre qui ne porte PAS une date : reference bibliographique de la date (ex. « Sedgwick 2018e »), pas une date | ANNEES CITEES dans la valeur (non retenues comme date) : 2013, 2019 | description datee mais aucune annee derivee de la valeur : comparaison impossible, rien n'est conclu
da2c1b40ca374770836b98990bb6d55a;Figure 5 — Division sociale du travail protocolaire et spécialisation des acteurs;InfrastructureEvent;date;TEXT;2024;2024;annee;annee;;oui;;;;ok;
da2c1b40ca374770836b98990bb6d55a;Figure 5 — Division sociale du travail protocolaire et spécialisation des acteurs;InfrastructureEvent;dateSource;TEXT;Rolland Maël (thèse);;indeterminee;libre;;non;;;;non_parsable;cle du perimetre qui ne porte PAS une date : reference bibliographique de la date (ex. « Sedgwick 2018e »), pas une date | aucune annee a quatre chiffres dans la valeur
db27994d43c54873939c11e21dcf0ebe;Redman 2019b;GreyLiterature|Reference;year;TEXT;2019;2019;annee;annee;;oui;;;;ok;
db5981176f4948e29da8342ed543bc5f;InfrastructureEvent — Cyprus banking crisis (price episode);InfrastructureEvent;date;TEXT;2013-03;2013-03;mois;ISO-mois;;oui;;2013-03;non;ok;description : accord d'annee (2013-03 contre 2013-03)
db5981176f4948e29da8342ed543bc5f;InfrastructureEvent — Cyprus banking crisis (price episode);InfrastructureEvent;dateAuthority;TEXT;TIMELINE_FIGURE;;indeterminee;libre;;non;;2013-03;;non_parsable;cle du perimetre qui ne porte PAS une date : niveau de preuve de la date (AUTHOR_VERIFIED / EXTERNAL_VERIFICATION / TIMELINE_FIGURE), pas une date | aucune annee a quatre chiffres dans la valeur | description datee mais aucune annee derivee de la valeur : comparaison impossible, rien n'est conclu
db5981176f4948e29da8342ed543bc5f;InfrastructureEvent — Cyprus banking crisis (price episode);InfrastructureEvent;dateSource;TEXT;Thèse — Chronologie 2 (p.88);;indeterminee;libre;;non;;2013-03;;non_parsable;cle du perimetre qui ne porte PAS une date : reference bibliographique de la date (ex. « Sedgwick 2018e »), pas une date | aucune annee a quatre chiffres dans la valeur | description datee mais aucune annee derivee de la valeur : comparaison impossible, rien n'est conclu
db98d7012997478abdbca331ea1438f1;PriceWindow — MtGox DDOS crash (76$);PriceWindow;endDateText;TEXT;en mai;;indeterminee;libre;;non;;;;non_parsable;aucune annee a quatre chiffres dans la valeur
db98d7012997478abdbca331ea1438f1;PriceWindow — MtGox DDOS crash (76$);PriceWindow;startDateText;TEXT;en mai;;indeterminee;libre;;non;;;;non_parsable;aucune annee a quatre chiffres dans la valeur
db9a125c4c7a4d03bd19d3dc8c474a9e;Bitcoin CVE 2018-17144;CrisisEvent;date;TIME;2018-09-01T00:00:00.000Z;2018-09-01;jour;TIME-ISO-Z;;oui;;;;ok;
dbaa2fa2fe86491990df355f8996bc03;Volume de trading crypto (explosion 2017-2021);Concept;period;TEXT;2017-2021;;plage;plage-annees;;non;;;;ok;plage d'annees 2017-2021 : normalized_iso reste vide, choisir une des deux bornes serait un arbitrage
dbf09eba683d492da97f27513d7a4752;InfrastructureEvent — Lancement de Tether / USDT via Mastercoin/Omni (2015);InfrastructureEvent;date;TEXT;2015;2015;annee;annee;;oui;;2015;non;ok;description : accord d'annee (2015 contre 2015)
dce21d76b18f43509017a322d58f386a;Coldewey 2014;GreyLiterature|Reference;year;TEXT;2014;2014;annee;annee;;oui;;;;ok;
dcff56c931694f7d966301978c94c04c;BIP-34/65/66 — Script improvements;ProtocolProposal;year;TEXT;2012-2015;;plage;plage-annees;;oui;;;;ok;plage d'annees 2012-2015 : normalized_iso reste vide, choisir une des deux bornes serait un arbitrage
dd3e2896aaa6408a84dded4e2922471e;Bitcoin Core 2018a — CVE-2018-17144 Full Disclosure;IndigenousLiterature|Reference;year;TEXT;2018;2018;annee;annee;;oui;;;;ok;
dd9f7883d03e4bc2a49a1f9e18ed8bbd;Abraham 2020 — Prestataires actifs numériques cadre légal;GreyLiterature|Reference;year;TEXT;2020;2020;annee;annee;;oui;;;;ok;
ddd858210ac149f28eebfef5fe73eed5;Observation participante n°21;PrimarySource;dateEvenement;TIME;2018-10-23T00:00:00.000Z;2018-10-23;jour;TIME-ISO-Z;;non;;;;ok;
dddeabcb23464ee48e9524a6ac71c6eb;CVE-2010-5137 — OP_LSHIFT crash;CrisisEvent;date;TEXT;28/07/2010;2010-07-28;jour;DD-MM-YYYY-ou-MM-DD-YYYY;non;oui;;;;ok;ordre etabli sans convention : le groupe 28 depasse 12 et ne peut pas etre un mois (JJ/MM/AAAA)
dddfed6be12844d687d2647a36c77fb0;Entretien n°27;PrimarySource;dateInterview;TIME;2021-02-01T00:00:00.000Z;2021-02-01;jour;TIME-ISO-Z;;non;;;;ok;
de0b904e361b431c894e53b1acff91f1;Changement de régime transactionnel (phase de péché);Concept;period;TEXT;avril 2012 – octobre 2013;;plage;libre;;non;;;;ok;plage a deux bornes datees : « avril 2012 » -> 2012-04 et « octobre 2013 » -> 2013-10 , famille `libre` par convention de colonne (la nomenclature ne prevoit que `plage-annees`), normalized_iso reste vide, choisir une borne serait un arbitrage
de8f9cb71cfd4d75bd5129622d3eace7;InfrastructureEvent — CoinMarketCap : plateforme données cryptomarché (2013);InfrastructureEvent;date;TEXT;2013;2013;annee;annee;;oui;;1469|2013|2017;non;ok;description : accord d'annee (1469|2013|2017 contre 2013)
de8f9cb71cfd4d75bd5129622d3eace7;InfrastructureEvent — CoinMarketCap : plateforme données cryptomarché (2013);InfrastructureEvent;dateSource;TEXT;ElBahrawy et al. 2017;;indeterminee;libre;;non;;1469|2013|2017;;non_parsable;cle du perimetre qui ne porte PAS une date : reference bibliographique de la date (ex. « Sedgwick 2018e »), pas une date | ANNEES CITEES dans la valeur (non retenues comme date) : 2017 | description datee mais aucune annee derivee de la valeur : comparaison impossible, rien n'est conclu
df31f00b59814e428182ce450f65391d;Doepke & Schneider 2017 Money Fintech;Reference;year;TIME;2017-01-01T00:00:00.000Z;2017-01-01;jour;TIME-ISO-Z;;oui;;;;ok;cle `year` encodee en TIME au 1er janvier : la precision jour est un artefact d'encodage, la donnee utile est l'annee
df887492f61d4ae2bb03d935cfcce178;Antonopoulos 2018 — CVE-2018-17144 Q&A;IndigenousLiterature|Reference;year;TEXT;2018;2018;annee;annee;;oui;;;;ok;
dfc2028b715ce4c66c48d08b1aa0dac0;Ethereum Hard Fork — Tangerine Whistle;ProtocolChange;date;TEXT;2016-10-18;2016-10-18;jour;ISO-jour;;oui;;;;ok;
dfc2028b715ce4c66c48d08b1aa0dac0;Ethereum Hard Fork — Tangerine Whistle;ProtocolChange;dateAuthority;TEXT;AUTHOR_VERIFIED;;indeterminee;libre;;non;;;;non_parsable;cle du perimetre qui ne porte PAS une date : niveau de preuve de la date (AUTHOR_VERIFIED / EXTERNAL_VERIFICATION / TIMELINE_FIGURE), pas une date | aucune annee a quatre chiffres dans la valeur
dfc2028b715ce4c66c48d08b1aa0dac0;Ethereum Hard Fork — Tangerine Whistle;ProtocolChange;dateSource;TEXT;Chronologie des HF d'Ethereum V1 (M. Rolland) — constituee et verifiee par l'auteur, non mobilisee dans la these;;indeterminee;libre;;non;;;;non_parsable;cle du perimetre qui ne porte PAS une date : reference bibliographique de la date (ex. « Sedgwick 2018e »), pas une date | aucune annee a quatre chiffres dans la valeur
dfeba626b96846cf988d4020424196d5;Aglietta & Orléan 2002 — Violence et confiance;AcademicWork|Reference;year;TEXT;2002;2002;annee;annee;;oui;;;;ok;
e054a8412cf847b7b75c471e72bc414f;Star 1999 — Ethnography of Infrastructure;AcademicWork|Reference;year;TEXT;1999;1999;annee;annee;;oui;;;;ok;
e0b40d91bb424defaa9acf37536f339e;DeNardis & Musiani 2014 — Governance by Infrastructure;AcademicWork|Reference;year;TEXT;2014;2014;annee;annee;;oui;;;;ok;
e1081407d2d44750a89902ea2b7dccfc;Sedgwick 2020c;Reference;consultedDate;TEXT;21 juillet 2020;2020-07-21;jour;libre;;non;;;;ok;date en toutes lettres (jour, mois, annee) : famille `libre` par convention de colonne, mais entierement derivable
e1081407d2d44750a89902ea2b7dccfc;Sedgwick 2020c;Reference;date;TEXT;8 janvier 2020;2020-01-08;jour;libre;;oui;;;;ok;date en toutes lettres (jour, mois, annee) : famille `libre` par convention de colonne, mais entierement derivable | role « point » : accord d'annee avec year
e1081407d2d44750a89902ea2b7dccfc;Sedgwick 2020c;Reference;year;TEXT;2020;2020;annee;annee;;oui;;;;ok;role « point » : accord d'annee avec date
e11c07ae34744a76b2cdd6c321943a40;Observation participante n°3;PrimarySource;dateEvenement;TIME;2016-11-02T00:00:00.000Z;2016-11-02;jour;TIME-ISO-Z;;non;;;;ok;
e16ccb5b8c394bf6b955596c918f6e43;Weber Beat 2014a — Bitcoin and the legitimacy crisis of money;AcademicWork|Reference;year;TEXT;2014;2014;annee;annee;;oui;;;;ok;
e1891c0de0654e0697d722f8421f40f7;Paymium;ActorNonHuman;foundedYear;NUMBER;2011;2011;annee;annee;;non;;;;ok;
e19babe53a3d4f0291ed683b3118e0ef;Favier & Takkal Bataille 2017 — Bitcoin la monnaie acéphale;AcademicWork|Reference;year;TEXT;2017;2017;annee;annee;;oui;;;;ok;
e2157aa27a83bd481000c494d7f869e8;InfrastructureEvent — Pivot « blockchain sans les UCN » des acteurs financiers et des médias (2015);InfrastructureEvent;date;TEXT;2015;2015;annee;annee;;oui;;2015;non;ok;description : accord d'annee (2015 contre 2015)
e2157aa27a83bd481000c494d7f869e8;InfrastructureEvent — Pivot « blockchain sans les UCN » des acteurs financiers et des médias (2015);InfrastructureEvent;dateSource;TEXT;Thèse ch.I l.289;;indeterminee;libre;;non;;2015;;non_parsable;cle du perimetre qui ne porte PAS une date : reference bibliographique de la date (ex. « Sedgwick 2018e »), pas une date | aucune annee a quatre chiffres dans la valeur | description datee mais aucune annee derivee de la valeur : comparaison impossible, rien n'est conclu
e2c89bd57671472cb2f471d04c34bf76;InfrastructureEvent — Correction d’un bug de type 'Inflation';InfrastructureEvent;date;TEXT;2010-11-15;2010-11-15;jour;ISO-jour;;oui;;2010;non;ok;description : accord d'annee (2010 contre 2010-11-15)
e2c89bd57671472cb2f471d04c34bf76;InfrastructureEvent — Correction d’un bug de type 'Inflation';InfrastructureEvent;dateAuthority;TEXT;TIMELINE_FIGURE;;indeterminee;libre;;non;;2010;;non_parsable;cle du perimetre qui ne porte PAS une date : niveau de preuve de la date (AUTHOR_VERIFIED / EXTERNAL_VERIFICATION / TIMELINE_FIGURE), pas une date | aucune annee a quatre chiffres dans la valeur | description datee mais aucune annee derivee de la valeur : comparaison impossible, rien n'est conclu
e2c89bd57671472cb2f471d04c34bf76;InfrastructureEvent — Correction d’un bug de type 'Inflation';InfrastructureEvent;dateSource;TEXT;Thèse — Chronologie (figure) Chapitre I.2;;indeterminee;libre;;non;;2010;;non_parsable;cle du perimetre qui ne porte PAS une date : reference bibliographique de la date (ex. « Sedgwick 2018e »), pas une date | aucune annee a quatre chiffres dans la valeur | description datee mais aucune annee derivee de la valeur : comparaison impossible, rien n'est conclu
e318cea2b733450ca0992a87ead0b345;Lars 2019a;GreyLiterature|Reference;year;TEXT;2019;2019;annee;annee;;oui;;;;ok;
e33df7df4c104ad78995359efb104629;Massa 2015;GreyLiterature|Reference;year;TEXT;2015;2015;annee;annee;;oui;;;;ok;
e3742113c4674c52930e54ff203f0ac6;Bitcoin Scaling Debate;CrisisEvent;date;TEXT;2015-2017;;plage;plage-annees;;oui;;;;ok;plage d'annees 2015-2017 : normalized_iso reste vide, choisir une des deux bornes serait un arbitrage
e3a53b9423334b69be4434874d4d6be2;Hess 2008 — Mapping the New Commons;AcademicWork|Reference;year;TEXT;2008;2008;annee;annee;;oui;;;;ok;
e3a66f5b481943e2bf8276c057d70694;Sedgwick 2018d;GreyLiterature|Reference;consultedDate;TEXT;21 juillet 2020;2020-07-21;jour;libre;;non;;;;ok;date en toutes lettres (jour, mois, annee) : famille `libre` par convention de colonne, mais entierement derivable
e3a66f5b481943e2bf8276c057d70694;Sedgwick 2018d;GreyLiterature|Reference;date;TEXT;12 décembre 2018;2018-12-12;jour;libre;;oui;;;;ok;date en toutes lettres (jour, mois, annee) : famille `libre` par convention de colonne, mais entierement derivable | role « point » : accord d'annee avec year
e3a66f5b481943e2bf8276c057d70694;Sedgwick 2018d;GreyLiterature|Reference;year;TEXT;2018;2018;annee;annee;;oui;;;;ok;role « point » : accord d'annee avec date
e3b7d91585004ef7a392934a0b37292f;Ostrom 1990;Reference;year;TIME;1990-01-01T00:00:00.000Z;1990-01-01;jour;TIME-ISO-Z;;oui;;;;ok;cle `year` encodee en TIME au 1er janvier : la precision jour est un artefact d'encodage, la donnee utile est l'annee
e40978e2802744d7a53829ff97c1e9e6;PriceWindow — Parite BTC/$ ($1, debut 2011);PriceWindow;date;TEXT;2011-02;2011-02;mois;ISO-mois;;oui;;;;ok;
e479217680d4438aa57a2bcf32eed463;Duffield 2014;Reference;year;TEXT;2014;2014;annee;annee;;oui;;;;ok;
e489ca0c8d744b43b166d85119fa4ec3;Sedgwick 2019o;GreyLiterature|Reference;consultedDate;TEXT;21 juillet 2020;2020-07-21;jour;libre;;non;;;;ok;date en toutes lettres (jour, mois, annee) : famille `libre` par convention de colonne, mais entierement derivable
e489ca0c8d744b43b166d85119fa4ec3;Sedgwick 2019o;GreyLiterature|Reference;date;TEXT;26 janvier 2019;2019-01-26;jour;libre;;oui;;;;ok;date en toutes lettres (jour, mois, annee) : famille `libre` par convention de colonne, mais entierement derivable | role « point » : accord d'annee avec year
e489ca0c8d744b43b166d85119fa4ec3;Sedgwick 2019o;GreyLiterature|Reference;year;TEXT;2019;2019;annee;annee;;oui;;;;ok;role « point » : accord d'annee avec date
e57bb7366c66490b82597a1edab3d016;Wirdum 2019;GreyLiterature|Reference;year;TEXT;2019;2019;annee;annee;;oui;;;;ok;
e6e850b7b08d425cb99d3571fb995458;Entretien n°26;PrimarySource;dateInterview;TIME;2020-03-03T00:00:00.000Z;2020-03-03;jour;TIME-ISO-Z;;non;;;;ok;
e703deab353348fa820f62287c090cce;Walch 2019 — Deconstructing Decentralization;AcademicWork|Reference;year;TEXT;2019;2019;annee;annee;;oui;;;;ok;
e70690b67c514557baade09dd0410872;Russo 2020 Infinite Machine;Reference;year;TIME;2020-01-01T00:00:00.000Z;2020-01-01;jour;TIME-ISO-Z;;oui;;;;ok;cle `year` encodee en TIME au 1er janvier : la precision jour est un artefact d'encodage, la donnee utile est l'annee
e7825fb2b95343959119bcc866c0390f;InfrastructureEvent — Op_Return War (conflit sur les usages non-monétaires de Bitcoin);InfrastructureEvent;date;TEXT;2014;2014;annee;annee;;oui;;;;ok;
e7bf585ac0a8494c85afdc8eaedcc944;Observation participante n°8;PrimarySource;dateEvenement;TIME;2017-03-01T00:00:00.000Z;2017-03-01;jour;TIME-ISO-Z;;non;;;;ok;
e7daf0b469ff4a0a9dc9be81ac269477;Barlow 2016 — Declaration of Independence of Cyberspace;IndigenousLiterature|Reference;year;TEXT;2016;2016;annee;annee;;oui;;;;ok;
e7f6e3104c584a81847083ffe7626d5f;Observation participante n°9;PrimarySource;dateEvenement;TIME;2017-04-05T00:00:00.000Z;2017-04-05;jour;TIME-ISO-Z;;non;;;;ok;
e82afd03ea514828a61d96054971f6e0;Andolfatto 2013 — Why gold and bitcoin make lousy money;GreyLiterature|Reference;year;TEXT;2013;2013;annee;annee;;oui;;;;ok;
e842404ac62041138262f6fb317485f8;Bounie 2001 — Incidences bancaires paiement électronique;AcademicWork|Reference;year;TEXT;2001;2001;annee;annee;;oui;;;;ok;
e8798f2d51f74a519e8b5c7a55d7c8f6;Bier 2021c — Blocksize War Ch.8 Hong Kong Roundtable;AcademicWork|Reference;year;TEXT;2021;2021;annee;annee;;oui;;;;ok;
e94f426ef4b24efdb0a936bc1f5ee5ad;InfrastructureEvent — Emergence services KYC/AML (2012-2013);InfrastructureEvent;date;TEXT;2012;2012;annee;annee;;oui;;2012|2016;non;ok;description : accord d'annee (2012|2016 contre 2012)
e94f426ef4b24efdb0a936bc1f5ee5ad;InfrastructureEvent — Emergence services KYC/AML (2012-2013);InfrastructureEvent;dateSource;TEXT;"ECB 2012 ; Rauchs 2016, p. 58";;indeterminee;libre;;non;;2012|2016;;non_parsable;cle du perimetre qui ne porte PAS une date : reference bibliographique de la date (ex. « Sedgwick 2018e »), pas une date | ANNEES CITEES dans la valeur (non retenues comme date) : 2012, 2016 | description datee mais aucune annee derivee de la valeur : comparaison impossible, rien n'est conclu
e9b77ef3c0cc4f659881702b3bd36bac;Bier 2021f — Blocksize War Ch.18 New York Agreement;AcademicWork|Reference;year;TEXT;2021;2021;annee;annee;;oui;;;;ok;
eb0766a0711945a08d6e4c526615bfd7;CVE-2013-4627 — Memory exhaustion with excess tx message data;CrisisEvent;date;TEXT;08/02/2013;2013;jour;DD-MM-YYYY-ou-MM-DD-YYYY;oui;oui;;;;ok;ordre jour/mois indecidable : « 08/02/2013 » se lit 2013-02-08 (JJ/MM) ou 2013-08-02 (MM/JJ) , normalized_iso s'arrete a l'annee, aucune convention n'est appliquee
eb2cb7c7f3c44cd2b8d01fe8bbad5a5a;InfrastructureEvent — Dust limit (limite de poussière Bitcoin);InfrastructureEvent;date;TEXT;2010;2010;annee;annee;;oui;;2014;oui;ok;CONFLIT DESCRIPTION : la description ne cite que 2014 la ou date vaut 2010 — une description cite volontiers des annees qui ne sont pas la date de l'entite : signalement, pas erreur etablie
eb2cb7c7f3c44cd2b8d01fe8bbad5a5a;InfrastructureEvent — Dust limit (limite de poussière Bitcoin);InfrastructureEvent;dateSource;TEXT;Champagne 2014 p. 205-212;;indeterminee;libre;;non;;2014;;non_parsable;cle du perimetre qui ne porte PAS une date : reference bibliographique de la date (ex. « Sedgwick 2018e »), pas une date | ANNEES CITEES dans la valeur (non retenues comme date) : 2014 | description datee mais aucune annee derivee de la valeur : comparaison impossible, rien n'est conclu
eb5442d4616747d09e6015d4211cc7b9;May 1992 Crypto Anarchist Manifesto;Reference;year;TEXT;1992;1992;annee;annee;;oui;;;;ok;
ebc1a7feab2f4760b31d07a98bffde76;Immersion : Bêta-testeur Spell of Genesis (Counterparty);PrimarySource;dateDebut;TIME;2016-01-01T00:00:00.000Z;2016-01-01;jour;TIME-ISO-Z;;non;;;;ok;
ecb160978b5840e896ee6b720724ec6d;Erigon;ActorNonHuman;launchYear;TIME;2021-01-01T00:00:00.000Z;2021-01-01;jour;TIME-ISO-Z;;oui;;;;ok;
ece035efeb7e43e499c794e8b168e1d6;Entretien n°8;PrimarySource;dateInterview;TIME;2019-03-15T00:00:00.000Z;2019-03-15;jour;TIME-ISO-Z;;non;;;;ok;
ecfda0e51bd147e3bd0329a9bf4bbc6b;Galbraith 1976;AcademicWork|Reference;year;TEXT;1976;1976;annee;annee;;oui;;;;ok;
ed784dce6320f08fae83cf569b3e494d;Ethereum Hard Fork — Arrow Glacier;ProtocolChange;date;TEXT;2021-12-09;2021-12-09;jour;ISO-jour;;oui;;;;ok;
ed784dce6320f08fae83cf569b3e494d;Ethereum Hard Fork — Arrow Glacier;ProtocolChange;dateAuthority;TEXT;AUTHOR_VERIFIED;;indeterminee;libre;;non;;;;non_parsable;cle du perimetre qui ne porte PAS une date : niveau de preuve de la date (AUTHOR_VERIFIED / EXTERNAL_VERIFICATION / TIMELINE_FIGURE), pas une date | aucune annee a quatre chiffres dans la valeur
ed784dce6320f08fae83cf569b3e494d;Ethereum Hard Fork — Arrow Glacier;ProtocolChange;dateSource;TEXT;Chronologie des HF d'Ethereum V1 (M. Rolland) — constituee et verifiee par l'auteur, non mobilisee dans la these;;indeterminee;libre;;non;;;;non_parsable;cle du perimetre qui ne porte PAS une date : reference bibliographique de la date (ex. « Sedgwick 2018e »), pas une date | aucune annee a quatre chiffres dans la valeur
ed7b68eeb3114b32a7ab0baabd62cc5a;The DAO;SmartContract;year;TIME;2016-04-30T00:00:00.000Z;2016-04-30;jour;TIME-ISO-Z;;oui;;;;ok;cle `year` mais horodatage a une date precise (2016-04-30), pas au 1er janvier
ed9405953e3f41b7a1a6b29ce7603128;Simmel 2009 — Philosophie de l'argent;AcademicWork|Reference;year;TEXT;2009;2009;annee;annee;;oui;;;;ok;
ee7d24e80387457fb271f75f1db49446;PriceWindow — Pic décembre 2017 (~20 000$);PriceWindow;date;TEXT;2017-12;2017-12;mois;ISO-mois;;oui;;;;ok;
ee9911c3aa4c435582ccca09979c5000;CVE-2013-2272 — Remote discovery of node's wallet addresses;CrisisEvent;date;TEXT;11/01/2013;2013;jour;DD-MM-YYYY-ou-MM-DD-YYYY;oui;oui;;;;ok;ordre jour/mois indecidable : « 11/01/2013 » se lit 2013-01-11 (JJ/MM) ou 2013-11-01 (MM/JJ) , normalized_iso s'arrete a l'annee, aucune convention n'est appliquee
eed0b89cd2e740718059c16591f9bfb7;Phase de maturation;DevelopmentPhase;dateEnd;TIME;2015-12-31T00:00:00.000Z;2015-12-31;jour;TIME-ISO-Z;;oui;;;;ok;
eed0b89cd2e740718059c16591f9bfb7;Phase de maturation;DevelopmentPhase;dateStart;TIME;2013-01-01T00:00:00.000Z;2013-01-01;jour;TIME-ISO-Z;;oui;;;;ok;
eee2478423515dbe3553e41d9d635fb0;InfrastructureEvent — Coinbase : fondation (2012);InfrastructureEvent;date;TEXT;2012;2012;annee;annee;;oui;;2012|2014|2015|2017;non;ok;description : accord d'annee (2012|2014|2015|2017 contre 2012)
eee2478423515dbe3553e41d9d635fb0;InfrastructureEvent — Coinbase : fondation (2012);InfrastructureEvent;dateSource;TEXT;"Thèse fig. n°6 ; ch.I l.287";;indeterminee;libre;;non;;2012|2014|2015|2017;;non_parsable;cle du perimetre qui ne porte PAS une date : reference bibliographique de la date (ex. « Sedgwick 2018e »), pas une date | aucune annee a quatre chiffres dans la valeur | description datee mais aucune annee derivee de la valeur : comparaison impossible, rien n'est conclu
eeece02d7bd2411f94b4cffa2d816367;BIP-0034 — Mandatory block protocol update (Height in coinbase);CrisisEvent;date;TEXT;24/03/2013;2013-03-24;jour;DD-MM-YYYY-ou-MM-DD-YYYY;non;oui;;;;ok;ordre etabli sans convention : le groupe 24 depasse 12 et ne peut pas etre un mois (JJ/MM/AAAA)
eefe27284b08444cb1ddc05773972197;Allard 2017 — Bitcoin et exclus du système bancaire;GreyLiterature|Reference;year;TEXT;2017;2017;annee;annee;;oui;;;;ok;
ef24c1fb7a7040b49a2c1e0194355cf1;InfrastructureEvent — Premier minage GPU;InfrastructureEvent;date;TEXT;2010-04-01;2010-04-01;jour;ISO-jour;;oui;;2010;non;ok;description : accord d'annee (2010 contre 2010-04-01)
ef24c1fb7a7040b49a2c1e0194355cf1;InfrastructureEvent — Premier minage GPU;InfrastructureEvent;dateAuthority;TEXT;TIMELINE_FIGURE;;indeterminee;libre;;non;;2010;;non_parsable;cle du perimetre qui ne porte PAS une date : niveau de preuve de la date (AUTHOR_VERIFIED / EXTERNAL_VERIFICATION / TIMELINE_FIGURE), pas une date | aucune annee a quatre chiffres dans la valeur | description datee mais aucune annee derivee de la valeur : comparaison impossible, rien n'est conclu
ef24c1fb7a7040b49a2c1e0194355cf1;InfrastructureEvent — Premier minage GPU;InfrastructureEvent;dateSource;TEXT;Thèse — Chronologie (figure) Chapitre I.2;;indeterminee;libre;;non;;2010;;non_parsable;cle du perimetre qui ne porte PAS une date : reference bibliographique de la date (ex. « Sedgwick 2018e »), pas une date | aucune annee a quatre chiffres dans la valeur | description datee mais aucune annee derivee de la valeur : comparaison impossible, rien n'est conclu
ef4dc40dd6a242019dc88551d68bbd7a;InfrastructureEvent — SourceForge Bitcoin repo (Martti Malmi, 2009);InfrastructureEvent;date;TEXT;2009-10-30;2009-10-30;jour;ISO-jour;;oui;;;;ok;
efcb014295ad48a2879ab30024573972;Sedgwick 2019h;Reference;consultedDate;TEXT;21 juillet 2020;2020-07-21;jour;libre;;non;;;;ok;date en toutes lettres (jour, mois, annee) : famille `libre` par convention de colonne, mais entierement derivable
efcb014295ad48a2879ab30024573972;Sedgwick 2019h;Reference;date;TEXT;25 août 2019;2019-08-25;jour;libre;;oui;;;;ok;date en toutes lettres (jour, mois, annee) : famille `libre` par convention de colonne, mais entierement derivable | role « point » : accord d'annee avec year
efcb014295ad48a2879ab30024573972;Sedgwick 2019h;Reference;year;TEXT;2019;2019;annee;annee;;oui;;;;ok;role « point » : accord d'annee avec date
f0da0d7be8df47b98cdb86fd6ee83033;InfrastructureEvent — Trezor (premier hardware wallet, SatoshiLabs, 2013);InfrastructureEvent;date;TEXT;2013;2013;annee;annee;;oui;;2014;oui;ok;CONFLIT DESCRIPTION : la description ne cite que 2014 la ou date vaut 2013 — une description cite volontiers des annees qui ne sont pas la date de l'entite : signalement, pas erreur etablie
f0da0d7be8df47b98cdb86fd6ee83033;InfrastructureEvent — Trezor (premier hardware wallet, SatoshiLabs, 2013);InfrastructureEvent;dateSource;TEXT;SatoshiLabs 2019;;indeterminee;libre;;non;;2014;;non_parsable;cle du perimetre qui ne porte PAS une date : reference bibliographique de la date (ex. « Sedgwick 2018e »), pas une date | ANNEES CITEES dans la valeur (non retenues comme date) : 2019 | description datee mais aucune annee derivee de la valeur : comparaison impossible, rien n'est conclu
f192347519d44d48934b740b73a73f27;Tirole 2017 Enigma Bitcoin;Reference;year;TIME;2017-01-01T00:00:00.000Z;2017-01-01;jour;TIME-ISO-Z;;oui;;;;ok;cle `year` encodee en TIME au 1er janvier : la precision jour est un artefact d'encodage, la donnee utile est l'annee
f1927b1b6c9371e1df03b058f3d8c408;InfrastructureEvent — Publication de « The Second Bitcoin Whitepaper » (Willett, janvier 2012);InfrastructureEvent;date;TEXT;2012-01;2012-01;mois;ISO-mois;;oui;;2012-01|2013-07;non;ok;description : accord d'annee (2012-01|2013-07 contre 2012-01)
f1927b1b6c9371e1df03b058f3d8c408;InfrastructureEvent — Publication de « The Second Bitcoin Whitepaper » (Willett, janvier 2012);InfrastructureEvent;dateSource;TEXT;Thèse ch.I l.373;;indeterminee;libre;;non;;2012-01|2013-07;;non_parsable;cle du perimetre qui ne porte PAS une date : reference bibliographique de la date (ex. « Sedgwick 2018e »), pas une date | aucune annee a quatre chiffres dans la valeur | description datee mais aucune annee derivee de la valeur : comparaison impossible, rien n'est conclu
f1ac6b2f9f9e4aa8a2d897d46f17a9d8;Entretien n°7;PrimarySource;dateInterview;TIME;2019-03-06T00:00:00.000Z;2019-03-06;jour;TIME-ISO-Z;;non;;;;ok;
f1f5f685ade34944a686ff28416c4700;Kumar Jain 2023;AcademicWork|Reference;year;TEXT;2023;2023;annee;annee;;oui;;;;ok;
f2030779829a48329a4095c0288ef513;Sedgwick 2019a;Reference;consultedDate;TEXT;21 juillet 2020;2020-07-21;jour;libre;;non;;;;ok;date en toutes lettres (jour, mois, annee) : famille `libre` par convention de colonne, mais entierement derivable
f2030779829a48329a4095c0288ef513;Sedgwick 2019a;Reference;date;TEXT;19 décembre 2019;2019-12-19;jour;libre;;oui;;;;ok;date en toutes lettres (jour, mois, annee) : famille `libre` par convention de colonne, mais entierement derivable | role « point » : accord d'annee avec year
f2030779829a48329a4095c0288ef513;Sedgwick 2019a;Reference;year;TEXT;2019;2019;annee;annee;;oui;;;;ok;role « point » : accord d'annee avec date
f218069dfe51432f98163fa6991abef1;Varoufakis 2020 — Why Bitcoin is not a socialist's ally;GreyLiterature|Reference;year;TEXT;2020;2020;annee;annee;;oui;;;;ok;
f28b9ec90edb4d7782ce4827a9cf9834;InfrastructureEvent — Premier minage FPGA (2011);InfrastructureEvent;date;TEXT;2011;2011;annee;annee;;oui;;;;ok;
f38c133912434110920093c16b4ce1bc;Capability — Minage industriel ASIC;Capability;period;TEXT;2013-;;plage;plage-annees;;non;;;;ok;plage ouverte a droite (« 2013- ») : debut 2013, fin non declaree
f3eb0531dc0d43e89545e0458f26a59e;Entretien n°16;PrimarySource;dateInterview;TIME;2019-06-27T00:00:00.000Z;2019-06-27;jour;TIME-ISO-Z;;non;;;;ok;
f420ad44b02844fa853e4035b9ad224e;Bowker 1996 — History of Information Infrastructures;AcademicWork|Reference;year;TEXT;1996;1996;annee;annee;;oui;;;;ok;
f42300a97eb0484082ebad01ab1727d7;Assouan 2018 — Banque de France bitcoin cryptoactifs;GreyLiterature|Reference;year;TEXT;2018;2018;annee;annee;;oui;;;;ok;
f4bf1b02802f4f91b607a50377f06114;Polanyi 1944 / 2011;Reference;year;TIME;1944-01-01T00:00:00.000Z;1944-01-01;jour;TIME-ISO-Z;;oui;;;;ok;cle `year` encodee en TIME au 1er janvier : la precision jour est un artefact d'encodage, la donnee utile est l'annee
f5161f664dbd43929b59d560548ddd87;InfrastructureEvent — Lancement Darkcoin / Dash (2014);InfrastructureEvent;date;TEXT;18/01/2014;2014-01-18;jour;DD-MM-YYYY-ou-MM-DD-YYYY;non;oui;;2014-01|2015;non;ok;ordre etabli sans convention : le groupe 18 depasse 12 et ne peut pas etre un mois (JJ/MM/AAAA) | description : accord d'annee (2014-01|2015 contre 2014-01-18)
f535babd17f4456bae93f6e02cb93337;InfrastructureEvent — New York Agreement : tentative de conciliation Scaling Debate (mai 2017);InfrastructureEvent;date;TEXT;2017-05;2017-05;mois;ISO-mois;;oui;;2017-05;non;ok;description : accord d'annee (2017-05 contre 2017-05)
f5dab651c4eb4593bd35faf54bf9a33a;Observation participante n°18;PrimarySource;dateEvenement;TIME;2018-03-10T00:00:00.000Z;2018-03-10;jour;TIME-ISO-Z;;non;;;;ok;
f5fd3b0f03fa4e11af9b54455a81cdd7;CVE-2012-4684 — Network-wide DoS using malleable signatures in alerts;CrisisEvent;date;TEXT;24/08/2012;2012-08-24;jour;DD-MM-YYYY-ou-MM-DD-YYYY;non;oui;;;;ok;ordre etabli sans convention : le groupe 24 depasse 12 et ne peut pas etre un mois (JJ/MM/AAAA)
f61b74d4d7a244adbbff304f96829bcc;Entretien n°23;PrimarySource;dateInterview;TIME;2020-02-14T00:00:00.000Z;2020-02-14;jour;TIME-ISO-Z;;non;;;;ok;
f61cf0e8dd364f36994896e296489f6b;Immersion : Minage individuel (Minergate);PrimarySource;dateDebut;TIME;2016-05-01T00:00:00.000Z;2016-05-01;jour;TIME-ISO-Z;;non;;;;ok;
f6f684376ae1449189b28f097a07fc6f;Bitmex Research 2018 Implementations;Reference;year;TIME;2018-01-01T00:00:00.000Z;2018-01-01;jour;TIME-ISO-Z;;oui;;;;ok;cle `year` encodee en TIME au 1er janvier : la precision jour est un artefact d'encodage, la donnee utile est l'annee
f6f9cab24c7b4c70b51e4c764803da2d;Friedman B. 1999 — Future of monetary policy;AcademicWork|Reference;year;TEXT;1999;1999;annee;annee;;oui;;;;ok;
f70403d82d894d4daa466a00d34c7570;Reitwiessner 2016 — Smart Contract Security;IndigenousLiterature|Reference;year;TEXT;2016;2016;annee;annee;;oui;;;;ok;
f718464a559d41e59af935f56dc99fdd;BIP-141/143/147 — SegWit;ProtocolProposal;year;TEXT;2015-2017;;plage;plage-annees;;oui;;;;ok;plage d'annees 2015-2017 : normalized_iso reste vide, choisir une des deux bornes serait un arbitrage
f745b5915c8c45f48371d2136155ba94;May 1994 — Cyphernomicon;IndigenousLiterature|Reference;year;TEXT;1994;1994;annee;annee;;oui;;;;ok;
f77fee10399c40a89d321ea884a70b79;Saturation des capacités de traitement de Bitcoin (2017);Concept;period;TEXT;2017 surtout;;indeterminee;libre;;non;;;;non_parsable;ANNEES CITEES dans la valeur (non retenues comme date) : 2017
f8cf5fce5ed54a0291b3816d301bb148;Aglietta 1988 — L'ambivalence de l'argent;AcademicWork|Reference;year;TEXT;1988;1988;annee;annee;;oui;;;;ok;
f8d9b4f12815491ba6ad9d2caa0387db;Andresen 2016;GreyLiterature|Reference;year;TEXT;2016;2016;annee;annee;;oui;;;;ok;
f8deca339df74733b7fbba18a90de6f0;Entretien n°9;PrimarySource;dateInterview;TIME;2019-03-13T00:00:00.000Z;2019-03-13;jour;TIME-ISO-Z;;non;;;;ok;
f8fb83d515424bad916e03ff5956d56d;Andresen 2012 — Blockchain Rule Update Process;IndigenousLiterature|Reference;year;TEXT;2012;2012;annee;annee;;oui;;;;ok;
f979ff6cc3cd4861b1de30ec72463c7c;BIP-148 — Soft fork: SegWit UASF;CrisisEvent;date;TEXT;12/03/2017;2017;jour;DD-MM-YYYY-ou-MM-DD-YYYY;oui;oui;;;;ok;ordre jour/mois indecidable : « 12/03/2017 » se lit 2017-03-12 (JJ/MM) ou 2017-12-03 (MM/JJ) , normalized_iso s'arrete a l'annee, aucune convention n'est appliquee
f9dffa750bf5466eb6ab2c836395672c;Star 1999 Ethnography Infrastructure;Reference;year;TIME;1999-01-01T00:00:00.000Z;1999-01-01;jour;TIME-ISO-Z;;oui;;;;ok;cle `year` encodee en TIME au 1er janvier : la precision jour est un artefact d'encodage, la donnee utile est l'annee
f9f289de35d14463999022184a680479;InfrastructureEvent — Fondation Bitcoin (fin 2012);InfrastructureEvent;date;TEXT;2012;2012;annee;annee;;oui;;2012|2016;non;ok;description : accord d'annee (2012|2016 contre 2012)
f9f289de35d14463999022184a680479;InfrastructureEvent — Fondation Bitcoin (fin 2012);InfrastructureEvent;dateSource;TEXT;Rauchs 2016, p. 12;;indeterminee;libre;;non;;2012|2016;;non_parsable;cle du perimetre qui ne porte PAS une date : reference bibliographique de la date (ex. « Sedgwick 2018e »), pas une date | ANNEES CITEES dans la valeur (non retenues comme date) : 2016 | description datee mais aucune annee derivee de la valeur : comparaison impossible, rien n'est conclu
fa4fa618b73a418f9edb30ae70538f00;Lee 2011 — Litecoin launch announcement;Reference;year;TEXT;2011;2011;annee;annee;;oui;;;;ok;
fa666856c4f246b598664a99053dceee;Sedgwick 2018g;Reference;consultedDate;TEXT;21 juillet 2020;2020-07-21;jour;libre;;non;;;;ok;date en toutes lettres (jour, mois, annee) : famille `libre` par convention de colonne, mais entierement derivable
fa666856c4f246b598664a99053dceee;Sedgwick 2018g;Reference;date;TEXT;27 novembre 2018;2018-11-27;jour;libre;;oui;;;;ok;date en toutes lettres (jour, mois, annee) : famille `libre` par convention de colonne, mais entierement derivable | role « point » : accord d'annee avec year
fa666856c4f246b598664a99053dceee;Sedgwick 2018g;Reference;year;TEXT;2018;2018;annee;annee;;oui;;;;ok;role « point » : accord d'annee avec date
fa805d2b30894bf0a39d621406b22cbe;InfrastructureEvent — Doge4Water et campagnes caritatives Dogecoin (2014);InfrastructureEvent;date;TEXT;2014;2014;annee;annee;;oui;;2014;non;ok;description : accord d'annee (2014 contre 2014)
fb0bb535e9014c58b7fb73151258f67b;InfrastructureEvent — Première transaction Bitcoin (Nakamoto → Finney);InfrastructureEvent;date;TEXT;2009-01-12;2009-01-12;jour;ISO-jour;;oui;;2009-01;non;ok;description : accord d'annee (2009-01 contre 2009-01-12)
fb0bb535e9014c58b7fb73151258f67b;InfrastructureEvent — Première transaction Bitcoin (Nakamoto → Finney);InfrastructureEvent;dateAuthority;TEXT;TIMELINE_FIGURE;;indeterminee;libre;;non;;2009-01;;non_parsable;cle du perimetre qui ne porte PAS une date : niveau de preuve de la date (AUTHOR_VERIFIED / EXTERNAL_VERIFICATION / TIMELINE_FIGURE), pas une date | aucune annee a quatre chiffres dans la valeur | description datee mais aucune annee derivee de la valeur : comparaison impossible, rien n'est conclu
fb0bb535e9014c58b7fb73151258f67b;InfrastructureEvent — Première transaction Bitcoin (Nakamoto → Finney);InfrastructureEvent;dateSource;TEXT;Thèse — Chronologie (figure) Chapitre I.2;;indeterminee;libre;;non;;2009-01;;non_parsable;cle du perimetre qui ne porte PAS une date : reference bibliographique de la date (ex. « Sedgwick 2018e »), pas une date | aucune annee a quatre chiffres dans la valeur | description datee mais aucune annee derivee de la valeur : comparaison impossible, rien n'est conclu
fb0eeba9b7474ed286cdb934791d022d;Guerre des blocs (Blocksize War);GovernanceConflict;period;TEXT;2015-2017 (effets durables, toujours actif 2026);;indeterminee;libre;;non;;;;non_parsable;ANNEES CITEES dans la valeur (non retenues comme date) : 2015, 2017, 2026
fb35a999cb884cb0b95477677b5d9b0c;Kharpal 2017;GreyLiterature|Reference;year;TEXT;2017;2017;annee;annee;;oui;;;;ok;
fb4d19f9cec5420fbadd1b074d7872a4;InfrastructureEvent — Annulation du New York Agreement / SegWit2x (novembre 2017);InfrastructureEvent;date;TEXT;11/11/2017;2017;jour;DD-MM-YYYY-ou-MM-DD-YYYY;oui;oui;;2017-11;non;ok;ordre jour/mois indecidable (11/11) mais les deux groupes sont egaux : les deux lectures donnent la meme date 2017-11-11 — normalized_iso s'arrete tout de meme a l'annee, aucune lecture n'etant etablie | description : accord d'annee (2017-11 contre 2017)
fb8879ffb00d42e08622b85212da0cbc;Rosenfeld et al. 2013;IndigenousLiterature|Reference;year;TEXT;2013;2013;annee;annee;;oui;;;;ok;
fc15b39971ef481991580da9aa7cdaee;Théret 2012 — Du keynésianisme au libertarianisme;AcademicWork|Reference;year;TEXT;2012;2012;annee;annee;;oui;;;;ok;
fc33fb06d95b42a09a1e08dae5fe8c87;CVE-2017-18350 — Buffer overflow from SOCKS proxy;CrisisEvent;date;TEXT;22/06/2019;2019-06-22;jour;DD-MM-YYYY-ou-MM-DD-YYYY;non;oui;;;;ok;ordre etabli sans convention : le groupe 22 depasse 12 et ne peut pas etre un mois (JJ/MM/AAAA)
fc4e9effdd7b4f34b8286637a2ec0dd8;Observation participante n°11;PrimarySource;dateEvenement;TIME;2017-05-03T00:00:00.000Z;2017-05-03;jour;TIME-ISO-Z;;non;;;;ok;
fc5ad50cc59d417c9afd05b437a42366;Parity Multisig Freeze (novembre 2017);CrisisEvent;date;TEXT;6 novembre 2017;2017-11-06;jour;libre;;oui;;;;ok;date en toutes lettres (jour, mois, annee) : famille `libre` par convention de colonne, mais entierement derivable
fcddab6ea50c4380a94c2d5dc8b00480;InfrastructureEvent — BitGo lève 12 millions $ (portefeuille multi-sig, 2014);InfrastructureEvent;date;TEXT;13/05/2014;2014-05-13;jour;DD-MM-YYYY-ou-MM-DD-YYYY;non;oui;;2014-05;non;ok;ordre etabli sans convention : le groupe 13 depasse 12 et ne peut pas etre un mois (JJ/MM/AAAA) | description : accord d'annee (2014-05 contre 2014-05-13)
fd65f418b8f248caa5867f4485228eb7;Tasca & Liu 2018;Reference;year;TEXT;2018;2018;annee;annee;;oui;;;;ok;
fda844ff24dc4fe6882516b72e6d71ce;InfrastructureEvent — BIP-0001 : institutionnalisation du processus de développement Bitcoin;InfrastructureEvent;date;TEXT;2011;2011;annee;annee;;oui;;2011;non;ok;description : accord d'annee (2011 contre 2011)
fdafe6e12c094113a2e2ba841b4e324e;Garzik 2014b;IndigenousLiterature|Reference;year;TEXT;2014;2014;annee;annee;;oui;;;;ok;
feb3b3b528af4403a43cb63516a4f212;InfrastructureEvent — ICANN : gouvernance centralisée du DNS (cible cypherpunk);InfrastructureEvent;date;TEXT;1998;1998;annee;annee;;oui;;2014;oui;anterieure_a_2008_sur_entite_crypto;CONFLIT DESCRIPTION : la description ne cite que 2014 la ou date vaut 1998 — une description cite volontiers des annees qui ne sont pas la date de l'entite : signalement, pas erreur etablie | date 1998 anterieure au 31/10/2008 (livre blanc Bitcoin) sur une entite de type InfrastructureEvent
feb3b3b528af4403a43cb63516a4f212;InfrastructureEvent — ICANN : gouvernance centralisée du DNS (cible cypherpunk);InfrastructureEvent;dateSource;TEXT;DeNardis et Musiani 2014;;indeterminee;libre;;non;;2014;;non_parsable;cle du perimetre qui ne porte PAS une date : reference bibliographique de la date (ex. « Sedgwick 2018e »), pas une date | ANNEES CITEES dans la valeur (non retenues comme date) : 2014 | description datee mais aucune annee derivee de la valeur : comparaison impossible, rien n'est conclu
ff72ee3a66e147bea1e07ee959bf612e;Gratsac-Legendre 2017;AcademicWork|Reference;year;TEXT;2017;2017;annee;annee;;oui;;;;ok;
ffef0b73382d4670bdf83e9aae4c24e6;Berry 2012 — Ethnographie sur Internet;AcademicWork|Reference;year;TEXT;2012;2012;annee;annee;;oui;;;;ok;
